order_id,customer_id,order_date,region_id,channel,product_id,units,unit_price,order_value,satisfaction_score,repeat_customer
1,198,2024-02-16,1,Boutique,9,2,7756.91,14356.64,4,Yes
2,2195,2024-07-22,1,Boutique,8,3,9400.29,26134.93,3,Yes
3,1599,2023-07-18,1,Boutique,22,1,1263.19,1173.17,3,Yes
4,1601,2025-02-13,1,Online,16,1,4000.34,3746.5,3,Yes
5,684,2024-01-24,6,Boutique,8,1,9400.29,9380.48,4,Yes
6,333,2024-04-18,3,Online,24,2,426.87,893.12,4,Yes
7,1244,2025-02-03,8,Boutique,26,3,602.77,1746.09,4,Yes
8,1422,2024-08-14,6,Boutique,22,2,1263.19,2625.73,4,Yes
9,1366,2025-12-31,5,Boutique,18,1,1879.61,1962.03,4,Yes
10,1822,2025-09-08,6,Online,5,1,1450.83,1545.6,3,Yes
11,1492,2025-09-20,9,Online,20,1,1505.97,1421.48,5,Yes
12,1772,2023-06-17,1,Boutique,12,2,7775.57,14644.28,3,Yes
13,2011,2023-10-11,1,Boutique,6,1,1450.79,1363.07,5,Yes
14,1213,2025-11-25,8,Boutique,2,1,2881.29,2816.43,5,Yes
15,1144,2025-04-03,10,Boutique,4,1,2247.59,2243.78,3,Yes
16,105,2025-06-09,1,Online,16,2,4000.34,7951.54,4,Yes
17,807,2023-05-14,5,Boutique,24,2,426.87,820.55,4,Yes
18,1065,2023-05-02,6,Boutique,14,1,4139.23,4220.01,4,Yes
19,889,2025-04-12,2,Online,17,1,1526.79,1487.28,3,Yes
20,321,2025-10-18,3,Boutique,19,3,1731.11,5082.05,4,Yes
21,1501,2025-06-13,8,Boutique,4,1,2247.59,2105.73,4,Yes
22,1569,2023-10-16,2,Boutique,18,2,1879.61,3814.69,3,Yes
23,1797,2025-12-12,6,Online,12,2,7775.57,15937.51,5,Yes
24,1520,2025-12-10,6,Boutique,2,1,2881.29,3000.21,4,Yes
25,1919,2025-04-18,4,Boutique,6,2,1450.79,3089.14,3,Yes
26,1866,2025-06-30,1,Online,6,1,1450.79,1512.54,3,Yes
27,1406,2023-02-09,6,Boutique,3,2,2487.59,4764.82,4,Yes
28,1505,2023-09-07,6,Online,8,3,9400.29,27008.11,3,Yes
29,1960,2023-08-06,5,Private Client,12,1,7775.57,8291.98,2,Yes
30,5,2023-06-28,1,Online,3,2,2487.59,5206.13,3,Yes
31,2082,2023-07-02,10,Online,2,2,2881.29,6022.81,3,Yes
32,1169,2024-12-05,10,Boutique,21,3,2018.96,6269.8,4,Yes
33,348,2024-05-11,2,Boutique,23,1,395.7,380.96,4,Yes
34,1766,2024-08-19,6,Online,1,1,1844.17,1946.68,3,Yes
35,125,2024-04-05,1,Boutique,18,2,1879.61,3544.42,3,Yes
36,1814,2024-04-18,4,Online,18,1,1879.61,1834.5,4,Yes
37,498,2024-11-15,4,Private Client,8,1,9400.29,9169.38,5,Yes
38,1177,2025-11-26,5,Boutique,26,3,602.77,1825.71,4,Yes
39,53,2023-11-15,8,Boutique,22,1,1263.19,1255.8,3,No
40,149,2023-12-22,6,Online,14,2,4139.23,8225.22,3,Yes
41,503,2024-09-08,8,Online,13,1,7115.72,7176.71,4,Yes
42,870,2023-08-17,9,Online,15,1,3992.76,3938.73,3,Yes
43,219,2024-12-29,4,Online,15,2,3992.76,7666.08,4,Yes
44,1301,2024-07-14,6,Online,13,1,7115.72,7302.57,3,Yes
45,2131,2024-09-26,4,Online,4,2,2247.59,4704.21,3,Yes
46,738,2024-04-03,6,Boutique,4,2,2247.59,4480.07,3,Yes
47,290,2023-01-25,1,Online,5,2,1450.83,2971.06,4,Yes
48,339,2024-01-05,10,Boutique,3,2,2487.59,5003.33,5,Yes
49,1694,2025-10-08,1,Boutique,12,1,7775.57,7226.92,3,Yes
50,1869,2024-09-02,6,Boutique,20,1,1505.97,1487.44,4,Yes
51,987,2023-04-19,6,Boutique,12,1,7775.57,7165.78,5,Yes
52,959,2024-12-20,6,Boutique,20,1,1505.97,1544.98,3,Yes
53,1231,2024-03-07,1,Boutique,7,1,4390.12,4395.85,4,Yes
54,1289,2025-10-28,5,Boutique,7,1,4390.12,4128.0,2,No
55,2007,2024-09-27,6,Boutique,1,1,1844.17,1856.62,4,Yes
56,373,2024-01-02,1,Boutique,12,2,7775.57,16542.5,5,Yes
57,1512,2025-07-13,5,Online,3,3,2487.59,7272.31,3,Yes
58,531,2024-02-18,7,Online,15,1,3992.76,4300.92,4,Yes
59,924,2023-12-22,6,Online,9,3,7756.91,24981.15,3,Yes
60,23,2023-01-11,10,Boutique,22,1,1263.19,1320.85,4,Yes
61,2152,2023-03-06,5,Online,22,2,1263.19,2653.22,4,Yes
62,241,2023-05-05,3,Boutique,20,2,1505.97,2968.83,4,Yes
63,1005,2023-11-08,1,Boutique,26,2,602.77,1186.74,3,Yes
64,1897,2025-02-13,8,Online,9,2,7756.91,16641.73,4,Yes
65,1166,2025-09-28,6,Online,14,3,4139.23,12151.84,5,Yes
66,814,2025-05-22,6,Online,28,1,488.98,457.44,3,Yes
67,655,2024-11-24,1,Online,3,2,2487.59,4698.72,4,Yes
68,783,2025-09-16,10,Boutique,8,1,9400.29,9716.74,3,Yes
69,8,2025-03-09,8,Online,6,1,1450.79,1423.63,2,Yes
70,1715,2024-11-04,7,Online,12,2,7775.57,14803.05,3,Yes
71,575,2025-06-30,1,Online,2,3,2881.29,9077.84,3,Yes
72,912,2024-02-10,6,Online,3,2,2487.59,4966.16,4,No
73,518,2025-09-22,3,Boutique,14,1,4139.23,4184.03,4,Yes
74,1542,2025-11-06,4,Boutique,17,1,1526.79,1442.25,3,Yes
75,483,2024-09-28,6,Boutique,3,2,2487.59,4730.6,4,Yes
76,579,2025-06-08,1,Boutique,4,1,2247.59,2113.04,4,Yes
77,387,2024-05-03,6,Boutique,15,3,3992.76,12006.15,3,Yes
78,412,2023-08-27,1,Boutique,22,1,1263.19,1318.9,4,Yes
79,1866,2023-06-29,1,Private Client,26,3,602.77,1875.52,3,Yes
80,1394,2023-11-13,5,Online,7,2,4390.12,8444.81,3,Yes
81,1377,2023-08-20,6,Online,19,1,1731.11,1828.48,3,Yes
82,1968,2023-11-27,6,Boutique,14,1,4139.23,3878.07,4,Yes
83,1360,2024-07-14,1,Boutique,16,2,4000.34,7506.62,4,Yes
84,906,2025-08-06,5,Online,27,2,356.86,753.61,3,Yes
85,1313,2023-09-05,2,Boutique,13,1,7115.72,6824.74,4,Yes
86,963,2023-10-10,8,Online,23,2,395.7,817.75,3,Yes
87,965,2025-07-28,2,Private Client,20,1,1505.97,1387.68,3,Yes
88,2188,2023-02-01,2,Boutique,17,1,1526.79,1427.51,5,Yes
89,1977,2024-06-13,2,Online,17,1,1526.79,1553.49,5,Yes
90,1037,2024-01-16,4,Boutique,24,2,426.87,810.36,4,Yes
91,664,2023-03-04,4,Online,10,1,8420.05,7784.46,3,Yes
92,825,2023-05-08,1,Boutique,7,1,4390.12,4366.9,3,Yes
93,1888,2023-06-12,6,Boutique,20,2,1505.97,2930.27,3,Yes
94,992,2025-08-15,1,Online,17,2,1526.79,3201.25,4,Yes
95,1133,2023-10-22,8,Online,22,1,1263.19,1327.63,3,Yes
96,2197,2023-06-28,1,Online,27,1,356.86,363.39,3,Yes
97,1740,2023-08-17,5,Boutique,12,2,7775.57,15036.17,3,Yes
98,1084,2025-06-01,1,Online,11,1,3218.81,3199.05,4,Yes
99,435,2024-01-29,7,Online,10,3,8420.05,26077.59,3,Yes
100,21,2024-11-22,5,Private Client,23,1,395.7,368.43,4,Yes
101,1926,2023-03-13,7,Private Client,22,1,1263.19,1229.34,4,Yes
102,1473,2023-11-14,5,Online,28,2,488.98,1028.4,4,Yes
103,1100,2024-08-17,4,Online,22,2,1263.19,2488.39,4,Yes
104,390,2024-01-14,2,Boutique,8,1,9400.29,9587.8,4,Yes
105,1355,2025-06-25,10,Boutique,15,1,3992.76,3734.88,3,Yes
106,426,2023-05-16,9,Boutique,22,1,1263.19,1319.18,4,Yes
107,1726,2024-12-30,1,Online,18,1,1879.61,1759.45,3,Yes
108,1030,2025-06-24,4,Online,23,1,395.7,418.59,4,Yes
109,6,2024-06-13,10,Online,13,2,7115.72,13335.66,3,Yes
110,191,2025-07-23,6,Boutique,26,2,602.77,1280.94,2,Yes
111,148,2024-10-27,1,Boutique,16,1,4000.34,3913.15,3,Yes
112,405,2024-06-06,6,Boutique,13,2,7115.72,14515.0,4,Yes
113,258,2024-01-22,1,Boutique,4,1,2247.59,2372.21,3,Yes
114,2138,2024-07-27,10,Boutique,11,2,3218.81,5933.16,4,Yes
115,824,2024-08-05,7,Private Client,27,2,356.86,686.96,3,Yes
116,10,2024-07-26,1,Boutique,19,2,1731.11,3688.42,3,Yes
117,1111,2024-10-05,5,Boutique,8,1,9400.29,9232.1,3,No
118,838,2024-07-26,6,Boutique,10,1,8420.05,8698.08,4,Yes
119,988,2025-05-19,9,Private Client,12,1,7775.57,7327.71,4,Yes
120,625,2024-06-30,6,Online,28,1,488.98,502.94,4,Yes
121,30,2024-03-13,1,Boutique,21,2,2018.96,3762.15,3,Yes
122,2176,2024-07-08,1,Private Client,20,1,1505.97,1558.34,4,Yes
123,1079,2023-04-21,3,Boutique,11,1,3218.81,3128.07,4,Yes
124,546,2024-06-10,6,Boutique,20,2,1505.97,2995.48,3,Yes
125,1129,2023-06-26,1,Boutique,21,1,2018.96,1911.15,4,Yes
126,1196,2024-11-04,10,Boutique,28,2,488.98,997.96,3,Yes
127,1523,2024-09-15,10,Online,4,2,2247.59,4378.35,3,Yes
128,2070,2025-08-01,6,Private Client,19,1,1731.11,1698.81,2,Yes
129,617,2024-04-17,1,Online,20,1,1505.97,1542.64,4,Yes
130,149,2025-09-20,6,Boutique,10,2,8420.05,15974.82,3,Yes
131,1812,2025-05-28,1,Boutique,15,3,3992.76,12652.91,4,Yes
132,172,2023-06-19,7,Boutique,13,1,7115.72,7388.15,5,No
133,47,2025-10-10,6,Boutique,13,1,7115.72,7204.22,5,Yes
134,626,2023-02-25,7,Boutique,21,1,2018.96,1898.9,4,Yes
135,1811,2023-11-21,9,Boutique,28,2,488.98,1007.24,3,Yes
136,453,2024-10-19,6,Online,18,1,1879.61,1734.68,2,Yes
137,1419,2025-08-14,6,Online,7,3,4390.12,13811.8,3,Yes
138,754,2023-09-17,5,Boutique,14,1,4139.23,4009.29,3,Yes
139,1009,2024-10-02,3,Boutique,5,2,1450.83,2723.94,4,Yes
140,1134,2024-07-15,1,Boutique,9,1,7756.91,7340.51,3,Yes
141,1226,2023-12-06,1,Boutique,22,1,1263.19,1356.79,4,Yes
142,168,2024-02-08,3,Boutique,27,1,356.86,372.5,3,Yes
143,86,2024-06-15,8,Boutique,17,2,1526.79,2925.51,4,Yes
144,1678,2025-03-05,1,Online,25,2,464.55,998.0,4,Yes
145,1983,2025-10-30,1,Private Client,5,1,1450.83,1367.29,3,Yes
146,849,2024-08-16,6,Boutique,16,3,4000.34,12449.43,3,Yes
147,1487,2024-09-08,1,Online,9,1,7756.91,7951.44,4,Yes
148,442,2024-10-13,10,Boutique,17,1,1526.79,1605.32,2,Yes
149,271,2024-12-14,6,Private Client,18,1,1879.61,1844.03,5,Yes
150,1601,2023-12-10,1,Boutique,3,1,2487.59,2448.52,3,Yes
151,344,2023-02-15,1,Boutique,28,3,488.98,1496.18,4,Yes
152,1207,2025-06-22,6,Boutique,5,1,1450.83,1427.2,3,Yes
153,1258,2023-02-24,5,Boutique,22,1,1263.19,1170.49,4,Yes
154,1533,2025-05-05,3,Boutique,21,3,2018.96,6279.49,3,Yes
155,267,2024-10-21,1,Private Client,17,1,1526.79,1561.22,4,Yes
156,1654,2023-04-21,10,Online,20,2,1505.97,2975.18,3,Yes
157,893,2025-11-04,8,Boutique,22,3,1263.19,3670.02,4,Yes
158,239,2023-03-19,6,Boutique,4,1,2247.59,2183.12,2,Yes
159,915,2024-05-15,6,Online,4,1,2247.59,2334.27,4,Yes
160,1439,2024-08-10,10,Online,21,2,2018.96,4185.97,2,Yes
161,1461,2024-02-22,3,Online,24,2,426.87,897.3,4,Yes
162,1882,2023-10-02,1,Boutique,21,1,2018.96,2103.65,3,Yes
163,2200,2025-12-22,6,Online,7,1,4390.12,4571.3,3,Yes
164,1416,2025-08-30,4,Online,8,3,9400.29,27080.84,3,Yes
165,367,2025-09-17,3,Boutique,22,3,1263.19,3548.02,3,Yes
166,1594,2023-07-13,1,Boutique,22,2,1263.19,2632.19,3,Yes
167,86,2025-05-04,8,Online,2,1,2881.29,2696.25,3,Yes
168,1737,2025-03-09,1,Online,10,1,8420.05,9069.55,3,Yes
169,1658,2023-10-28,8,Boutique,5,1,1450.83,1537.9,3,Yes
170,2042,2025-08-25,3,Private Client,17,2,1526.79,3069.93,4,Yes
171,620,2024-07-21,6,Boutique,25,3,464.55,1360.69,4,Yes
172,132,2024-11-02,6,Boutique,7,2,4390.12,8817.95,4,Yes
173,904,2023-05-29,8,Boutique,2,3,2881.29,8967.91,4,Yes
174,988,2025-02-07,9,Private Client,6,1,1450.79,1510.29,3,Yes
175,1222,2023-05-19,6,Boutique,10,2,8420.05,15691.38,4,Yes
176,2095,2025-05-10,10,Boutique,9,2,7756.91,16270.53,2,Yes
177,1764,2023-10-19,7,Boutique,28,1,488.98,500.05,3,Yes
178,1227,2023-12-01,6,Boutique,5,2,1450.83,2688.37,3,Yes
179,1285,2024-11-29,5,Online,3,2,2487.59,4826.45,4,Yes
180,690,2023-11-03,10,Boutique,11,2,3218.81,6448.58,4,Yes
181,1048,2025-07-13,4,Online,10,2,8420.05,16000.66,3,Yes
182,687,2025-09-07,3,Private Client,16,1,4000.34,3779.68,3,Yes
183,786,2025-06-16,9,Boutique,27,1,356.86,329.13,4,Yes
184,340,2025-07-15,9,Online,20,2,1505.97,3210.27,3,Yes
185,412,2023-12-10,1,Boutique,19,2,1731.11,3216.32,4,Yes
186,1997,2024-10-18,4,Boutique,1,3,1844.17,5413.9,4,Yes
187,286,2023-09-18,10,Online,26,3,602.77,1723.18,3,Yes
188,1110,2023-06-18,5,Online,11,3,3218.81,10028.83,3,Yes
189,850,2024-10-21,6,Boutique,15,3,3992.76,12375.35,3,Yes
190,430,2023-07-19,4,Boutique,7,3,4390.12,13815.65,3,Yes
191,1605,2024-08-04,6,Private Client,8,1,9400.29,9575.98,4,Yes
192,31,2024-07-19,1,Online,16,1,4000.34,4059.0,2,Yes
193,603,2024-01-30,6,Boutique,18,1,1879.61,1851.67,4,Yes
194,440,2023-12-17,8,Boutique,24,3,426.87,1308.55,4,Yes
195,985,2023-01-28,10,Boutique,28,2,488.98,917.75,3,Yes
196,1373,2024-09-23,1,Boutique,25,2,464.55,956.53,4,Yes
197,1919,2024-01-15,4,Boutique,23,1,395.7,370.62,4,Yes
198,412,2024-06-11,1,Boutique,11,1,3218.81,3405.11,4,Yes
199,528,2025-06-21,4,Boutique,1,3,1844.17,5537.54,4,Yes
200,310,2025-03-17,6,Online,16,1,4000.34,4019.77,3,Yes
201,1812,2023-08-15,1,Boutique,4,1,2247.59,2278.11,3,Yes
202,1362,2023-01-27,4,Online,23,3,395.7,1239.53,3,Yes
203,2039,2023-03-30,1,Boutique,6,1,1450.79,1445.79,3,Yes
204,704,2024-09-10,8,Boutique,11,2,3218.81,6363.03,4,Yes
205,663,2023-05-02,2,Boutique,24,2,426.87,824.83,3,Yes
206,365,2025-05-15,3,Online,6,2,1450.79,2728.9,5,Yes
207,923,2023-02-02,6,Boutique,10,1,8420.05,8002.88,3,No
208,2161,2024-08-25,8,Boutique,6,1,1450.79,1334.85,4,Yes
209,176,2024-11-26,9,Boutique,10,2,8420.05,17835.48,4,Yes
210,1173,2025-06-06,7,Boutique,22,1,1263.19,1316.74,3,Yes
211,1202,2024-06-08,4,Boutique,23,2,395.7,755.78,4,Yes
212,936,2025-11-13,3,Online,5,1,1450.83,1335.32,4,Yes
213,382,2023-02-03,1,Boutique,28,1,488.98,488.36,3,Yes
214,1283,2023-09-04,1,Online,27,1,356.86,351.87,4,Yes
215,1213,2025-11-08,8,Private Client,9,1,7756.91,8099.46,4,Yes
216,306,2025-11-19,1,Boutique,7,2,4390.12,8643.82,4,Yes
217,1402,2023-02-18,8,Online,17,2,1526.79,3231.48,3,Yes
218,602,2025-06-30,2,Online,27,1,356.86,333.78,4,Yes
219,712,2023-06-29,3,Private Client,12,1,7775.57,7608.69,4,Yes
220,1466,2025-01-07,1,Boutique,28,3,488.98,1568.79,3,Yes
221,403,2024-08-12,1,Online,25,3,464.55,1284.77,4,Yes
222,614,2024-05-10,2,Private Client,11,2,3218.81,6325.13,3,Yes
223,1802,2024-03-06,2,Boutique,6,1,1450.79,1395.01,4,Yes
224,177,2025-11-24,6,Boutique,27,1,356.86,358.68,3,Yes
225,449,2023-12-30,1,Private Client,24,2,426.87,823.52,3,Yes
226,743,2023-11-06,1,Online,25,2,464.55,984.09,2,Yes
227,1565,2025-09-08,1,Boutique,11,3,3218.81,10331.82,3,Yes
228,1979,2023-08-15,4,Online,11,1,3218.81,3398.62,3,Yes
229,307,2023-01-10,1,Boutique,14,2,4139.23,8144.11,3,No
230,751,2023-02-17,6,Boutique,16,1,4000.34,4313.92,3,Yes
231,869,2023-07-23,2,Boutique,2,1,2881.29,2989.64,3,Yes
232,214,2025-09-15,10,Boutique,2,3,2881.29,8444.17,3,Yes
233,1618,2025-06-12,7,Online,5,1,1450.83,1356.51,4,Yes
234,1664,2023-06-06,5,Boutique,14,3,4139.23,12749.58,4,Yes
235,1598,2025-05-04,6,Online,21,2,2018.96,4185.59,4,Yes
236,2181,2023-01-26,2,Boutique,28,1,488.98,459.44,4,Yes
237,1673,2024-02-25,10,Boutique,10,3,8420.05,25461.17,3,Yes
238,512,2025-01-30,1,Boutique,10,2,8420.05,18152.52,4,Yes
239,987,2025-02-12,6,Boutique,18,1,1879.61,1827.35,5,Yes
240,253,2023-09-21,9,Online,26,1,602.77,583.66,2,Yes
241,38,2024-08-10,5,Boutique,20,3,1505.97,4809.44,3,Yes
242,629,2025-08-15,2,Online,9,1,7756.91,7282.08,2,Yes
243,987,2024-04-14,6,Boutique,4,2,2247.59,4806.99,3,Yes
244,1726,2023-09-11,1,Boutique,17,3,1526.79,4785.19,3,Yes
245,2094,2025-01-09,5,Boutique,21,1,2018.96,1983.7,3,Yes
246,1478,2023-04-28,3,Online,2,1,2881.29,2689.3,3,Yes
247,1702,2024-07-03,6,Boutique,14,1,4139.23,3820.79,2,Yes
248,305,2025-06-29,1,Online,22,3,1263.19,3714.28,4,Yes
249,1739,2025-05-19,7,Online,1,1,1844.17,1904.76,3,Yes
250,245,2025-03-18,8,Boutique,23,2,395.7,789.82,4,Yes
251,1745,2025-03-31,9,Boutique,7,1,4390.12,4557.75,3,Yes
252,1025,2024-07-17,9,Boutique,4,1,2247.59,2308.93,3,Yes
253,217,2024-02-18,1,Private Client,9,1,7756.91,7847.4,4,Yes
254,507,2025-05-29,7,Boutique,3,1,2487.59,2673.66,3,Yes
255,761,2025-09-19,4,Boutique,5,1,1450.83,1503.85,3,Yes
256,1054,2023-01-01,1,Boutique,21,2,2018.96,4305.79,4,Yes
257,1905,2023-06-16,6,Online,24,3,426.87,1227.78,3,Yes
258,275,2023-01-16,5,Online,10,1,8420.05,8707.87,3,Yes
259,492,2024-10-18,1,Private Client,10,1,8420.05,8551.81,3,Yes
260,827,2023-04-22,1,Private Client,4,1,2247.59,2400.17,3,Yes
261,951,2024-08-16,5,Boutique,17,1,1526.79,1529.34,3,Yes
262,1179,2024-05-21,6,Boutique,27,1,356.86,344.28,4,Yes
263,1101,2024-11-01,3,Online,21,1,2018.96,1981.76,3,Yes
264,1637,2025-11-29,10,Private Client,17,1,1526.79,1458.1,4,No
265,1456,2025-01-28,1,Boutique,19,1,1731.11,1653.55,4,Yes
266,39,2024-05-11,1,Boutique,6,1,1450.79,1443.92,3,Yes
267,2170,2025-08-22,8,Private Client,1,3,1844.17,5880.01,4,No
268,144,2023-10-08,1,Boutique,26,2,602.77,1146.11,3,Yes
269,759,2023-12-17,6,Boutique,14,2,4139.23,7997.48,4,Yes
270,247,2023-11-30,5,Private Client,13,1,7115.72,7517.6,3,Yes
271,765,2025-01-30,5,Online,3,1,2487.59,2423.61,3,Yes
272,1315,2024-12-28,8,Boutique,23,1,395.7,424.98,4,Yes
273,207,2025-04-02,1,Boutique,2,1,2881.29,2774.76,4,Yes
274,2019,2023-01-14,1,Boutique,22,1,1263.19,1251.5,4,Yes
275,1318,2025-12-15,4,Private Client,7,1,4390.12,4106.07,5,Yes
276,701,2023-12-08,1,Private Client,28,3,488.98,1582.46,4,Yes
277,288,2023-07-18,6,Online,12,1,7775.57,8260.94,3,Yes
278,1594,2024-11-08,1,Boutique,2,1,2881.29,3027.69,3,Yes
279,850,2024-10-19,6,Boutique,11,2,3218.81,6084.68,3,Yes
280,50,2023-03-19,1,Online,16,1,4000.34,4300.75,3,Yes
281,1231,2023-04-22,1,Boutique,27,3,356.86,1144.09,3,Yes
282,1909,2024-06-18,2,Online,5,1,1450.83,1435.9,2,Yes
283,1687,2025-09-18,1,Online,26,1,602.77,620.29,3,Yes
284,1741,2025-02-28,3,Boutique,28,1,488.98,527.51,4,Yes
285,1344,2024-06-13,1,Private Client,26,3,602.77,1782.2,4,Yes
286,1791,2023-04-10,6,Boutique,17,2,1526.79,2864.52,3,Yes
287,1961,2025-08-30,4,Online,3,1,2487.59,2633.97,3,Yes
288,1089,2025-10-11,1,Boutique,14,1,4139.23,4123.66,4,Yes
289,1156,2023-05-05,9,Online,16,1,4000.34,4312.03,3,Yes
290,32,2025-10-11,2,Online,17,1,1526.79,1539.22,3,Yes
291,868,2024-06-02,1,Boutique,28,1,488.98,452.17,4,Yes
292,1267,2023-01-23,8,Boutique,19,3,1731.11,5186.46,3,Yes
293,1216,2023-06-11,8,Boutique,4,2,2247.59,4652.02,2,Yes
294,1166,2024-09-20,6,Boutique,28,1,488.98,451.9,5,Yes
295,1684,2024-05-20,1,Online,28,1,488.98,482.21,4,Yes
296,601,2025-05-31,1,Boutique,21,2,2018.96,3815.39,4,Yes
297,2026,2025-11-10,10,Boutique,20,1,1505.97,1540.45,4,Yes
298,1585,2024-04-27,5,Boutique,20,3,1505.97,4848.51,4,Yes
299,988,2023-11-05,9,Online,25,2,464.55,947.62,2,Yes
300,1215,2025-05-23,7,Online,25,2,464.55,958.07,3,Yes
301,1966,2023-07-22,1,Boutique,9,2,7756.91,15257.07,4,Yes
302,1440,2024-10-01,4,Online,11,3,3218.81,9753.98,2,Yes
303,520,2023-05-22,6,Online,5,2,1450.83,2922.02,3,Yes
304,1759,2025-09-30,6,Boutique,11,2,3218.81,6705.02,3,Yes
305,869,2024-09-06,2,Online,13,1,7115.72,7522.07,2,Yes
306,2064,2023-04-17,10,Boutique,21,2,2018.96,4143.16,3,Yes
307,1832,2024-06-12,6,Boutique,2,1,2881.29,3102.48,4,Yes
308,1130,2024-07-29,9,Boutique,22,1,1263.19,1329.54,4,Yes
309,283,2025-08-26,4,Boutique,2,1,2881.29,2708.25,4,Yes
310,361,2024-11-18,7,Online,10,2,8420.05,16860.24,4,Yes
311,1059,2023-10-18,6,Boutique,13,2,7115.72,15149.62,4,Yes
312,2161,2025-03-15,8,Boutique,5,1,1450.83,1553.88,4,Yes
313,1935,2024-10-29,8,Boutique,11,1,3218.81,3157.11,4,Yes
314,959,2024-01-20,6,Online,15,2,3992.76,8273.9,3,Yes
315,1077,2025-12-12,10,Online,28,2,488.98,963.96,4,Yes
316,1105,2024-12-01,1,Boutique,28,1,488.98,459.54,4,Yes
317,1640,2023-01-13,9,Online,5,2,1450.83,3080.22,3,Yes
318,1393,2025-08-17,2,Private Client,20,3,1505.97,4830.15,4,Yes
319,31,2023-06-09,1,Boutique,5,3,1450.83,4355.8,3,Yes
320,704,2024-07-18,8,Online,7,1,4390.12,4051.77,5,Yes
321,869,2023-01-08,2,Boutique,10,2,8420.05,17691.63,2,Yes
322,1385,2023-03-13,2,Boutique,2,1,2881.29,2870.67,3,Yes
323,233,2025-06-10,6,Boutique,1,1,1844.17,1718.77,4,Yes
324,1058,2023-04-08,4,Boutique,20,1,1505.97,1431.13,2,Yes
325,1267,2023-03-28,8,Private Client,23,2,395.7,747.35,4,Yes
326,951,2023-04-11,5,Boutique,1,2,1844.17,3798.27,3,Yes
327,59,2023-10-08,6,Online,4,2,2247.59,4350.91,4,Yes
328,302,2025-06-01,1,Boutique,15,1,3992.76,3754.91,4,Yes
329,2046,2025-01-18,8,Online,15,2,3992.76,8519.14,3,Yes
330,2160,2023-07-15,7,Boutique,6,2,1450.79,3113.53,4,Yes
331,1924,2024-01-26,1,Online,6,3,1450.79,4100.68,3,Yes
332,317,2024-08-31,3,Boutique,1,2,1844.17,3529.14,5,Yes
333,1889,2024-03-25,9,Private Client,7,2,4390.12,8909.65,3,Yes
334,1169,2023-05-01,10,Online,5,1,1450.83,1369.7,4,Yes
335,690,2023-11-28,10,Online,22,3,1263.19,3582.56,4,Yes
336,1882,2025-12-11,1,Boutique,17,2,1526.79,2973.74,3,Yes
337,1954,2023-11-14,8,Boutique,7,2,4390.12,9411.25,4,Yes
338,18,2024-11-05,6,Online,4,1,2247.59,2413.89,5,Yes
339,1179,2024-12-02,6,Boutique,3,2,2487.59,5247.25,4,Yes
340,1530,2024-11-23,4,Boutique,12,1,7775.57,8019.05,3,Yes
341,778,2025-10-13,7,Boutique,27,1,356.86,369.46,4,Yes
342,360,2023-01-21,1,Boutique,15,2,3992.76,7946.64,3,Yes
343,332,2024-02-03,6,Boutique,20,2,1505.97,3026.47,4,Yes
344,1942,2023-07-21,1,Boutique,9,1,7756.91,7923.78,4,Yes
345,528,2024-04-10,4,Boutique,21,1,2018.96,2093.67,4,Yes
346,2060,2025-06-14,6,Boutique,12,1,7775.57,7274.01,4,Yes
347,1099,2023-11-06,1,Boutique,5,1,1450.83,1386.97,4,Yes
348,212,2024-05-18,1,Boutique,8,1,9400.29,10096.58,4,Yes
349,1715,2023-01-26,7,Online,15,1,3992.76,3887.44,3,Yes
350,1054,2023-03-07,1,Boutique,7,3,4390.12,12682.48,3,Yes
351,1033,2023-09-20,8,Online,19,3,1731.11,5128.44,4,No
352,1333,2024-04-16,9,Boutique,13,1,7115.72,6877.68,5,Yes
353,1334,2023-06-16,1,Boutique,1,1,1844.17,1723.54,3,Yes
354,1841,2025-03-10,1,Boutique,28,3,488.98,1398.4,5,Yes
355,1796,2023-12-09,7,Boutique,11,2,3218.81,6581.99,5,Yes
356,1728,2024-12-18,8,Online,13,3,7115.72,20401.68,3,Yes
357,591,2024-02-17,8,Boutique,2,2,2881.29,5898.73,3,Yes
358,1715,2025-10-22,7,Online,19,2,1731.11,3240.68,4,Yes
359,2139,2024-11-17,6,Private Client,11,1,3218.81,2982.87,4,Yes
360,456,2025-03-07,6,Boutique,1,3,1844.17,5852.57,3,Yes
361,444,2024-04-27,10,Boutique,1,1,1844.17,1920.9,3,Yes
362,79,2025-11-21,4,Boutique,8,3,9400.29,28950.01,4,Yes
363,1499,2023-01-15,2,Private Client,13,2,7115.72,13163.28,3,Yes
364,927,2023-01-17,4,Online,8,2,9400.29,18016.53,3,Yes
365,2151,2024-06-17,6,Online,2,2,2881.29,6050.54,4,Yes
366,623,2023-03-22,1,Boutique,8,2,9400.29,17731.71,4,Yes
367,1480,2024-10-17,5,Online,27,3,356.86,1124.17,3,Yes
368,234,2024-03-11,10,Online,14,1,4139.23,4195.02,3,Yes
369,1618,2025-10-28,7,Boutique,2,3,2881.29,8976.3,5,Yes
370,2031,2025-10-15,6,Online,13,3,7115.72,21840.73,4,Yes
371,387,2024-11-09,6,Boutique,27,3,356.86,1056.36,3,Yes
372,1635,2025-02-18,9,Boutique,5,1,1450.83,1402.54,5,Yes
373,38,2023-07-05,5,Online,1,1,1844.17,1895.14,4,Yes
374,1185,2024-02-26,1,Boutique,9,1,7756.91,8137.82,4,Yes
375,1486,2024-04-10,1,Boutique,20,3,1505.97,4188.81,5,Yes
376,1968,2023-03-24,6,Boutique,10,3,8420.05,24774.79,3,Yes
377,1473,2024-07-20,5,Boutique,11,2,3218.81,6283.87,4,Yes
378,241,2024-10-04,3,Boutique,18,2,1879.61,3794.99,4,Yes
379,1050,2023-11-21,6,Private Client,17,1,1526.79,1432.48,4,Yes
380,1672,2023-02-20,5,Boutique,6,2,1450.79,3102.8,3,Yes
381,562,2025-11-16,1,Boutique,11,1,3218.81,3243.79,3,Yes
382,2000,2024-11-07,10,Online,24,1,426.87,455.81,5,Yes
383,806,2025-09-07,1,Boutique,4,1,2247.59,2361.57,4,Yes
384,1930,2025-03-03,4,Boutique,1,2,1844.17,3506.37,3,Yes
385,805,2025-12-21,1,Boutique,1,2,1844.17,3471.37,4,Yes
386,1676,2024-10-18,5,Boutique,22,2,1263.19,2672.4,3,Yes
387,2097,2023-04-27,10,Boutique,18,3,1879.61,5671.4,4,Yes
388,1678,2025-10-24,1,Boutique,5,1,1450.83,1339.35,3,Yes
389,46,2025-12-25,8,Boutique,16,2,4000.34,8556.54,3,Yes
390,1652,2025-12-19,6,Online,2,1,2881.29,2868.86,4,Yes
391,82,2025-06-23,1,Boutique,9,1,7756.91,7509.85,4,Yes
392,1810,2024-05-16,3,Private Client,2,2,2881.29,5777.88,4,Yes
393,790,2025-03-09,3,Online,5,1,1450.83,1525.79,5,Yes
394,595,2025-05-06,3,Boutique,20,2,1505.97,2824.14,4,Yes
395,2106,2023-03-10,5,Private Client,27,1,356.86,348.81,5,Yes
396,1,2024-10-25,6,Boutique,17,1,1526.79,1482.54,3,Yes
397,1497,2025-03-02,5,Boutique,26,1,602.77,635.53,2,Yes
398,766,2023-08-09,6,Boutique,25,1,464.55,485.25,4,Yes
399,671,2025-10-06,1,Online,19,1,1731.11,1703.44,5,Yes
400,1602,2023-08-11,4,Boutique,10,3,8420.05,25924.95,5,Yes
401,915,2024-11-07,6,Boutique,8,2,9400.29,18483.06,4,Yes
402,1845,2023-07-30,5,Boutique,20,1,1505.97,1523.15,4,Yes
403,1996,2025-07-19,1,Online,11,3,3218.81,10415.37,1,Yes
404,95,2025-06-04,2,Boutique,13,2,7115.72,14312.44,4,Yes
405,493,2025-05-31,6,Boutique,13,1,7115.72,7671.97,4,Yes
406,150,2023-09-19,3,Boutique,9,1,7756.91,8063.71,3,Yes
407,1047,2024-06-01,10,Online,5,1,1450.83,1362.79,4,Yes
408,1239,2025-03-08,3,Boutique,18,2,1879.61,3937.24,3,Yes
409,399,2025-12-22,4,Boutique,8,3,9400.29,26672.54,3,Yes
410,2179,2024-06-23,2,Online,20,1,1505.97,1513.76,3,Yes
411,855,2024-02-21,1,Boutique,14,1,4139.23,4214.23,4,Yes
412,2196,2023-02-22,1,Online,2,1,2881.29,3062.11,3,Yes
413,381,2023-02-07,9,Private Client,22,1,1263.19,1204.66,4,Yes
414,552,2023-11-04,2,Online,16,1,4000.34,4240.96,2,Yes
415,295,2025-04-25,6,Boutique,1,1,1844.17,1972.37,3,Yes
416,1144,2025-06-16,10,Boutique,24,1,426.87,398.83,4,Yes
417,456,2023-02-22,6,Boutique,25,3,464.55,1479.56,4,Yes
418,1554,2024-08-28,3,Private Client,23,1,395.7,380.45,4,Yes
419,169,2024-03-27,6,Private Client,13,1,7115.72,6638.68,4,Yes
420,710,2024-04-05,8,Boutique,25,1,464.55,498.63,4,Yes
421,1947,2025-02-13,2,Online,18,2,1879.61,3694.38,2,Yes
422,2020,2024-01-30,6,Online,27,1,356.86,363.88,4,Yes
423,2085,2025-11-26,1,Boutique,1,1,1844.17,1859.77,3,Yes
424,1722,2025-10-28,1,Boutique,7,1,4390.12,4188.65,3,Yes
425,1285,2024-10-08,5,Boutique,4,3,2247.59,6925.7,4,Yes
426,254,2023-09-20,3,Boutique,10,2,8420.05,15617.14,3,Yes
427,1321,2024-09-23,10,Private Client,8,1,9400.29,8953.73,4,Yes
428,2058,2024-06-13,5,Private Client,3,1,2487.59,2664.57,5,Yes
429,2126,2023-10-28,8,Boutique,23,1,395.7,424.41,3,Yes
430,401,2024-04-29,3,Boutique,7,1,4390.12,4377.94,4,Yes
431,2157,2023-04-02,6,Boutique,27,1,356.86,337.96,4,Yes
432,1947,2023-11-11,2,Online,26,1,602.77,595.21,2,Yes
433,363,2025-08-02,10,Online,25,1,464.55,492.58,4,Yes
434,1359,2023-08-26,7,Boutique,16,2,4000.34,7450.58,5,Yes
435,85,2023-03-24,9,Online,27,1,356.86,335.61,4,Yes
436,1546,2024-10-30,8,Boutique,20,1,1505.97,1601.3,3,Yes
437,1825,2023-06-27,8,Boutique,10,1,8420.05,8306.05,4,Yes
438,308,2023-09-07,1,Private Client,13,1,7115.72,6641.48,4,Yes
439,262,2025-02-03,6,Boutique,1,3,1844.17,5213.14,3,Yes
440,1922,2024-10-28,4,Boutique,7,2,4390.12,9317.52,3,Yes
441,631,2025-06-21,6,Boutique,10,2,8420.05,16813.43,2,Yes
442,680,2023-04-01,8,Boutique,12,1,7775.57,7356.3,3,Yes
443,865,2023-12-05,8,Boutique,14,1,4139.23,4400.21,3,Yes
444,1726,2023-06-18,1,Boutique,22,2,1263.19,2665.95,3,Yes
445,1852,2024-07-31,6,Online,11,1,3218.81,2973.16,3,Yes
446,727,2025-02-18,1,Boutique,17,1,1526.79,1546.57,3,Yes
447,1261,2023-06-19,1,Boutique,9,3,7756.91,22318.81,4,Yes
448,1649,2023-12-28,1,Boutique,26,1,602.77,605.97,3,Yes
449,217,2023-09-01,1,Online,8,2,9400.29,18136.6,4,Yes
450,1270,2023-05-18,1,Boutique,10,2,8420.05,16343.99,4,Yes
451,448,2025-11-17,10,Online,4,1,2247.59,2284.22,4,Yes
452,319,2024-06-02,6,Boutique,5,3,1450.83,4379.55,3,Yes
453,1910,2023-11-29,8,Boutique,24,1,426.87,419.71,5,Yes
454,2085,2025-08-22,1,Boutique,18,2,1879.61,3523.18,4,Yes
455,1058,2024-07-16,4,Private Client,6,2,1450.79,3119.51,5,Yes
456,39,2024-03-01,1,Boutique,10,1,8420.05,7981.68,4,Yes
457,1603,2024-10-02,7,Boutique,18,1,1879.61,1919.64,3,Yes
458,830,2024-12-09,5,Boutique,28,1,488.98,456.34,3,Yes
459,856,2023-04-17,1,Boutique,11,2,3218.81,6631.59,5,Yes
460,1859,2024-07-13,1,Boutique,24,1,426.87,399.2,4,Yes
461,1103,2023-05-18,6,Boutique,5,1,1450.83,1388.04,3,No
462,1501,2024-09-06,8,Boutique,28,1,488.98,500.48,4,Yes
463,1821,2023-02-16,9,Boutique,26,2,602.77,1163.67,4,Yes
464,842,2024-01-03,10,Boutique,3,1,2487.59,2500.67,4,Yes
465,2080,2023-01-06,9,Boutique,18,2,1879.61,3533.37,4,Yes
466,1256,2024-06-06,1,Online,4,1,2247.59,2140.57,4,Yes
467,1940,2024-06-12,3,Boutique,8,1,9400.29,9751.9,3,Yes
468,270,2023-03-07,1,Boutique,17,1,1526.79,1413.23,3,Yes
469,2125,2024-02-24,6,Boutique,10,3,8420.05,23691.19,3,Yes
470,735,2025-07-22,1,Boutique,19,1,1731.11,1652.16,4,Yes
471,884,2024-05-12,2,Online,1,2,1844.17,3405.19,4,Yes
472,1113,2023-11-27,8,Online,2,2,2881.29,5389.51,4,Yes
473,649,2025-02-06,1,Online,26,3,602.77,1745.06,3,Yes
474,1180,2025-09-27,4,Boutique,11,1,3218.81,3009.16,2,Yes
475,2143,2024-06-13,6,Boutique,15,1,3992.76,4226.65,4,Yes
476,17,2023-08-31,2,Boutique,23,1,395.7,368.23,2,Yes
477,117,2023-12-16,2,Boutique,1,1,1844.17,1950.68,3,Yes
478,983,2025-11-06,1,Boutique,9,3,7756.91,24472.84,3,Yes
479,1847,2025-01-04,7,Boutique,8,2,9400.29,17599.63,4,Yes
480,1546,2025-05-31,8,Online,1,3,1844.17,5112.21,3,Yes
481,2164,2023-12-29,9,Boutique,10,2,8420.05,15627.59,4,Yes
482,963,2025-10-11,8,Private Client,17,1,1526.79,1548.87,4,Yes
483,1277,2024-06-08,6,Boutique,18,3,1879.61,5792.53,2,Yes
484,847,2025-04-10,1,Online,16,1,4000.34,4077.56,3,Yes
485,372,2025-02-20,7,Boutique,2,2,2881.29,5800.82,3,Yes
486,1607,2024-02-24,9,Online,22,1,1263.19,1197.44,5,Yes
487,156,2025-02-24,8,Boutique,17,2,1526.79,3220.16,2,Yes
488,465,2023-05-13,2,Boutique,4,1,2247.59,2185.58,3,Yes
489,783,2023-01-14,10,Boutique,7,3,4390.12,14194.86,3,Yes
490,804,2025-12-03,4,Private Client,28,1,488.98,479.97,3,Yes
491,220,2023-10-22,10,Private Client,9,3,7756.91,22388.32,4,Yes
492,2063,2024-03-20,7,Boutique,26,1,602.77,640.79,4,Yes
493,1774,2025-12-21,7,Online,3,2,2487.59,5028.84,3,Yes
494,117,2024-02-16,2,Boutique,20,3,1505.97,4678.28,3,Yes
495,2104,2024-09-21,1,Boutique,21,1,2018.96,1989.37,3,Yes
496,1375,2023-11-17,1,Boutique,5,1,1450.83,1540.65,3,Yes
497,2019,2025-03-28,1,Private Client,18,1,1879.61,2005.24,4,Yes
498,308,2025-06-23,1,Boutique,21,3,2018.96,5995.6,2,Yes
499,222,2023-02-05,8,Boutique,26,2,602.77,1155.53,4,Yes
500,1197,2025-03-01,4,Boutique,17,1,1526.79,1562.86,3,Yes
501,797,2024-08-08,5,Boutique,7,1,4390.12,4709.43,3,Yes
502,1530,2023-11-02,4,Boutique,14,1,4139.23,4220.32,3,Yes
503,151,2025-10-04,9,Boutique,15,1,3992.76,4282.94,4,Yes
504,1721,2025-06-11,7,Boutique,21,2,2018.96,3937.01,3,Yes
505,1557,2023-01-12,10,Boutique,22,2,1263.19,2694.16,3,Yes
506,112,2023-03-24,10,Boutique,14,2,4139.23,7765.28,4,Yes
507,683,2025-11-21,7,Boutique,9,2,7756.91,15163.42,3,Yes
508,1162,2025-08-14,6,Private Client,16,1,4000.34,3996.8,4,Yes
509,1566,2024-12-13,1,Boutique,19,1,1731.11,1773.52,3,Yes
510,893,2023-08-29,8,Online,1,2,1844.17,3566.85,3,Yes
511,1331,2025-06-16,2,Boutique,8,1,9400.29,10038.37,3,Yes
512,161,2025-06-14,5,Boutique,18,1,1879.61,2000.96,4,Yes
513,1426,2025-06-25,6,Boutique,2,2,2881.29,6038.57,4,Yes
514,278,2025-01-25,10,Online,26,1,602.77,565.58,2,Yes
515,1557,2025-10-21,10,Online,4,1,2247.59,2095.94,3,Yes
516,497,2024-08-23,8,Boutique,21,2,2018.96,4036.71,3,Yes
517,1396,2023-10-09,1,Boutique,1,1,1844.17,1922.46,3,Yes
518,1916,2024-10-12,6,Online,27,2,356.86,670.7,3,Yes
519,655,2024-08-21,1,Boutique,19,1,1731.11,1770.29,3,Yes
520,303,2025-09-05,3,Online,11,1,3218.81,3233.16,3,Yes
521,438,2025-10-08,3,Boutique,24,1,426.87,442.3,4,Yes
522,186,2025-06-18,1,Online,6,2,1450.79,2871.58,2,Yes
523,1590,2025-06-12,6,Boutique,19,1,1731.11,1784.65,3,Yes
524,673,2025-08-14,5,Boutique,14,1,4139.23,3913.8,4,Yes
525,1274,2023-08-07,9,Online,28,1,488.98,466.65,3,Yes
526,1001,2024-12-27,2,Boutique,23,1,395.7,421.24,4,Yes
527,683,2025-10-05,7,Boutique,27,1,356.86,347.12,3,Yes
528,1719,2024-06-01,1,Boutique,22,1,1263.19,1361.32,5,Yes
529,925,2025-03-22,1,Boutique,21,1,2018.96,1872.37,3,Yes
530,999,2024-05-16,8,Boutique,24,2,426.87,853.18,3,Yes
531,285,2023-02-27,1,Private Client,24,1,426.87,414.92,4,Yes
532,421,2025-03-24,3,Online,19,2,1731.11,3736.96,2,Yes
533,2161,2024-09-05,8,Boutique,24,1,426.87,460.34,4,Yes
534,1495,2024-03-01,3,Online,26,2,602.77,1154.47,5,Yes
535,528,2025-06-01,4,Boutique,25,1,464.55,447.25,3,Yes
536,31,2024-03-07,1,Online,13,1,7115.72,7399.98,3,Yes
537,162,2025-08-05,1,Boutique,12,1,7775.57,8260.36,4,Yes
538,1842,2025-07-23,6,Online,10,1,8420.05,8640.58,2,Yes
539,705,2024-02-09,6,Online,19,3,1731.11,5496.38,4,Yes
540,722,2024-05-06,6,Boutique,11,3,3218.81,8981.7,3,Yes
541,1402,2023-03-07,8,Boutique,24,1,426.87,436.47,3,Yes
542,446,2025-06-30,9,Boutique,24,1,426.87,440.54,4,Yes
543,427,2024-01-26,1,Boutique,12,2,7775.57,14780.6,4,Yes
544,1551,2023-03-24,6,Boutique,7,3,4390.12,13756.11,4,Yes
545,1968,2025-09-29,6,Boutique,8,1,9400.29,10068.49,3,Yes
546,721,2024-04-25,9,Online,17,3,1526.79,4872.02,3,Yes
547,1802,2025-02-15,2,Online,3,1,2487.59,2386.08,4,Yes
548,1965,2025-02-23,6,Boutique,6,2,1450.79,2819.87,4,Yes
549,1058,2024-10-13,4,Boutique,12,1,7775.57,7775.09,4,Yes
550,2045,2024-06-06,1,Online,15,1,3992.76,3774.51,3,Yes
551,736,2023-07-24,7,Private Client,23,3,395.7,1273.32,2,Yes
552,758,2025-01-11,9,Boutique,7,1,4390.12,4152.42,5,Yes
553,1796,2023-11-15,7,Boutique,27,1,356.86,371.79,4,Yes
554,1644,2023-10-05,8,Online,6,1,1450.79,1413.98,4,Yes
555,754,2025-06-20,5,Online,12,2,7775.57,15734.57,3,Yes
556,24,2023-05-28,7,Boutique,28,1,488.98,453.55,3,Yes
557,1240,2025-02-16,5,Online,12,1,7775.57,7408.58,3,Yes
558,55,2024-02-23,3,Online,27,3,356.86,1061.05,3,Yes
559,1305,2024-06-21,1,Boutique,4,3,2247.59,6933.93,3,Yes
560,970,2024-01-27,1,Online,21,1,2018.96,2108.62,4,Yes
561,434,2025-07-28,6,Boutique,9,2,7756.91,14347.53,5,Yes
562,208,2023-08-30,6,Online,17,1,1526.79,1441.9,3,Yes
563,133,2025-09-25,3,Boutique,2,2,2881.29,5974.45,2,Yes
564,1363,2023-08-31,1,Boutique,5,3,1450.83,4570.5,3,Yes
565,1220,2025-09-02,1,Online,21,1,2018.96,1933.86,3,Yes
566,1286,2024-11-14,8,Online,28,1,488.98,467.83,4,Yes
567,1306,2024-08-10,10,Private Client,23,1,395.7,369.62,5,Yes
568,369,2024-09-08,8,Boutique,24,1,426.87,402.99,4,Yes
569,1207,2023-01-26,6,Boutique,10,3,8420.05,23271.74,2,Yes
570,782,2025-05-12,1,Private Client,6,1,1450.79,1471.64,3,Yes
571,567,2023-03-20,9,Online,6,1,1450.79,1544.54,3,Yes
572,527,2025-10-08,8,Private Client,21,1,2018.96,1905.76,3,Yes
573,37,2023-05-08,2,Boutique,5,1,1450.83,1509.2,4,Yes
574,178,2024-02-17,1,Boutique,27,1,356.86,361.07,3,Yes
575,639,2023-05-17,1,Boutique,8,1,9400.29,10061.95,5,Yes
576,72,2024-07-01,1,Online,21,2,2018.96,4230.53,4,Yes
577,1173,2024-01-23,7,Private Client,22,1,1263.19,1334.48,4,Yes
578,1721,2024-07-24,7,Boutique,3,1,2487.59,2542.97,3,Yes
579,105,2025-10-12,1,Boutique,14,2,4139.23,8690.84,4,Yes
580,1683,2024-02-25,1,Boutique,5,3,1450.83,4248.64,4,Yes
581,221,2023-05-21,10,Online,15,3,3992.76,11420.61,4,Yes
582,1850,2023-02-20,5,Boutique,9,2,7756.91,16537.78,5,Yes
583,863,2025-09-13,6,Online,15,1,3992.76,4142.46,4,Yes
584,299,2025-07-17,6,Boutique,19,1,1731.11,1617.74,4,Yes
585,42,2024-10-23,10,Boutique,16,2,4000.34,8470.36,4,Yes
586,771,2024-01-01,6,Boutique,8,2,9400.29,18346.07,3,Yes
587,1463,2025-06-26,1,Online,15,1,3992.76,3863.89,3,Yes
588,2133,2025-09-24,6,Boutique,11,2,3218.81,6564.64,4,Yes
589,1710,2025-05-03,1,Private Client,23,1,395.7,400.04,4,Yes
590,991,2023-09-15,9,Online,4,1,2247.59,2261.35,4,Yes
591,711,2023-02-14,4,Boutique,21,3,2018.96,5819.33,3,Yes
592,209,2023-09-26,2,Boutique,24,2,426.87,916.54,3,Yes
593,1272,2024-11-02,6,Private Client,10,3,8420.05,27079.37,2,Yes
594,1235,2025-10-15,2,Boutique,23,1,395.7,364.31,3,Yes
595,39,2025-05-06,1,Boutique,26,3,602.77,1761.39,3,Yes
596,1276,2023-05-25,5,Private Client,10,1,8420.05,7807.81,4,Yes
597,1827,2023-08-23,9,Online,2,1,2881.29,3042.76,4,Yes
598,762,2024-11-21,10,Boutique,8,2,9400.29,19963.26,4,Yes
599,1437,2024-12-20,10,Boutique,8,1,9400.29,9427.81,4,Yes
600,1470,2023-12-19,4,Online,9,1,7756.91,8178.49,3,Yes
601,2100,2025-09-20,1,Boutique,2,1,2881.29,2975.04,4,Yes
602,374,2023-10-02,9,Boutique,14,2,4139.23,8277.9,3,Yes
603,931,2025-06-28,1,Boutique,20,2,1505.97,2946.31,3,Yes
604,156,2024-03-15,8,Boutique,2,2,2881.29,5547.04,3,Yes
605,1566,2025-12-22,1,Private Client,4,3,2247.59,6483.23,3,Yes
606,1114,2025-05-21,3,Online,3,2,2487.59,5024.59,3,Yes
607,2117,2024-10-12,5,Online,23,2,395.7,749.21,4,Yes
608,1266,2025-07-31,6,Private Client,14,2,4139.23,7847.7,4,Yes
609,654,2023-02-03,2,Boutique,21,2,2018.96,3721.6,2,Yes
610,63,2024-12-05,1,Boutique,16,1,4000.34,4072.88,3,Yes
611,509,2025-05-16,8,Online,15,2,3992.76,8617.14,3,Yes
612,1688,2025-09-11,10,Boutique,7,2,4390.12,9327.03,3,Yes
613,1448,2025-04-11,6,Boutique,18,2,1879.61,3882.94,3,Yes
614,1693,2024-04-06,1,Boutique,20,1,1505.97,1574.77,4,Yes
615,1389,2023-03-22,1,Boutique,6,2,1450.79,2862.98,4,Yes
616,2198,2023-11-18,4,Boutique,28,1,488.98,473.18,5,Yes
617,1295,2024-02-19,8,Boutique,21,1,2018.96,1976.52,3,Yes
618,1605,2025-09-18,6,Boutique,16,3,4000.34,11197.28,3,Yes
619,1140,2023-07-09,5,Boutique,11,2,3218.81,6575.43,3,Yes
620,704,2024-01-27,8,Boutique,2,2,2881.29,5462.8,4,Yes
621,516,2023-06-17,6,Boutique,28,1,488.98,509.55,4,Yes
622,1938,2024-10-25,6,Private Client,23,1,395.7,376.07,4,Yes
623,1834,2024-01-16,6,Private Client,2,1,2881.29,2755.95,4,Yes
624,1265,2025-06-16,6,Boutique,14,1,4139.23,4442.09,4,Yes
625,30,2025-05-13,1,Private Client,9,2,7756.91,14534.33,3,Yes
626,326,2023-03-03,1,Private Client,23,1,395.7,395.63,3,Yes
627,16,2024-06-11,9,Boutique,12,2,7775.57,14463.02,3,Yes
628,111,2025-05-11,3,Boutique,3,1,2487.59,2324.56,5,Yes
629,107,2023-05-30,10,Private Client,22,1,1263.19,1290.17,4,Yes
630,283,2023-04-26,4,Online,5,1,1450.83,1481.18,4,Yes
631,269,2025-04-03,7,Boutique,28,1,488.98,464.97,3,Yes
632,1221,2023-03-06,9,Online,9,1,7756.91,8219.21,5,Yes
633,1267,2023-11-06,8,Boutique,3,3,2487.59,7704.19,4,Yes
634,598,2024-12-06,3,Boutique,18,1,1879.61,1819.65,3,Yes
635,799,2025-05-03,3,Boutique,2,1,2881.29,2765.29,4,No
636,1283,2025-10-20,1,Boutique,4,1,2247.59,2339.03,2,Yes
637,1173,2023-11-02,7,Boutique,13,2,7115.72,14763.41,3,Yes
638,1891,2025-05-22,3,Private Client,17,1,1526.79,1441.0,4,Yes
639,2012,2023-06-18,2,Boutique,9,1,7756.91,7569.74,2,Yes
640,426,2025-10-27,9,Boutique,19,1,1731.11,1652.64,3,Yes
641,1726,2024-08-10,1,Boutique,14,3,4139.23,12008.69,4,Yes
642,2134,2025-01-31,6,Boutique,13,1,7115.72,6873.86,3,Yes
643,1240,2023-12-13,5,Private Client,5,1,1450.83,1561.33,4,Yes
644,118,2025-08-12,1,Boutique,18,3,1879.61,5864.57,4,Yes
645,599,2025-01-04,4,Boutique,24,1,426.87,446.0,4,Yes
646,2088,2024-02-14,1,Boutique,15,1,3992.76,3850.57,3,Yes
647,1185,2024-06-26,1,Boutique,27,2,356.86,656.68,3,Yes
648,664,2023-12-21,4,Boutique,11,1,3218.81,2991.26,3,Yes
649,2143,2024-12-13,6,Boutique,19,1,1731.11,1745.79,2,Yes
650,1582,2024-08-06,5,Boutique,5,2,1450.83,2802.07,4,Yes
651,650,2024-05-25,3,Boutique,7,1,4390.12,4174.45,4,Yes
652,1490,2024-06-16,9,Private Client,2,1,2881.29,2673.67,3,Yes
653,288,2024-06-11,6,Boutique,19,1,1731.11,1835.22,4,Yes
654,1700,2025-08-04,10,Boutique,24,1,426.87,433.71,2,Yes
655,412,2025-04-03,1,Online,16,1,4000.34,3749.04,3,Yes
656,1042,2023-03-19,2,Online,26,3,602.77,1885.39,3,Yes
657,136,2024-03-15,5,Boutique,24,3,426.87,1333.03,3,Yes
658,2026,2024-07-02,10,Private Client,3,1,2487.59,2403.77,4,Yes
659,759,2024-02-04,6,Online,10,2,8420.05,16000.59,3,Yes
660,1272,2024-12-01,6,Boutique,12,2,7775.57,16332.38,4,Yes
661,1025,2023-05-06,9,Boutique,23,1,395.7,384.91,4,Yes
662,381,2025-04-13,9,Boutique,27,2,356.86,753.39,3,Yes
663,1529,2024-06-27,6,Boutique,2,2,2881.29,5341.82,5,Yes
664,806,2024-05-16,1,Boutique,25,2,464.55,928.99,4,Yes
665,476,2025-04-03,8,Online,8,1,9400.29,8918.39,4,Yes
666,954,2024-01-22,7,Online,25,1,464.55,477.34,4,Yes
667,849,2024-02-16,6,Boutique,9,1,7756.91,8374.0,4,Yes
668,897,2023-11-24,4,Boutique,23,1,395.7,390.16,4,Yes
669,32,2023-04-10,2,Boutique,20,1,1505.97,1409.66,4,Yes
670,1928,2024-04-05,9,Online,12,1,7775.57,7548.74,3,Yes
671,2166,2023-01-25,6,Online,28,3,488.98,1558.83,3,Yes
672,191,2024-05-08,6,Boutique,5,1,1450.83,1512.52,3,Yes
673,1771,2023-12-19,1,Online,23,2,395.7,757.49,3,Yes
674,1774,2025-05-18,7,Boutique,13,2,7115.72,15264.3,3,Yes
675,2122,2023-07-18,8,Online,5,2,1450.83,2958.39,4,Yes
676,623,2025-04-26,1,Boutique,28,2,488.98,926.02,4,Yes
677,1127,2024-06-09,6,Boutique,26,1,602.77,609.74,3,Yes
678,586,2024-06-24,1,Boutique,15,1,3992.76,3961.63,3,Yes
679,473,2024-04-21,6,Private Client,24,1,426.87,448.71,4,Yes
680,1788,2023-01-10,10,Boutique,21,1,2018.96,1968.62,4,Yes
681,114,2024-06-07,2,Private Client,5,1,1450.83,1537.87,4,Yes
682,1403,2025-03-20,4,Boutique,5,1,1450.83,1523.25,2,Yes
683,1337,2025-02-10,7,Boutique,4,3,2247.59,6931.14,4,Yes
684,339,2025-05-09,10,Boutique,27,1,356.86,343.08,4,Yes
685,1197,2025-10-26,4,Online,28,1,488.98,525.78,4,Yes
686,79,2025-11-24,4,Online,27,3,356.86,1078.92,3,Yes
687,464,2023-06-24,6,Online,28,3,488.98,1562.59,4,Yes
688,1922,2024-03-17,4,Online,23,1,395.7,377.7,3,Yes
689,1988,2025-11-02,4,Online,16,3,4000.34,12929.19,3,Yes
690,562,2023-09-03,1,Private Client,18,1,1879.61,1974.66,3,Yes
691,285,2024-11-05,1,Boutique,10,2,8420.05,18050.5,4,Yes
692,223,2023-04-24,2,Online,20,2,1505.97,2873.33,4,Yes
693,1290,2025-10-08,7,Private Client,27,3,356.86,1058.7,4,Yes
694,1691,2025-03-04,10,Boutique,3,2,2487.59,4654.89,4,Yes
695,1257,2023-08-21,2,Online,10,1,8420.05,7930.97,4,Yes
696,828,2025-09-06,1,Boutique,13,1,7115.72,6869.75,4,Yes
697,828,2023-05-06,1,Boutique,24,1,426.87,457.72,3,Yes
698,1961,2024-05-25,4,Online,23,1,395.7,406.29,3,Yes
699,1966,2023-10-08,1,Boutique,3,1,2487.59,2413.81,3,Yes
700,614,2025-03-08,2,Boutique,4,2,2247.59,4822.12,3,Yes
701,563,2025-09-04,1,Online,13,1,7115.72,7388.66,3,Yes
702,2100,2025-06-21,1,Boutique,14,3,4139.23,13226.29,3,Yes
703,1745,2024-10-12,9,Boutique,4,3,2247.59,7203.67,3,Yes
704,1806,2024-01-27,7,Online,12,2,7775.57,16175.1,3,Yes
705,1969,2024-01-17,10,Boutique,16,1,4000.34,3835.93,4,No
706,731,2023-08-04,9,Boutique,10,1,8420.05,9089.06,2,Yes
707,257,2024-06-25,6,Boutique,23,2,395.7,769.25,3,Yes
708,185,2024-08-28,6,Boutique,24,2,426.87,877.19,4,Yes
709,2193,2023-04-26,6,Boutique,20,1,1505.97,1589.05,3,Yes
710,2032,2024-05-23,5,Private Client,24,2,426.87,809.37,3,Yes
711,1714,2023-09-28,7,Boutique,17,2,1526.79,3106.85,3,Yes
712,246,2025-11-28,9,Boutique,25,2,464.55,910.54,4,Yes
713,866,2025-11-13,3,Private Client,7,2,4390.12,8421.01,4,No
714,2088,2025-02-14,1,Online,4,1,2247.59,2072.02,3,Yes
715,601,2025-12-02,1,Boutique,24,1,426.87,452.28,4,Yes
716,962,2023-12-06,8,Boutique,12,1,7775.57,7322.57,3,Yes
717,1442,2023-06-18,8,Online,10,1,8420.05,8929.45,2,Yes
718,2057,2024-10-23,5,Online,2,1,2881.29,2927.71,3,Yes
719,2132,2023-05-23,7,Online,14,1,4139.23,4219.4,3,Yes
720,533,2024-07-28,6,Boutique,8,2,9400.29,19789.2,4,Yes
721,989,2024-04-19,1,Boutique,10,1,8420.05,8432.77,4,Yes
722,2043,2023-11-07,7,Boutique,6,1,1450.79,1417.66,3,Yes
723,358,2025-12-19,8,Online,23,3,395.7,1118.5,4,Yes
724,378,2025-11-18,9,Online,23,1,395.7,400.16,3,Yes
725,1049,2024-06-14,3,Boutique,2,3,2881.29,8717.4,3,Yes
726,393,2025-09-17,8,Boutique,14,3,4139.23,12008.2,3,Yes
727,1127,2023-03-14,6,Private Client,11,1,3218.81,3270.34,3,Yes
728,702,2025-05-18,1,Boutique,2,1,2881.29,2853.34,4,Yes
729,1434,2024-01-29,6,Boutique,4,2,2247.59,4714.93,3,Yes
730,784,2024-04-25,8,Online,6,1,1450.79,1464.6,3,Yes
731,1829,2024-04-17,7,Boutique,4,2,2247.59,4807.09,4,Yes
732,983,2023-11-09,1,Boutique,22,2,1263.19,2533.65,4,Yes
733,1043,2025-08-09,2,Boutique,5,3,1450.83,4622.34,2,Yes
734,1172,2023-11-20,1,Boutique,6,3,1450.79,4366.66,4,Yes
735,862,2025-10-09,1,Boutique,9,2,7756.91,15657.87,4,Yes
736,1877,2025-08-22,7,Private Client,22,3,1263.19,3708.81,3,Yes
737,1836,2023-03-28,5,Boutique,22,1,1263.19,1243.01,4,Yes
738,1699,2023-12-25,5,Online,16,1,4000.34,4277.55,4,Yes
739,113,2024-11-25,10,Boutique,11,1,3218.81,3076.3,4,Yes
740,1686,2023-07-16,4,Boutique,11,1,3218.81,3023.86,4,Yes
741,1623,2025-01-25,1,Online,24,1,426.87,449.42,4,Yes
742,1423,2025-09-03,5,Boutique,21,1,2018.96,2043.8,4,Yes
743,862,2024-05-12,1,Online,21,1,2018.96,1949.39,3,Yes
744,1933,2025-06-26,1,Boutique,10,1,8420.05,8328.98,3,Yes
745,508,2025-07-19,10,Boutique,27,2,356.86,716.56,4,Yes
746,1668,2024-04-06,1,Boutique,1,1,1844.17,1871.36,4,Yes
747,466,2025-08-27,1,Online,22,1,1263.19,1328.08,4,Yes
748,1122,2023-08-22,8,Boutique,17,2,1526.79,3001.96,4,Yes
749,290,2024-02-21,1,Private Client,27,2,356.86,733.88,4,Yes
750,1763,2023-06-02,1,Boutique,8,2,9400.29,19807.59,4,Yes
751,1867,2023-09-29,6,Boutique,26,2,602.77,1271.85,4,Yes
752,717,2024-01-27,1,Boutique,16,1,4000.34,3843.04,2,Yes
753,1401,2024-06-30,6,Boutique,25,3,464.55,1360.24,4,Yes
754,567,2024-12-25,9,Boutique,6,1,1450.79,1472.82,4,Yes
755,1474,2023-07-08,5,Online,14,1,4139.23,4394.72,4,Yes
756,994,2025-03-22,2,Boutique,25,1,464.55,486.14,4,Yes
757,1141,2024-01-30,1,Boutique,2,3,2881.29,8759.99,4,Yes
758,1988,2024-10-23,4,Private Client,9,3,7756.91,25071.82,3,Yes
759,1994,2025-05-02,6,Boutique,4,1,2247.59,2225.65,4,Yes
760,1810,2024-08-16,3,Boutique,19,1,1731.11,1825.96,5,Yes
761,1205,2023-07-09,1,Boutique,17,1,1526.79,1604.58,3,Yes
762,959,2023-08-22,6,Boutique,1,3,1844.17,5893.71,2,Yes
763,1717,2023-08-20,4,Boutique,24,1,426.87,460.18,3,Yes
764,1013,2023-12-24,5,Boutique,2,1,2881.29,2879.31,4,Yes
765,1819,2024-04-22,1,Boutique,17,1,1526.79,1452.44,3,Yes
766,1311,2023-08-25,1,Online,2,1,2881.29,2863.26,3,Yes
767,475,2025-11-22,2,Online,3,1,2487.59,2628.44,3,Yes
768,618,2023-08-01,9,Online,4,2,2247.59,4736.92,3,Yes
769,641,2024-01-14,1,Boutique,13,1,7115.72,6928.97,3,Yes
770,162,2025-10-22,1,Boutique,27,2,356.86,662.02,3,Yes
771,2004,2025-06-27,6,Boutique,25,1,464.55,465.28,4,Yes
772,1983,2024-03-25,1,Boutique,23,1,395.7,394.06,3,Yes
773,725,2024-07-22,6,Boutique,12,1,7775.57,7260.22,4,Yes
774,469,2025-03-23,6,Boutique,21,1,2018.96,2114.22,3,Yes
775,1810,2023-10-06,3,Boutique,5,1,1450.83,1400.59,4,Yes
776,21,2023-08-02,5,Online,14,1,4139.23,4235.76,3,Yes
777,260,2024-12-18,5,Boutique,6,1,1450.79,1358.28,5,Yes
778,1140,2025-08-27,5,Private Client,1,1,1844.17,1950.6,3,Yes
779,1437,2025-10-31,10,Online,16,2,4000.34,8306.98,5,Yes
780,537,2025-05-20,3,Boutique,6,2,1450.79,2849.78,3,Yes
781,952,2025-12-06,6,Boutique,13,1,7115.72,7263.15,3,Yes
782,1980,2024-03-13,7,Boutique,13,1,7115.72,6759.88,4,Yes
783,1841,2024-11-01,1,Online,11,1,3218.81,3468.81,4,Yes
784,1857,2025-06-22,1,Boutique,16,1,4000.34,4189.87,4,Yes
785,851,2025-11-11,1,Boutique,22,1,1263.19,1321.59,3,Yes
786,1972,2025-06-10,2,Boutique,14,1,4139.23,3909.67,2,Yes
787,1281,2024-01-24,3,Boutique,11,2,3218.81,5940.88,5,Yes
788,1192,2023-05-15,2,Private Client,5,1,1450.83,1470.65,3,Yes
789,533,2024-06-15,6,Boutique,26,2,602.77,1136.9,3,Yes
790,2063,2023-08-08,7,Boutique,25,2,464.55,970.79,4,Yes
791,2098,2023-11-29,6,Boutique,26,2,602.77,1189.35,3,Yes
792,304,2025-11-21,7,Online,10,1,8420.05,8202.6,3,Yes
793,416,2023-12-23,3,Online,21,1,2018.96,1881.23,4,Yes
794,305,2024-02-05,1,Online,25,1,464.55,501.42,3,Yes
795,813,2025-06-14,1,Online,26,2,602.77,1293.5,3,Yes
796,1985,2025-09-16,9,Online,15,2,3992.76,7514.82,4,Yes
797,713,2024-12-09,4,Boutique,7,1,4390.12,4272.68,3,Yes
798,1682,2025-11-23,6,Boutique,3,2,2487.59,4888.24,3,Yes
799,1334,2023-09-05,1,Boutique,11,2,3218.81,6228.32,4,Yes
800,175,2025-08-03,1,Boutique,9,2,7756.91,16592.26,3,Yes
801,1090,2023-02-11,8,Boutique,10,1,8420.05,8718.24,3,Yes
802,1417,2025-03-11,8,Boutique,23,1,395.7,424.56,3,Yes
803,1988,2023-05-03,4,Boutique,4,1,2247.59,2382.27,4,Yes
804,758,2023-01-27,9,Online,28,1,488.98,508.89,4,Yes
805,1773,2024-07-24,10,Boutique,25,1,464.55,479.19,3,Yes
806,171,2024-05-10,9,Boutique,22,2,1263.19,2674.39,3,Yes
807,1075,2024-04-30,9,Online,25,1,464.55,478.24,4,Yes
808,1352,2025-06-17,6,Boutique,20,1,1505.97,1430.97,4,Yes
809,665,2024-12-11,5,Online,26,1,602.77,617.06,2,Yes
810,592,2024-01-11,7,Boutique,18,3,1879.61,5652.36,3,Yes
811,1169,2024-10-26,10,Private Client,14,3,4139.23,13375.13,5,Yes
812,1349,2025-02-21,4,Online,9,2,7756.91,15538.56,3,Yes
813,848,2025-04-30,1,Boutique,26,3,602.77,1674.77,4,Yes
814,494,2024-11-04,3,Online,28,1,488.98,470.53,4,Yes
815,546,2023-12-28,6,Boutique,20,2,1505.97,3213.08,3,Yes
816,1491,2024-11-14,1,Boutique,16,1,4000.34,4296.27,4,Yes
817,904,2023-09-04,8,Online,27,2,356.86,739.81,4,Yes
818,1541,2024-06-18,6,Online,2,2,2881.29,5354.0,3,Yes
819,884,2023-11-10,2,Boutique,23,3,395.7,1096.6,4,Yes
820,905,2024-03-19,10,Boutique,7,1,4390.12,4375.79,4,Yes
821,620,2025-05-18,6,Online,5,1,1450.83,1566.82,4,Yes
822,953,2024-08-04,3,Boutique,21,1,2018.96,2138.26,3,Yes
823,320,2025-05-20,1,Online,24,3,426.87,1369.35,4,Yes
824,876,2024-07-01,6,Online,22,2,1263.19,2576.32,3,Yes
825,1901,2025-11-13,6,Boutique,17,2,1526.79,3229.04,2,Yes
826,753,2024-04-09,6,Boutique,11,2,3218.81,6251.91,3,Yes
827,1380,2025-11-11,8,Boutique,28,1,488.98,452.0,3,Yes
828,1038,2024-05-16,7,Private Client,4,3,2247.59,7194.0,3,Yes
829,71,2025-04-30,1,Online,17,1,1526.79,1458.01,3,Yes
830,1836,2024-12-16,5,Boutique,21,2,2018.96,4185.54,3,Yes
831,1547,2025-06-10,1,Boutique,5,1,1450.83,1487.73,4,Yes
832,106,2024-05-15,3,Online,4,1,2247.59,2124.66,3,Yes
833,770,2025-01-04,6,Boutique,25,2,464.55,883.88,4,Yes
834,2010,2024-08-15,1,Online,24,2,426.87,830.39,4,Yes
835,2193,2024-02-11,6,Boutique,10,1,8420.05,8766.19,4,Yes
836,1374,2024-12-03,1,Online,3,3,2487.59,6912.61,3,Yes
837,1710,2023-10-13,1,Online,21,3,2018.96,5966.82,4,Yes
838,216,2023-05-27,3,Boutique,6,3,1450.79,4467.35,3,Yes
839,1117,2025-03-04,2,Online,21,1,2018.96,1912.83,2,Yes
840,260,2024-01-19,5,Boutique,8,3,9400.29,26483.63,4,Yes
841,934,2023-01-11,6,Boutique,5,3,1450.83,4276.03,3,Yes
842,575,2023-10-03,1,Boutique,8,3,9400.29,27237.8,4,Yes
843,1565,2025-06-04,1,Online,10,1,8420.05,8620.91,4,Yes
844,1811,2025-08-21,9,Online,26,2,602.77,1296.11,5,Yes
845,285,2023-10-30,1,Online,19,1,1731.11,1593.86,4,Yes
846,1955,2023-07-23,4,Online,21,1,2018.96,2148.94,3,Yes
847,70,2023-12-11,4,Boutique,4,1,2247.59,2223.58,3,Yes
848,379,2025-04-05,3,Boutique,27,1,356.86,366.22,2,Yes
849,1303,2023-01-22,6,Boutique,6,1,1450.79,1532.27,4,Yes
850,255,2025-04-18,3,Online,3,2,2487.59,5033.66,3,Yes
851,1708,2024-06-19,9,Private Client,28,3,488.98,1372.42,2,Yes
852,692,2025-09-07,7,Boutique,26,2,602.77,1136.22,5,Yes
853,1288,2023-09-20,6,Online,4,1,2247.59,2351.62,3,Yes
854,834,2024-08-06,4,Boutique,27,1,356.86,341.39,2,Yes
855,2036,2025-10-09,4,Boutique,4,3,2247.59,6817.25,3,Yes
856,1968,2024-01-18,6,Boutique,5,1,1450.83,1434.14,4,Yes
857,100,2025-07-05,8,Online,27,1,356.86,345.65,4,Yes
858,1853,2024-01-27,6,Boutique,15,1,3992.76,4176.09,3,Yes
859,1572,2025-06-07,9,Private Client,16,2,4000.34,8296.66,4,Yes
860,112,2024-06-23,10,Boutique,6,1,1450.79,1484.71,4,Yes
861,183,2024-07-19,5,Boutique,18,3,1879.61,5523.95,3,Yes
862,165,2025-06-02,9,Boutique,26,1,602.77,576.39,3,Yes
863,2138,2023-08-16,10,Online,12,2,7775.57,15590.69,4,Yes
864,2024,2024-04-17,5,Boutique,24,2,426.87,897.06,2,Yes
865,455,2024-01-07,4,Online,20,1,1505.97,1524.2,5,Yes
866,2023,2023-02-06,4,Boutique,7,1,4390.12,4720.36,3,Yes
867,727,2024-11-21,1,Boutique,23,2,395.7,730.04,3,Yes
868,2106,2025-04-23,5,Online,12,3,7775.57,25186.68,4,Yes
869,542,2025-11-26,3,Boutique,14,2,4139.23,8531.99,4,Yes
870,1938,2023-04-11,6,Online,13,1,7115.72,7494.47,4,Yes
871,1022,2024-10-19,1,Boutique,26,3,602.77,1760.56,3,Yes
872,842,2023-03-31,10,Online,11,3,3218.81,9669.32,4,Yes
873,1703,2025-10-26,2,Online,11,2,3218.81,6743.52,4,Yes
874,1690,2025-06-23,6,Private Client,2,1,2881.29,3001.45,4,Yes
875,519,2023-04-05,1,Boutique,14,3,4139.23,12087.94,3,Yes
876,197,2024-09-23,2,Online,15,3,3992.76,11641.76,3,Yes
877,2094,2023-05-03,5,Boutique,23,1,395.7,406.01,4,Yes
878,1421,2024-01-01,10,Boutique,28,2,488.98,1045.82,4,Yes
879,1689,2024-11-21,1,Boutique,1,2,1844.17,3652.22,2,Yes
880,1000,2023-11-21,8,Boutique,12,1,7775.57,7592.62,3,Yes
881,2122,2024-02-11,8,Online,14,1,4139.23,4400.62,4,Yes
882,1638,2025-09-22,8,Online,18,1,1879.61,1934.66,4,Yes
883,1871,2024-06-02,3,Boutique,21,2,2018.96,3965.74,3,Yes
884,633,2025-06-14,3,Online,24,3,426.87,1189.9,4,Yes
885,575,2023-03-18,1,Boutique,28,1,488.98,506.31,4,Yes
886,1108,2023-08-22,1,Online,23,2,395.7,772.77,2,Yes
887,1039,2025-04-09,1,Online,3,2,2487.59,4633.34,3,Yes
888,1891,2024-08-08,3,Online,26,1,602.77,613.6,2,Yes
889,478,2024-04-28,1,Boutique,25,2,464.55,902.79,4,Yes
890,367,2023-09-28,3,Online,12,2,7775.57,15149.19,4,Yes
891,1837,2025-07-27,10,Boutique,5,1,1450.83,1445.99,3,Yes
892,1716,2024-04-13,1,Online,3,2,2487.59,5148.3,3,Yes
893,1618,2024-09-23,7,Boutique,7,1,4390.12,4233.01,4,Yes
894,13,2024-06-30,1,Online,16,2,4000.34,7464.25,3,Yes
895,536,2024-12-19,1,Boutique,20,1,1505.97,1487.76,1,Yes
896,376,2025-10-04,8,Online,17,1,1526.79,1418.06,4,Yes
897,1725,2023-09-27,1,Boutique,21,2,2018.96,4165.37,4,Yes
898,257,2024-08-27,6,Online,27,2,356.86,766.16,4,Yes
899,450,2025-08-22,6,Online,8,1,9400.29,9639.07,2,Yes
900,894,2024-01-13,5,Private Client,15,1,3992.76,3849.27,2,Yes
901,1185,2023-06-26,1,Online,28,1,488.98,464.08,4,Yes
902,2080,2023-10-01,9,Boutique,20,2,1505.97,2883.17,4,Yes
903,1848,2024-09-28,5,Online,15,1,3992.76,3814.91,3,Yes
904,1284,2023-01-27,9,Boutique,23,1,395.7,383.91,2,Yes
905,1309,2024-07-29,1,Online,8,2,9400.29,17589.36,3,Yes
906,610,2023-03-01,1,Private Client,25,1,464.55,493.96,3,Yes
907,917,2024-12-31,1,Boutique,11,1,3218.81,3417.15,4,Yes
908,1626,2024-10-22,3,Online,25,1,464.55,473.12,4,Yes
909,148,2023-09-27,1,Online,21,3,2018.96,5632.34,3,Yes
910,656,2023-09-02,6,Boutique,22,1,1263.19,1324.63,4,Yes
911,2115,2024-10-21,6,Boutique,23,2,395.7,735.91,3,Yes
912,1817,2023-03-26,10,Boutique,10,1,8420.05,7889.82,3,Yes
913,1303,2025-06-25,6,Private Client,18,1,1879.61,1827.07,4,Yes
914,443,2024-06-19,1,Boutique,9,2,7756.91,15343.71,3,Yes
915,399,2023-03-30,4,Boutique,16,1,4000.34,3906.82,4,Yes
916,1152,2024-07-02,5,Boutique,1,1,1844.17,1745.39,3,Yes
917,1708,2025-05-03,9,Boutique,22,2,1263.19,2369.59,5,Yes
918,1988,2025-06-13,4,Online,6,1,1450.79,1534.22,4,Yes
919,1671,2024-05-21,10,Boutique,23,1,395.7,387.04,3,Yes
920,1582,2024-02-12,5,Private Client,2,2,2881.29,5503.13,4,Yes
921,507,2024-06-07,7,Boutique,13,1,7115.72,7100.91,4,Yes
922,161,2024-08-29,5,Boutique,22,1,1263.19,1169.58,4,Yes
923,340,2025-09-29,9,Boutique,6,2,1450.79,2948.14,4,Yes
924,1826,2024-03-23,8,Private Client,9,2,7756.91,14889.52,4,Yes
925,1499,2024-06-26,2,Boutique,14,1,4139.23,4204.26,3,Yes
926,1624,2025-08-06,2,Boutique,24,1,426.87,434.66,4,Yes
927,1487,2023-12-16,1,Boutique,21,2,2018.96,4237.7,3,Yes
928,1507,2025-05-01,4,Boutique,7,1,4390.12,4200.4,3,Yes
929,1177,2023-11-24,5,Online,23,2,395.7,786.77,3,Yes
930,823,2025-11-24,1,Online,5,2,1450.83,3116.1,2,Yes
931,785,2024-09-14,1,Boutique,7,1,4390.12,4549.66,4,Yes
932,131,2024-05-02,1,Boutique,3,2,2487.59,5353.57,4,Yes
933,1476,2024-05-01,3,Online,23,1,395.7,422.76,4,No
934,1500,2023-05-25,2,Boutique,13,2,7115.72,14483.62,3,Yes
935,781,2025-01-25,4,Boutique,22,1,1263.19,1215.48,3,Yes
936,1708,2023-05-26,9,Boutique,12,1,7775.57,8095.21,4,Yes
937,1770,2025-10-17,1,Boutique,6,1,1450.79,1496.78,3,Yes
938,1319,2025-04-07,3,Boutique,2,1,2881.29,2922.27,4,Yes
939,1939,2024-09-18,1,Boutique,15,2,3992.76,8238.28,3,Yes
940,1459,2024-06-17,3,Boutique,15,1,3992.76,4065.32,4,Yes
941,376,2024-09-21,8,Boutique,18,1,1879.61,1885.44,4,Yes
942,661,2025-05-30,7,Online,23,2,395.7,780.76,1,Yes
943,2123,2024-02-19,3,Private Client,17,3,1526.79,4246.71,4,Yes
944,1404,2023-09-14,5,Private Client,25,1,464.55,491.73,4,Yes
945,741,2023-03-28,3,Online,3,1,2487.59,2633.08,3,Yes
946,304,2025-06-23,7,Boutique,22,1,1263.19,1282.2,4,Yes
947,1086,2024-07-23,5,Boutique,3,1,2487.59,2395.2,3,Yes
948,786,2025-01-11,9,Online,28,1,488.98,452.06,3,Yes
949,1211,2023-04-18,10,Boutique,9,3,7756.91,21414.39,5,Yes
950,229,2025-11-08,9,Boutique,10,1,8420.05,7844.67,2,Yes
951,1855,2023-06-09,6,Boutique,12,2,7775.57,15202.51,3,Yes
952,268,2023-04-10,5,Boutique,23,2,395.7,751.94,4,Yes
953,254,2023-09-22,3,Online,1,1,1844.17,1774.85,4,Yes
954,870,2025-01-19,9,Online,4,1,2247.59,2319.39,3,Yes
955,2135,2025-12-08,3,Online,21,3,2018.96,6501.84,3,Yes
956,1205,2024-11-07,1,Online,23,1,395.7,377.14,3,Yes
957,1049,2025-03-09,3,Boutique,23,2,395.7,787.05,3,Yes
958,990,2025-12-18,6,Online,5,1,1450.83,1564.92,3,No
959,397,2023-07-02,1,Boutique,28,2,488.98,1045.51,3,Yes
960,938,2024-10-20,3,Online,17,2,1526.79,2981.43,3,Yes
961,440,2024-08-30,8,Boutique,21,1,2018.96,1960.71,3,Yes
962,1928,2024-10-04,9,Online,5,1,1450.83,1390.98,3,Yes
963,2008,2023-12-13,3,Private Client,4,1,2247.59,2123.67,4,Yes
964,35,2025-03-22,8,Boutique,22,1,1263.19,1255.12,4,No
965,721,2025-03-11,9,Boutique,15,2,3992.76,7782.52,3,Yes
966,519,2025-11-19,1,Boutique,24,1,426.87,443.59,4,Yes
967,269,2023-05-26,7,Boutique,10,2,8420.05,16131.11,3,Yes
968,638,2024-05-17,1,Boutique,5,2,1450.83,3011.38,4,Yes
969,1349,2025-03-09,4,Online,14,1,4139.23,3998.92,4,Yes
970,1380,2025-08-25,8,Boutique,24,3,426.87,1299.61,3,Yes
971,90,2024-04-15,1,Boutique,28,1,488.98,499.81,4,Yes
972,1066,2024-11-20,5,Online,21,2,2018.96,4148.9,4,Yes
973,1389,2023-01-01,1,Boutique,13,2,7115.72,13492.18,3,Yes
974,1695,2023-04-20,2,Boutique,19,2,1731.11,3341.85,3,Yes
975,1390,2025-06-12,1,Online,8,1,9400.29,9018.44,3,Yes
976,481,2025-12-23,10,Online,12,1,7775.57,7870.32,3,Yes
977,501,2025-01-25,1,Boutique,20,2,1505.97,2807.49,3,Yes
978,1662,2023-02-22,7,Boutique,19,1,1731.11,1736.17,2,Yes
979,2100,2023-09-19,1,Boutique,19,2,1731.11,3233.7,4,Yes
980,103,2025-06-04,4,Boutique,6,1,1450.79,1412.97,3,Yes
981,1448,2023-08-22,6,Boutique,8,2,9400.29,19362.21,4,Yes
982,1964,2023-03-14,1,Online,10,1,8420.05,8302.26,3,Yes
983,1640,2025-08-08,9,Online,21,3,2018.96,5844.01,4,Yes
984,1328,2024-04-28,8,Boutique,17,1,1526.79,1555.09,3,Yes
985,1680,2025-10-26,1,Boutique,1,3,1844.17,5745.2,2,Yes
986,2158,2025-05-26,9,Boutique,19,1,1731.11,1663.14,2,Yes
987,1589,2025-05-08,10,Boutique,12,1,7775.57,7526.01,5,Yes
988,68,2023-05-17,5,Online,28,1,488.98,499.96,3,Yes
989,1674,2025-02-17,4,Private Client,22,1,1263.19,1357.22,4,Yes
990,308,2024-09-19,1,Boutique,2,2,2881.29,5498.77,3,Yes
991,1376,2024-07-08,7,Boutique,17,1,1526.79,1564.47,3,Yes
992,1823,2025-01-12,2,Online,7,2,4390.12,9351.43,4,Yes
993,1090,2024-07-23,8,Boutique,14,1,4139.23,4114.04,5,Yes
994,460,2024-02-14,2,Boutique,14,1,4139.23,4017.93,4,Yes
995,667,2025-11-25,1,Boutique,12,1,7775.57,7983.17,3,Yes
996,1623,2023-08-18,1,Boutique,16,3,4000.34,11101.29,4,Yes
997,1057,2023-09-19,10,Boutique,18,1,1879.61,1837.56,3,Yes
998,68,2025-06-10,5,Private Client,8,1,9400.29,9036.27,4,Yes
999,1237,2024-03-23,1,Boutique,2,2,2881.29,5508.68,3,Yes
1000,1624,2023-07-05,2,Boutique,11,1,3218.81,3053.88,4,Yes
1001,1375,2023-12-18,1,Online,1,2,1844.17,3828.24,3,Yes
1002,177,2024-01-19,6,Boutique,10,2,8420.05,18066.33,4,Yes
1003,1589,2025-11-25,10,Boutique,18,1,1879.61,1844.96,4,Yes
1004,1354,2023-11-22,3,Boutique,16,1,4000.34,3711.74,5,Yes
1005,626,2024-04-09,7,Boutique,2,2,2881.29,5964.42,3,Yes
1006,179,2024-04-10,1,Online,23,2,395.7,796.24,3,Yes
1007,395,2023-06-11,1,Boutique,17,1,1526.79,1581.42,3,Yes
1008,1169,2024-07-09,10,Private Client,16,1,4000.34,4095.01,4,Yes
1009,876,2023-10-27,6,Online,19,1,1731.11,1843.41,3,Yes
1010,962,2023-12-22,8,Boutique,5,2,1450.83,2734.73,3,Yes
1011,198,2024-07-17,1,Boutique,28,1,488.98,463.1,4,Yes
1012,969,2025-03-03,9,Boutique,23,1,395.7,385.67,4,Yes
1013,669,2025-10-19,2,Boutique,6,2,1450.79,2897.58,3,Yes
1014,1277,2024-08-08,6,Boutique,24,1,426.87,455.95,5,Yes
1015,1911,2025-01-19,5,Boutique,17,2,1526.79,3252.41,4,Yes
1016,72,2023-05-20,1,Private Client,16,2,4000.34,8476.72,5,Yes
1017,223,2023-08-23,2,Boutique,16,1,4000.34,3822.74,4,Yes
1018,1270,2025-10-23,1,Boutique,7,1,4390.12,4551.45,3,Yes
1019,1365,2023-09-13,1,Boutique,16,2,4000.34,7851.54,3,Yes
1020,924,2024-01-06,6,Boutique,9,2,7756.91,16584.11,2,Yes
1021,471,2023-10-05,10,Online,23,1,395.7,377.63,5,Yes
1022,2055,2024-05-30,4,Online,6,1,1450.79,1367.52,3,Yes
1023,188,2025-06-22,1,Boutique,16,1,4000.34,4219.49,3,Yes
1024,2052,2023-09-27,7,Online,9,1,7756.91,8026.12,4,Yes
1025,1669,2024-04-20,1,Online,4,3,2247.59,7089.53,4,Yes
1026,1149,2025-07-16,7,Online,28,2,488.98,924.44,3,Yes
1027,960,2023-03-05,4,Online,26,2,602.77,1279.76,3,Yes
1028,630,2024-04-04,3,Online,22,2,1263.19,2598.18,5,Yes
1029,775,2025-11-05,6,Boutique,6,2,1450.79,2971.94,3,Yes
1030,360,2024-07-17,1,Boutique,26,2,602.77,1221.47,4,Yes
1031,518,2025-11-08,3,Boutique,14,1,4139.23,4314.65,5,Yes
1032,1344,2025-06-26,1,Boutique,3,1,2487.59,2454.0,2,Yes
1033,1970,2023-04-03,1,Private Client,23,2,395.7,744.91,3,Yes
1034,921,2025-02-11,8,Online,17,2,1526.79,3072.76,4,Yes
1035,935,2025-03-20,1,Private Client,11,1,3218.81,3346.58,4,Yes
1036,1987,2025-11-06,5,Boutique,24,1,426.87,403.21,3,Yes
1037,901,2025-04-19,6,Online,8,2,9400.29,17970.41,3,Yes
1038,1729,2024-05-02,10,Online,8,2,9400.29,19391.81,3,No
1039,1370,2025-10-30,1,Online,25,1,464.55,447.43,4,Yes
1040,1219,2025-01-18,1,Online,4,2,2247.59,4257.79,5,Yes
1041,377,2024-06-11,2,Boutique,15,1,3992.76,4241.52,5,Yes
1042,1775,2024-07-07,3,Boutique,16,1,4000.34,3783.29,4,Yes
1043,1506,2024-05-29,2,Private Client,22,3,1263.19,3695.07,3,Yes
1044,1268,2024-01-12,1,Boutique,11,1,3218.81,3181.95,3,Yes
1045,1011,2024-04-28,1,Boutique,28,2,488.98,974.23,5,Yes
1046,1195,2024-03-27,4,Boutique,7,2,4390.12,8585.4,3,Yes
1047,1231,2025-02-25,1,Boutique,18,1,1879.61,2003.68,3,Yes
1048,1178,2025-11-29,7,Online,6,1,1450.79,1487.61,5,Yes
1049,2096,2023-10-29,4,Online,24,2,426.87,834.55,3,Yes
1050,1673,2025-12-21,10,Private Client,4,1,2247.59,2196.42,4,Yes
1051,1929,2025-09-25,6,Boutique,5,1,1450.83,1451.52,3,Yes
1052,173,2023-01-18,6,Boutique,24,1,426.87,395.02,3,Yes
1053,294,2024-02-02,6,Private Client,3,1,2487.59,2657.4,4,Yes
1054,552,2025-10-03,2,Private Client,6,1,1450.79,1386.56,3,Yes
1055,1471,2024-08-16,3,Private Client,14,1,4139.23,4270.09,4,Yes
1056,1040,2023-07-08,1,Online,1,2,1844.17,3852.23,4,Yes
1057,1663,2023-04-14,1,Boutique,20,1,1505.97,1584.85,3,Yes
1058,885,2023-02-02,6,Boutique,14,3,4139.23,11753.38,4,Yes
1059,1373,2025-01-18,1,Online,6,1,1450.79,1459.31,3,Yes
1060,1227,2024-01-09,6,Online,3,2,2487.59,4643.77,4,Yes
1061,134,2025-11-01,6,Online,17,1,1526.79,1601.25,5,Yes
1062,771,2025-01-10,6,Boutique,22,2,1263.19,2520.9,5,Yes
1063,1090,2025-06-08,8,Online,14,1,4139.23,3913.06,3,Yes
1064,480,2024-03-31,8,Boutique,19,2,1731.11,3583.36,4,Yes
1065,863,2023-09-06,6,Boutique,24,2,426.87,830.68,4,Yes
1066,459,2024-03-23,1,Boutique,7,1,4390.12,4119.34,4,Yes
1067,626,2025-10-14,7,Private Client,11,3,3218.81,9596.29,4,Yes
1068,159,2025-09-06,8,Boutique,7,1,4390.12,4204.15,3,Yes
1069,1278,2025-10-24,8,Boutique,13,3,7115.72,22884.91,4,Yes
1070,2008,2023-06-22,3,Boutique,28,1,488.98,478.13,4,Yes
1071,1921,2024-01-06,2,Online,24,1,426.87,431.82,3,Yes
1072,940,2025-03-01,2,Boutique,23,1,395.7,424.09,4,Yes
1073,1573,2025-01-18,1,Private Client,21,1,2018.96,1984.63,3,Yes
1074,432,2025-02-25,1,Boutique,26,1,602.77,589.09,3,Yes
1075,1051,2025-04-19,1,Boutique,24,1,426.87,403.81,5,Yes
1076,1004,2024-02-04,6,Online,14,3,4139.23,13288.52,3,Yes
1077,2115,2025-12-17,6,Boutique,24,1,426.87,447.41,4,Yes
1078,2144,2024-07-01,1,Boutique,11,2,3218.81,6150.26,4,Yes
1079,215,2024-02-12,9,Boutique,8,1,9400.29,9148.62,4,Yes
1080,1671,2024-10-02,10,Online,12,2,7775.57,16583.52,3,Yes
1081,1314,2023-03-05,4,Boutique,15,2,3992.76,8033.15,5,Yes
1082,885,2024-07-27,6,Boutique,10,1,8420.05,8495.94,4,Yes
1083,2087,2024-02-24,6,Online,22,3,1263.19,3879.39,4,Yes
1084,1888,2023-05-26,6,Boutique,2,3,2881.29,9006.45,3,Yes
1085,939,2023-01-17,6,Boutique,24,1,426.87,456.87,3,Yes
1086,939,2023-04-08,6,Boutique,13,2,7115.72,14919.62,2,Yes
1087,206,2024-03-27,5,Online,10,2,8420.05,18010.96,5,Yes
1088,942,2025-09-01,5,Boutique,17,1,1526.79,1605.11,3,Yes
1089,555,2025-06-16,5,Online,25,1,464.55,430.84,3,Yes
1090,1520,2025-10-12,6,Online,25,1,464.55,436.12,4,Yes
1091,771,2024-04-23,6,Boutique,22,3,1263.19,4022.94,5,Yes
1092,249,2023-07-20,8,Private Client,10,1,8420.05,7783.76,4,Yes
1093,1098,2023-06-28,6,Boutique,22,1,1263.19,1322.65,3,Yes
1094,373,2024-05-22,1,Boutique,6,1,1450.79,1532.0,5,Yes
1095,1855,2024-03-28,6,Online,27,1,356.86,352.03,3,Yes
1096,835,2023-09-27,5,Boutique,20,1,1505.97,1471.0,2,Yes
1097,702,2024-04-30,1,Boutique,1,1,1844.17,1754.0,3,Yes
1098,2186,2024-07-31,10,Boutique,17,1,1526.79,1416.6,3,Yes
1099,942,2023-12-04,5,Boutique,1,3,1844.17,5749.72,3,Yes
1100,996,2025-05-10,10,Boutique,5,1,1450.83,1351.88,4,Yes
1101,794,2025-01-26,1,Online,15,2,3992.76,8553.67,2,Yes
1102,678,2025-01-26,10,Online,23,2,395.7,765.66,3,Yes
1103,1814,2024-08-06,4,Boutique,1,1,1844.17,1930.99,3,Yes
1104,1562,2025-12-08,6,Boutique,17,2,1526.79,2838.45,5,Yes
1105,453,2023-12-12,6,Boutique,14,2,4139.23,8326.51,4,Yes
1106,1139,2024-12-02,8,Boutique,13,2,7115.72,13887.84,5,Yes
1107,51,2023-10-20,3,Boutique,28,1,488.98,452.21,3,Yes
1108,1393,2025-03-06,2,Boutique,11,1,3218.81,3299.05,5,Yes
1109,1539,2025-10-18,6,Boutique,12,1,7775.57,8326.9,3,Yes
1110,210,2023-03-18,1,Boutique,6,1,1450.79,1337.22,4,Yes
1111,888,2025-03-27,4,Online,11,1,3218.81,3100.58,3,Yes
1112,1927,2025-06-14,10,Boutique,2,3,2881.29,8925.46,4,Yes
1113,850,2024-10-12,6,Private Client,18,1,1879.61,1991.26,4,Yes
1114,1878,2024-06-30,1,Online,12,1,7775.57,7390.87,2,Yes
1115,627,2024-01-29,4,Private Client,23,1,395.7,368.52,5,Yes
1116,1459,2023-11-21,3,Online,15,2,3992.76,7357.72,4,Yes
1117,1251,2023-05-31,1,Online,9,2,7756.91,14806.9,3,Yes
1118,663,2025-05-28,2,Online,8,1,9400.29,8755.53,3,Yes
1119,268,2025-11-21,5,Boutique,18,3,1879.61,5511.96,3,Yes
1120,2164,2023-09-29,9,Online,16,1,4000.34,3962.02,3,Yes
1121,1624,2025-04-15,2,Online,23,3,395.7,1183.29,5,Yes
1122,1854,2024-01-03,8,Boutique,21,3,2018.96,5710.26,4,Yes
1123,754,2024-08-12,5,Online,27,1,356.86,354.8,3,Yes
1124,1353,2024-08-10,1,Boutique,10,1,8420.05,7758.64,3,Yes
1125,1869,2024-07-25,6,Boutique,12,2,7775.57,14902.77,5,Yes
1126,1064,2023-03-21,6,Boutique,20,2,1505.97,2948.85,4,Yes
1127,182,2023-09-15,1,Online,12,3,7775.57,21902.29,4,Yes
1128,1514,2023-10-06,1,Online,10,1,8420.05,8843.08,4,Yes
1129,903,2024-05-18,1,Online,14,2,4139.23,7882.7,4,Yes
1130,1143,2024-07-11,6,Online,4,1,2247.59,2339.25,3,Yes
1131,1507,2024-05-05,4,Boutique,15,1,3992.76,3976.08,2,Yes
1132,2140,2024-07-19,1,Private Client,20,2,1505.97,3002.18,3,Yes
1133,2003,2024-06-04,1,Boutique,9,1,7756.91,7937.11,2,Yes
1134,1185,2023-11-22,1,Private Client,7,2,4390.12,8140.02,5,Yes
1135,149,2023-03-25,6,Boutique,7,2,4390.12,8188.46,3,Yes
1136,2165,2025-04-20,6,Boutique,20,2,1505.97,2928.49,4,No
1137,2093,2023-11-16,8,Online,9,1,7756.91,7653.68,3,Yes
1138,1801,2023-10-31,8,Online,24,1,426.87,422.09,3,Yes
1139,2022,2024-11-20,1,Boutique,10,1,8420.05,8658.35,4,Yes
1140,1843,2024-02-11,8,Online,20,1,1505.97,1385.66,4,Yes
1141,2037,2025-11-15,1,Boutique,13,1,7115.72,7638.42,2,Yes
1142,1399,2024-11-14,1,Boutique,6,2,1450.79,2750.46,4,Yes
1143,1571,2023-08-21,1,Online,4,2,2247.59,4314.39,3,Yes
1144,1874,2025-10-18,1,Boutique,17,1,1526.79,1625.88,3,Yes
1145,1973,2024-07-02,2,Online,21,3,2018.96,5577.65,3,Yes
1146,2073,2025-11-02,9,Boutique,26,2,602.77,1300.31,5,Yes
1147,714,2024-05-10,2,Boutique,14,2,4139.23,7663.81,3,Yes
1148,1809,2024-09-09,1,Boutique,27,1,356.86,335.19,4,Yes
1149,223,2025-04-27,2,Boutique,3,1,2487.59,2384.15,4,Yes
1150,864,2025-10-02,8,Boutique,1,1,1844.17,1826.09,4,Yes
1151,530,2024-01-19,1,Online,18,1,1879.61,1885.16,3,Yes
1152,1212,2025-10-13,1,Private Client,2,2,2881.29,5398.13,4,Yes
1153,1426,2024-10-03,6,Online,8,1,9400.29,8759.08,3,Yes
1154,654,2023-11-12,2,Online,16,1,4000.34,3700.7,4,Yes
1155,1160,2023-09-13,1,Boutique,4,1,2247.59,2160.11,3,Yes
1156,1843,2024-03-16,8,Boutique,19,1,1731.11,1847.87,4,Yes
1157,444,2023-10-26,10,Boutique,20,1,1505.97,1479.43,4,Yes
1158,574,2025-07-03,2,Boutique,10,1,8420.05,8775.72,3,Yes
1159,2177,2023-09-13,7,Online,17,3,1526.79,4353.32,4,Yes
1160,1011,2024-10-12,1,Boutique,17,1,1526.79,1420.45,4,Yes
1161,341,2023-02-16,1,Boutique,21,2,2018.96,4072.99,3,Yes
1162,1281,2025-06-21,3,Boutique,7,2,4390.12,9232.73,3,Yes
1163,100,2024-04-07,8,Boutique,9,1,7756.91,8251.44,3,Yes
1164,2087,2023-01-31,6,Boutique,7,2,4390.12,8845.15,4,Yes
1165,150,2023-02-24,3,Online,27,2,356.86,690.2,5,Yes
1166,1657,2023-06-02,1,Boutique,21,1,2018.96,1892.82,4,Yes
1167,1354,2024-03-31,3,Online,3,1,2487.59,2554.39,4,Yes
1168,1144,2023-10-13,10,Boutique,24,1,426.87,411.87,5,Yes
1169,1608,2023-02-05,1,Online,12,2,7775.57,16406.98,3,Yes
1170,1838,2025-03-28,9,Online,23,2,395.7,804.71,4,Yes
1171,244,2023-09-13,8,Online,4,3,2247.59,7129.94,3,Yes
1172,587,2023-06-27,8,Boutique,17,1,1526.79,1543.07,4,Yes
1173,856,2024-05-22,1,Boutique,3,1,2487.59,2595.75,3,Yes
1174,2147,2023-01-21,1,Private Client,11,2,3218.81,6225.75,4,Yes
1175,2036,2023-03-16,4,Boutique,8,1,9400.29,9404.89,3,Yes
1176,830,2024-12-19,5,Boutique,2,2,2881.29,5319.47,4,Yes
1177,1387,2024-04-04,5,Boutique,25,1,464.55,472.56,4,Yes
1178,1717,2025-11-26,4,Online,14,1,4139.23,4161.57,4,Yes
1179,1688,2024-09-21,10,Boutique,4,1,2247.59,2339.39,3,Yes
1180,56,2023-01-01,1,Online,16,3,4000.34,12440.65,2,Yes
1181,1726,2025-07-24,1,Boutique,14,1,4139.23,4223.75,3,Yes
1182,1954,2023-11-07,8,Boutique,7,2,4390.12,8157.45,3,Yes
1183,1046,2025-01-31,1,Boutique,10,2,8420.05,17925.98,3,Yes
1184,185,2024-11-13,6,Boutique,12,1,7775.57,7175.94,4,Yes
1185,522,2023-11-11,7,Boutique,23,3,395.7,1244.7,5,Yes
1186,1602,2023-11-03,4,Boutique,28,3,488.98,1462.09,4,Yes
1187,1249,2024-09-10,1,Boutique,8,1,9400.29,9878.57,2,Yes
1188,1659,2023-01-07,9,Online,23,1,395.7,393.49,3,Yes
1189,1062,2025-11-01,1,Online,11,2,3218.81,6588.97,3,Yes
1190,1003,2024-05-28,1,Boutique,20,2,1505.97,2946.05,3,Yes
1191,2171,2023-12-15,5,Boutique,13,1,7115.72,7393.15,2,Yes
1192,2018,2025-07-05,6,Boutique,12,2,7775.57,14939.49,4,Yes
1193,1929,2025-10-27,6,Boutique,7,2,4390.12,9088.4,4,Yes
1194,394,2024-05-14,8,Boutique,21,2,2018.96,3839.82,4,Yes
1195,1618,2024-04-19,7,Private Client,12,3,7775.57,24155.9,4,Yes
1196,661,2024-06-07,7,Online,10,1,8420.05,8142.08,3,Yes
1197,1429,2025-12-16,6,Online,7,1,4390.12,4234.63,3,Yes
1198,1155,2024-08-12,6,Boutique,19,2,1731.11,3634.77,4,Yes
1199,69,2023-08-21,5,Online,26,1,602.77,633.02,3,Yes
1200,320,2025-03-01,1,Online,27,1,356.86,367.79,4,Yes
1201,584,2025-11-19,8,Boutique,7,2,4390.12,9375.76,4,Yes
1202,1865,2024-01-02,8,Private Client,23,1,395.7,373.93,5,Yes
1203,1184,2023-02-25,4,Boutique,18,2,1879.61,3620.47,4,Yes
1204,582,2023-01-10,6,Boutique,24,1,426.87,412.8,3,Yes
1205,1768,2023-05-27,1,Boutique,23,2,395.7,766.74,4,Yes
1206,1557,2023-12-30,10,Online,25,1,464.55,451.77,5,Yes
1207,1799,2023-09-10,1,Online,12,3,7775.57,24062.0,4,Yes
1208,111,2025-07-28,3,Online,4,1,2247.59,2165.15,3,Yes
1209,999,2025-01-05,8,Private Client,25,2,464.55,897.28,4,Yes
1210,758,2023-12-06,9,Boutique,1,1,1844.17,1864.95,3,Yes
1211,283,2024-09-15,4,Boutique,5,1,1450.83,1379.65,4,Yes
1212,1743,2024-12-05,4,Online,10,2,8420.05,16476.05,4,Yes
1213,1071,2023-11-19,7,Private Client,7,1,4390.12,4079.61,4,Yes
1214,1394,2025-05-10,5,Boutique,20,1,1505.97,1615.01,4,Yes
1215,801,2023-04-05,7,Private Client,7,1,4390.12,4261.79,3,Yes
1216,131,2024-07-06,1,Boutique,28,2,488.98,1032.73,3,Yes
1217,1294,2025-02-28,1,Online,25,1,464.55,466.78,3,Yes
1218,1964,2024-07-06,1,Online,13,1,7115.72,6806.29,3,Yes
1219,61,2023-04-26,9,Online,14,1,4139.23,3936.19,2,Yes
1220,1549,2024-09-23,1,Boutique,5,2,1450.83,2992.17,4,Yes
1221,272,2023-09-27,1,Boutique,21,3,2018.96,6507.38,3,Yes
1222,1782,2025-05-10,1,Boutique,2,2,2881.29,5470.37,3,Yes
1223,2181,2023-10-18,2,Online,14,3,4139.23,11653.6,4,Yes
1224,1268,2023-01-09,1,Online,21,1,2018.96,1982.49,3,Yes
1225,1458,2024-09-21,3,Private Client,8,1,9400.29,9240.58,3,No
1226,38,2025-05-13,5,Boutique,20,1,1505.97,1579.76,4,Yes
1227,1895,2024-04-19,6,Boutique,2,1,2881.29,2866.95,3,Yes
1228,1343,2024-06-20,10,Boutique,8,1,9400.29,8742.21,3,No
1229,474,2024-11-15,5,Boutique,20,1,1505.97,1607.33,3,Yes
1230,59,2025-10-31,6,Online,5,1,1450.83,1421.39,3,Yes
1231,1964,2024-09-04,1,Online,12,3,7775.57,23955.72,2,Yes
1232,1919,2025-02-15,4,Private Client,7,1,4390.12,4507.77,3,Yes
1233,904,2024-08-17,8,Boutique,27,1,356.86,331.53,4,Yes
1234,383,2023-10-03,2,Boutique,21,1,2018.96,1858.61,4,Yes
1235,1412,2024-01-05,6,Boutique,13,1,7115.72,6646.69,3,Yes
1236,85,2023-12-11,9,Online,15,1,3992.76,4284.41,3,Yes
1237,1534,2024-01-03,1,Private Client,10,2,8420.05,17632.24,4,Yes
1238,1091,2024-12-31,2,Boutique,4,1,2247.59,2115.26,3,Yes
1239,129,2023-01-15,6,Boutique,16,2,4000.34,8147.73,3,Yes
1240,2077,2025-01-27,8,Online,7,1,4390.12,4468.77,4,Yes
1241,1569,2024-11-18,2,Online,13,1,7115.72,6547.1,3,Yes
1242,692,2023-01-04,7,Boutique,4,2,2247.59,4444.16,3,Yes
1243,1961,2024-06-16,4,Online,26,1,602.77,623.19,3,Yes
1244,133,2025-09-12,3,Boutique,12,1,7775.57,7385.91,4,Yes
1245,1209,2025-04-13,8,Private Client,20,1,1505.97,1590.52,4,Yes
1246,646,2023-12-29,5,Boutique,2,2,2881.29,5910.38,2,Yes
1247,1613,2023-04-27,5,Boutique,5,1,1450.83,1336.37,3,Yes
1248,516,2023-05-08,6,Boutique,8,2,9400.29,19868.19,4,Yes
1249,2046,2023-03-19,8,Boutique,4,1,2247.59,2074.76,3,Yes
1250,1864,2025-01-10,4,Boutique,27,1,356.86,379.01,4,Yes
1251,933,2025-02-12,1,Online,2,3,2881.29,8413.9,4,Yes
1252,1664,2023-03-23,5,Boutique,25,1,464.55,479.32,3,Yes
1253,557,2023-12-08,6,Online,6,2,1450.79,3035.02,4,Yes
1254,1672,2025-03-29,5,Boutique,3,3,2487.59,7201.6,3,Yes
1255,993,2024-07-31,6,Boutique,14,1,4139.23,4044.15,3,Yes
1256,1629,2023-04-06,6,Private Client,10,1,8420.05,8432.9,2,Yes
1257,1692,2024-07-30,1,Online,11,1,3218.81,3261.4,3,Yes
1258,757,2024-06-04,1,Boutique,5,3,1450.83,4207.67,4,Yes
1259,1105,2025-09-22,1,Boutique,22,1,1263.19,1362.71,3,Yes
1260,1271,2023-12-23,6,Online,16,1,4000.34,4152.04,3,Yes
1261,649,2023-07-05,1,Boutique,9,1,7756.91,7476.61,4,Yes
1262,1410,2024-06-26,6,Boutique,21,2,2018.96,4128.65,3,Yes
1263,992,2023-05-31,1,Boutique,16,1,4000.34,3958.97,2,Yes
1264,1331,2025-12-18,2,Boutique,9,1,7756.91,8204.12,4,Yes
1265,628,2023-01-10,1,Boutique,17,2,1526.79,2970.01,3,Yes
1266,2055,2025-05-06,4,Online,12,1,7775.57,7387.23,3,Yes
1267,1950,2023-12-22,4,Boutique,15,3,3992.76,11108.44,3,Yes
1268,954,2025-03-04,7,Boutique,10,1,8420.05,9072.52,3,Yes
1269,1843,2023-08-25,8,Online,4,2,2247.59,4393.93,3,Yes
1270,2121,2023-11-29,5,Online,17,1,1526.79,1458.52,2,Yes
1271,10,2023-01-17,1,Boutique,18,2,1879.61,3754.27,3,Yes
1272,1597,2023-11-20,1,Online,18,1,1879.61,1816.95,4,Yes
1273,122,2023-01-23,2,Online,10,2,8420.05,16120.42,3,Yes
1274,687,2025-07-19,3,Boutique,11,1,3218.81,3278.75,3,Yes
1275,2010,2024-04-03,1,Boutique,21,3,2018.96,5644.87,3,Yes
1276,441,2024-06-04,1,Online,1,1,1844.17,1846.82,3,Yes
1277,591,2024-12-19,8,Boutique,10,1,8420.05,8268.4,4,Yes
1278,1369,2024-07-10,4,Boutique,3,1,2487.59,2500.54,3,Yes
1279,1990,2024-02-07,9,Online,27,1,356.86,346.61,4,Yes
1280,1362,2024-04-01,4,Boutique,6,1,1450.79,1467.11,3,Yes
1281,1208,2025-11-16,3,Online,17,2,1526.79,2849.27,4,Yes
1282,2115,2024-02-01,6,Boutique,12,1,7775.57,7621.5,3,Yes
1283,2065,2023-05-20,1,Boutique,11,1,3218.81,3083.62,4,Yes
1284,1407,2024-06-04,1,Boutique,17,3,1526.79,4535.0,5,Yes
1285,1340,2025-01-15,9,Boutique,3,1,2487.59,2447.13,4,Yes
1286,1521,2023-04-02,1,Online,9,1,7756.91,7919.72,2,Yes
1287,1577,2023-03-18,1,Online,18,2,1879.61,3836.66,3,Yes
1288,908,2025-05-01,2,Boutique,28,2,488.98,964.4,4,Yes
1289,115,2025-04-24,5,Private Client,6,2,1450.79,2753.77,5,Yes
1290,2148,2024-10-28,8,Boutique,3,1,2487.59,2520.19,3,Yes
1291,1369,2025-08-16,4,Boutique,6,1,1450.79,1559.08,2,Yes
1292,139,2025-09-15,2,Boutique,11,2,3218.81,6113.62,4,Yes
1293,828,2025-03-07,1,Boutique,11,3,3218.81,8990.61,2,Yes
1294,846,2023-03-29,4,Online,7,1,4390.12,4224.74,2,Yes
1295,1981,2025-07-03,1,Boutique,13,2,7115.72,14033.16,4,Yes
1296,1553,2023-04-05,1,Boutique,13,1,7115.72,6895.06,4,Yes
1297,1316,2024-07-04,6,Boutique,7,2,4390.12,9250.45,4,Yes
1298,74,2024-02-03,6,Online,14,3,4139.23,12403.84,3,Yes
1299,484,2025-02-05,4,Online,2,1,2881.29,2764.25,2,Yes
1300,16,2025-12-13,9,Online,3,2,2487.59,5333.55,4,Yes
1301,1550,2023-08-31,6,Boutique,4,1,2247.59,2112.76,4,Yes
1302,1360,2024-09-15,1,Boutique,8,1,9400.29,8833.13,4,Yes
1303,1897,2024-12-01,8,Boutique,21,2,2018.96,3873.36,3,Yes
1304,1151,2024-07-17,7,Boutique,1,1,1844.17,1719.29,4,Yes
1305,129,2023-06-11,6,Online,9,2,7756.91,16138.48,4,Yes
1306,511,2023-02-04,4,Boutique,17,1,1526.79,1481.06,4,Yes
1307,423,2025-08-23,7,Boutique,18,1,1879.61,1948.73,3,Yes
1308,1907,2023-02-06,6,Boutique,7,1,4390.12,4574.67,3,Yes
1309,232,2025-04-25,1,Boutique,27,1,356.86,341.87,2,Yes
1310,959,2025-04-08,6,Boutique,3,1,2487.59,2494.9,2,Yes
1311,825,2024-09-14,1,Boutique,22,2,1263.19,2534.3,4,Yes
1312,65,2024-06-04,7,Boutique,16,3,4000.34,12714.1,4,Yes
1313,833,2023-04-15,7,Private Client,8,3,9400.29,26060.45,3,Yes
1314,615,2023-06-05,1,Boutique,5,1,1450.83,1408.3,3,Yes
1315,2029,2023-12-02,4,Online,17,1,1526.79,1620.23,4,Yes
1316,801,2025-11-15,7,Online,26,1,602.77,577.39,2,Yes
1317,1968,2023-10-23,6,Online,28,1,488.98,460.57,4,Yes
1318,278,2025-06-04,10,Boutique,19,1,1731.11,1752.2,4,Yes
1319,2014,2023-03-10,6,Boutique,27,1,356.86,345.78,4,Yes
1320,1718,2023-05-31,5,Online,18,1,1879.61,1869.77,3,Yes
1321,1239,2025-05-06,3,Boutique,22,1,1263.19,1327.87,5,Yes
1322,428,2024-07-30,5,Boutique,5,2,1450.83,2911.27,4,Yes
1323,1525,2024-10-23,8,Boutique,7,1,4390.12,4401.28,3,Yes
1324,1487,2025-01-26,1,Online,18,1,1879.61,1812.9,4,Yes
1325,586,2024-03-27,1,Private Client,13,3,7115.72,22347.46,3,Yes
1326,375,2024-07-23,5,Boutique,22,1,1263.19,1311.66,3,Yes
1327,1524,2024-09-26,6,Boutique,11,3,3218.81,9245.64,4,Yes
1328,93,2023-12-28,8,Online,5,1,1450.83,1409.05,4,Yes
1329,1601,2023-07-22,1,Boutique,22,1,1263.19,1321.52,4,Yes
1330,914,2024-05-01,6,Boutique,15,2,3992.76,7803.73,4,Yes
1331,1346,2023-01-04,5,Boutique,21,2,2018.96,3975.61,4,Yes
1332,1841,2025-11-15,1,Private Client,7,1,4390.12,4294.88,4,Yes
1333,1302,2025-03-11,5,Boutique,5,3,1450.83,4116.85,5,No
1334,1622,2025-09-03,6,Boutique,7,1,4390.12,4278.36,5,Yes
1335,1562,2023-01-27,6,Boutique,17,2,1526.79,3201.59,4,Yes
1336,1754,2025-12-01,9,Online,9,2,7756.91,15491.67,4,Yes
1337,1417,2025-08-22,8,Private Client,6,3,1450.79,4323.27,4,Yes
1338,95,2023-03-05,2,Boutique,9,1,7756.91,7330.41,5,Yes
1339,1780,2025-11-14,1,Private Client,17,1,1526.79,1448.02,4,Yes
1340,959,2023-03-13,6,Boutique,2,1,2881.29,2670.59,4,Yes
1341,1131,2025-06-18,8,Boutique,23,1,395.7,364.93,3,Yes
1342,1414,2023-09-25,1,Private Client,20,2,1505.97,3006.16,2,Yes
1343,1784,2023-04-05,7,Boutique,13,2,7115.72,14024.76,3,Yes
1344,2119,2024-01-30,4,Boutique,26,1,602.77,581.11,3,Yes
1345,664,2025-05-18,4,Boutique,17,2,1526.79,3293.0,4,Yes
1346,969,2023-12-30,9,Online,21,2,2018.96,3972.02,5,Yes
1347,2099,2023-04-27,6,Online,20,2,1505.97,3151.14,4,Yes
1348,1167,2023-06-13,1,Online,6,3,1450.79,4150.8,5,Yes
1349,1572,2025-05-26,9,Boutique,23,1,395.7,379.68,4,Yes
1350,1524,2025-02-28,6,Online,27,3,356.86,1082.29,3,Yes
1351,988,2024-07-30,9,Boutique,19,1,1731.11,1593.74,3,Yes
1352,1226,2023-11-02,1,Online,6,1,1450.79,1338.77,4,Yes
1353,1209,2025-02-10,8,Online,2,3,2881.29,8149.05,3,Yes
1354,99,2023-07-19,8,Boutique,28,1,488.98,467.32,4,Yes
1355,1515,2023-06-29,6,Boutique,26,1,602.77,605.46,3,Yes
1356,202,2023-12-24,6,Boutique,13,2,7115.72,14655.49,3,Yes
1357,634,2025-01-09,10,Online,20,1,1505.97,1460.64,2,Yes
1358,746,2024-03-05,3,Boutique,10,1,8420.05,8068.52,4,Yes
1359,490,2025-10-24,8,Boutique,9,2,7756.91,16315.11,3,Yes
1360,579,2024-10-14,1,Boutique,13,2,7115.72,13463.57,3,Yes
1361,273,2024-11-08,1,Boutique,7,2,4390.12,9030.76,3,Yes
1362,1243,2023-09-11,6,Online,18,1,1879.61,2009.33,5,Yes
1363,786,2025-07-29,9,Boutique,22,2,1263.19,2418.13,3,Yes
1364,453,2023-06-16,6,Boutique,14,2,4139.23,7731.37,3,Yes
1365,1176,2025-08-22,2,Online,4,2,2247.59,4840.24,3,Yes
1366,816,2025-05-03,10,Online,8,2,9400.29,18111.05,4,Yes
1367,414,2025-12-21,10,Boutique,12,1,7775.57,7496.47,3,Yes
1368,1551,2023-06-23,6,Boutique,8,1,9400.29,9375.88,4,Yes
1369,431,2024-09-15,1,Private Client,16,2,4000.34,7656.4,5,Yes
1370,895,2024-02-19,9,Boutique,1,1,1844.17,1989.6,4,Yes
1371,1947,2025-01-08,2,Private Client,24,1,426.87,395.65,3,Yes
1372,1108,2024-11-05,1,Boutique,10,1,8420.05,8354.67,3,Yes
1373,192,2023-05-06,8,Boutique,7,1,4390.12,4424.08,3,No
1374,41,2025-07-29,1,Boutique,14,2,4139.23,8234.68,3,Yes
1375,1888,2023-09-10,6,Boutique,17,1,1526.79,1531.8,4,Yes
1376,1860,2023-07-16,1,Private Client,19,1,1731.11,1866.16,4,Yes
1377,1797,2024-02-17,6,Private Client,5,1,1450.83,1538.32,4,Yes
1378,1333,2025-02-14,9,Private Client,19,1,1731.11,1678.05,4,Yes
1379,136,2025-12-13,5,Online,3,1,2487.59,2508.08,4,Yes
1380,1814,2023-08-22,4,Online,1,1,1844.17,1696.73,3,Yes
1381,106,2025-12-21,3,Online,8,2,9400.29,18528.56,2,Yes
1382,519,2023-07-15,1,Online,9,1,7756.91,7339.74,4,Yes
1383,1942,2024-06-25,1,Boutique,5,1,1450.83,1499.89,4,Yes
1384,1566,2023-10-22,1,Boutique,1,2,1844.17,3523.75,3,Yes
1385,126,2024-10-06,5,Online,17,3,1526.79,4762.78,3,Yes
1386,2127,2023-06-05,1,Online,25,1,464.55,450.66,3,Yes
1387,389,2024-02-10,2,Online,14,3,4139.23,13263.74,3,Yes
1388,1559,2025-06-14,6,Online,17,1,1526.79,1513.46,2,Yes
1389,1725,2024-12-26,1,Boutique,9,1,7756.91,8178.29,4,Yes
1390,2122,2025-01-07,8,Online,3,3,2487.59,7615.81,2,Yes
1391,1029,2025-03-07,7,Private Client,3,2,2487.59,5355.2,4,Yes
1392,1943,2024-07-07,1,Boutique,13,3,7115.72,22176.19,4,Yes
1393,82,2024-01-10,1,Private Client,20,1,1505.97,1560.84,5,Yes
1394,1561,2024-03-30,4,Boutique,5,3,1450.83,4188.74,3,Yes
1395,776,2023-07-21,6,Online,6,3,1450.79,4355.75,3,No
1396,278,2025-05-03,10,Online,14,1,4139.23,4000.23,3,Yes
1397,1879,2024-12-24,10,Boutique,6,1,1450.79,1339.21,4,No
1398,1608,2023-12-06,1,Boutique,26,1,602.77,623.08,3,Yes
1399,606,2023-09-19,5,Boutique,25,3,464.55,1334.75,2,Yes
1400,2067,2024-06-26,2,Boutique,17,1,1526.79,1501.71,2,Yes
1401,640,2024-07-04,1,Boutique,9,1,7756.91,7489.62,3,Yes
1402,1790,2024-09-29,7,Boutique,4,1,2247.59,2139.57,4,Yes
1403,1757,2023-06-14,6,Private Client,23,2,395.7,736.59,4,Yes
1404,1367,2025-01-27,3,Boutique,15,2,3992.76,7778.39,3,Yes
1405,2145,2024-09-12,1,Boutique,22,1,1263.19,1178.66,3,Yes
1406,175,2023-02-20,1,Private Client,25,1,464.55,467.55,4,Yes
1407,1377,2024-05-03,6,Private Client,18,1,1879.61,1735.14,3,Yes
1408,348,2023-07-17,2,Online,15,2,3992.76,8547.73,4,Yes
1409,1,2025-11-12,6,Online,27,1,356.86,383.49,3,Yes
1410,63,2024-10-26,1,Boutique,18,2,1879.61,3641.72,4,Yes
1411,1784,2024-10-24,7,Boutique,7,1,4390.12,4221.68,4,Yes
1412,226,2023-09-23,2,Boutique,15,1,3992.76,3740.04,4,Yes
1413,1043,2023-03-14,2,Online,28,1,488.98,520.66,3,Yes
1414,2079,2023-03-18,8,Boutique,25,2,464.55,942.01,4,Yes
1415,845,2024-06-27,6,Online,5,1,1450.83,1476.39,5,Yes
1416,24,2025-05-30,7,Boutique,23,1,395.7,420.76,2,Yes
1417,1235,2024-03-10,2,Boutique,11,1,3218.81,3430.37,4,Yes
1418,1985,2025-12-24,9,Boutique,24,1,426.87,449.3,3,Yes
1419,161,2023-12-23,5,Online,14,1,4139.23,4320.32,4,Yes
1420,1279,2025-07-24,6,Boutique,8,3,9400.29,29903.03,3,Yes
1421,1595,2023-01-18,6,Boutique,4,1,2247.59,2382.79,4,Yes
1422,2162,2024-11-06,6,Boutique,10,3,8420.05,24729.26,4,Yes
1423,1953,2024-07-28,1,Boutique,7,1,4390.12,4722.64,5,Yes
1424,1696,2025-01-20,1,Online,1,1,1844.17,1905.88,4,No
1425,955,2025-09-22,1,Boutique,20,1,1505.97,1474.7,3,Yes
1426,357,2025-10-29,7,Boutique,12,1,7775.57,7703.47,4,Yes
1427,969,2024-09-23,9,Private Client,13,1,7115.72,7328.77,5,Yes
1428,242,2024-01-07,2,Boutique,16,2,4000.34,7822.87,3,Yes
1429,139,2025-08-27,2,Boutique,14,1,4139.23,4355.5,5,Yes
1430,2145,2023-12-19,1,Boutique,13,2,7115.72,13430.07,2,Yes
1431,147,2023-08-12,6,Boutique,5,2,1450.83,3090.89,4,Yes
1432,1081,2025-08-11,6,Boutique,14,1,4139.23,4007.57,4,Yes
1433,1066,2024-01-03,5,Online,26,1,602.77,569.28,3,Yes
1434,543,2024-10-17,5,Online,13,1,7115.72,7523.34,4,Yes
1435,692,2025-12-31,7,Boutique,14,2,4139.23,7933.37,4,Yes
1436,1026,2024-03-08,8,Online,12,3,7775.57,24608.36,3,Yes
1437,1162,2024-05-23,6,Boutique,23,2,395.7,765.6,5,Yes
1438,1641,2024-05-22,1,Boutique,28,1,488.98,522.92,5,Yes
1439,730,2024-09-08,5,Online,22,1,1263.19,1206.41,3,Yes
1440,404,2024-02-24,7,Boutique,20,2,1505.97,2804.55,2,Yes
1441,1940,2025-12-31,3,Boutique,15,1,3992.76,4271.63,3,Yes
1442,1151,2023-03-15,7,Online,19,2,1731.11,3276.99,3,Yes
1443,1736,2024-07-27,5,Boutique,11,2,3218.81,6895.09,1,Yes
1444,1039,2023-05-26,1,Boutique,22,1,1263.19,1328.67,3,Yes
1445,745,2023-02-15,1,Online,26,1,602.77,562.45,4,Yes
1446,319,2023-05-01,6,Online,15,3,3992.76,11873.13,3,Yes
1447,1243,2025-12-02,6,Online,28,1,488.98,455.6,4,Yes
1448,773,2023-04-09,6,Boutique,21,1,2018.96,1963.98,4,Yes
1449,1917,2024-12-06,8,Boutique,12,1,7775.57,7590.83,3,Yes
1450,944,2023-11-07,9,Boutique,19,2,1731.11,3517.41,3,No
1451,2015,2024-02-27,5,Boutique,16,1,4000.34,4304.94,5,Yes
1452,1214,2023-09-29,7,Boutique,4,1,2247.59,2128.83,3,Yes
1453,419,2025-04-04,10,Online,18,2,1879.61,3656.46,3,Yes
1454,865,2023-07-29,8,Boutique,9,1,7756.91,7865.01,4,Yes
1455,789,2025-01-08,6,Boutique,16,3,4000.34,11370.09,3,Yes
1456,1872,2025-03-03,8,Boutique,7,1,4390.12,4538.13,2,Yes
1457,495,2025-11-11,10,Private Client,28,1,488.98,481.44,3,Yes
1458,1063,2025-01-29,10,Private Client,26,1,602.77,646.13,4,Yes
1459,2026,2023-06-08,10,Private Client,19,1,1731.11,1767.08,4,Yes
1460,2169,2025-01-10,4,Boutique,24,2,426.87,835.04,5,No
1461,1986,2023-12-09,1,Boutique,24,2,426.87,883.72,4,Yes
1462,728,2024-11-29,8,Boutique,11,3,3218.81,10179.82,3,Yes
1463,561,2024-02-01,1,Online,17,2,1526.79,3200.39,3,Yes
1464,1153,2024-06-19,10,Boutique,21,2,2018.96,3884.65,4,Yes
1465,540,2023-05-21,4,Boutique,5,3,1450.83,4294.68,4,Yes
1466,660,2025-08-18,2,Boutique,12,2,7775.57,15432.15,4,Yes
1467,1864,2023-08-28,4,Boutique,19,1,1731.11,1700.19,3,Yes
1468,1451,2023-10-19,8,Boutique,2,1,2881.29,2794.1,4,Yes
1469,817,2025-03-27,1,Boutique,1,1,1844.17,1918.75,2,No
1470,1945,2023-03-23,2,Boutique,4,1,2247.59,2072.18,3,Yes
1471,1216,2024-07-13,8,Boutique,28,1,488.98,472.83,3,Yes
1472,12,2025-05-19,4,Boutique,11,2,3218.81,6068.48,2,Yes
1473,1896,2023-06-20,3,Online,26,1,602.77,566.97,4,No
1474,48,2025-09-03,6,Boutique,18,2,1879.61,3625.07,3,Yes
1475,1571,2024-08-02,1,Online,21,2,2018.96,4207.29,3,Yes
1476,577,2024-06-09,1,Boutique,28,1,488.98,525.71,4,Yes
1477,754,2024-06-25,5,Boutique,27,1,356.86,357.69,4,Yes
1478,1060,2023-04-20,1,Online,16,1,4000.34,3897.27,4,Yes
1479,554,2023-11-18,10,Private Client,10,2,8420.05,17727.02,2,Yes
1480,403,2025-06-18,1,Boutique,12,3,7775.57,21711.02,3,Yes
1481,1131,2024-12-14,8,Boutique,2,3,2881.29,8081.21,5,Yes
1482,2087,2023-03-25,6,Boutique,1,1,1844.17,1798.54,4,Yes
1483,2060,2025-08-13,6,Boutique,10,2,8420.05,16701.09,2,Yes
1484,548,2024-01-11,10,Boutique,10,2,8420.05,17642.6,3,Yes
1485,1150,2025-12-12,1,Boutique,28,1,488.98,522.25,3,Yes
1486,63,2024-08-08,1,Boutique,26,2,602.77,1211.57,4,Yes
1487,844,2023-04-10,2,Boutique,10,1,8420.05,8414.18,2,Yes
1488,1009,2023-05-09,3,Online,25,1,464.55,443.22,4,Yes
1489,1843,2025-07-06,8,Online,2,1,2881.29,2858.78,4,Yes
1490,2032,2023-08-07,5,Boutique,26,1,602.77,643.63,3,Yes
1491,1323,2024-04-21,8,Private Client,20,1,1505.97,1480.16,4,Yes
1492,2082,2023-01-22,10,Online,3,1,2487.59,2372.44,3,Yes
1493,752,2024-07-13,6,Boutique,1,1,1844.17,1796.16,2,Yes
1494,49,2024-09-20,7,Boutique,24,2,426.87,855.73,2,No
1495,658,2025-10-15,6,Online,18,1,1879.61,1909.26,3,Yes
1496,1661,2023-12-05,6,Boutique,11,1,3218.81,3184.01,3,Yes
1497,701,2023-06-28,1,Private Client,24,2,426.87,889.06,4,Yes
1498,1081,2024-02-25,6,Boutique,12,1,7775.57,7880.64,3,Yes
1499,2157,2025-10-03,6,Boutique,1,2,1844.17,3785.74,3,Yes
1500,1541,2023-02-18,6,Private Client,6,2,1450.79,3070.07,4,Yes
1501,2072,2025-02-05,3,Private Client,16,1,4000.34,4234.4,4,Yes
1502,1984,2023-01-30,1,Boutique,20,1,1505.97,1434.53,4,Yes
1503,315,2023-03-26,1,Online,3,1,2487.59,2536.68,3,Yes
1504,1701,2025-02-27,8,Boutique,17,3,1526.79,4739.14,3,Yes
1505,1018,2023-11-25,6,Online,26,3,602.77,1705.84,4,Yes
1506,638,2024-09-01,1,Online,16,1,4000.34,4219.73,3,Yes
1507,2136,2024-03-09,8,Boutique,11,3,3218.81,9162.75,3,Yes
1508,1650,2024-08-10,4,Boutique,16,2,4000.34,8383.79,3,Yes
1509,1776,2024-11-20,2,Boutique,12,2,7775.57,14708.81,2,Yes
1510,1967,2024-02-29,7,Boutique,1,1,1844.17,1915.51,3,Yes
1511,1964,2025-02-08,1,Boutique,11,1,3218.81,3037.6,3,Yes
1512,1768,2024-05-26,1,Online,23,1,395.7,388.03,4,Yes
1513,242,2025-10-08,2,Boutique,6,1,1450.79,1368.04,3,Yes
1514,702,2024-07-17,1,Boutique,19,1,1731.11,1667.6,4,Yes
1515,741,2023-10-30,3,Online,12,1,7775.57,8378.35,4,Yes
1516,2114,2023-04-09,5,Boutique,28,1,488.98,458.29,4,Yes
1517,1815,2024-07-10,4,Boutique,2,1,2881.29,2838.17,3,Yes
1518,781,2023-02-11,4,Boutique,10,2,8420.05,17316.79,2,Yes
1519,16,2025-09-17,9,Boutique,19,1,1731.11,1618.82,4,Yes
1520,986,2024-04-12,1,Boutique,28,2,488.98,916.78,3,Yes
1521,367,2024-03-15,3,Online,15,1,3992.76,3764.86,3,Yes
1522,1253,2023-11-23,6,Boutique,8,2,9400.29,19236.71,4,Yes
1523,690,2024-07-22,10,Online,11,2,3218.81,6859.24,4,Yes
1524,1060,2023-02-02,1,Online,23,1,395.7,416.34,5,Yes
1525,847,2024-02-16,1,Online,16,1,4000.34,4309.52,3,Yes
1526,422,2025-03-22,1,Boutique,13,1,7115.72,7204.68,3,Yes
1527,1644,2024-05-22,8,Boutique,28,2,488.98,1050.17,3,Yes
1528,1213,2023-02-25,8,Online,13,1,7115.72,6893.63,5,Yes
1529,608,2024-06-29,4,Boutique,23,1,395.7,390.73,3,Yes
1530,1339,2023-07-15,6,Boutique,5,1,1450.83,1426.7,4,Yes
1531,20,2024-02-17,5,Online,12,3,7775.57,21637.32,3,Yes
1532,676,2024-09-28,1,Online,10,2,8420.05,17728.46,4,Yes
1533,382,2025-01-11,1,Boutique,19,1,1731.11,1599.47,3,Yes
1534,609,2023-05-17,5,Online,17,1,1526.79,1582.95,3,Yes
1535,2191,2024-06-22,8,Boutique,1,1,1844.17,1816.75,4,Yes
1536,62,2024-11-19,5,Boutique,22,1,1263.19,1163.4,3,Yes
1537,1266,2024-12-19,6,Online,15,1,3992.76,3858.57,5,Yes
1538,1155,2025-07-21,6,Online,16,1,4000.34,3901.85,3,Yes
1539,1629,2023-11-02,6,Private Client,20,2,1505.97,3235.88,3,Yes
1540,1627,2024-01-23,1,Boutique,23,2,395.7,811.8,3,Yes
1541,1147,2024-12-25,6,Online,10,2,8420.05,16957.5,3,Yes
1542,1464,2025-07-03,3,Boutique,10,2,8420.05,15835.22,2,Yes
1543,927,2024-07-02,4,Boutique,26,1,602.77,592.27,3,Yes
1544,1443,2024-05-20,6,Online,17,1,1526.79,1413.38,3,Yes
1545,1654,2024-01-23,10,Boutique,22,3,1263.19,3948.24,4,Yes
1546,282,2023-10-20,2,Boutique,23,2,395.7,748.7,3,Yes
1547,886,2023-06-28,4,Boutique,17,1,1526.79,1549.86,4,Yes
1548,1025,2024-11-02,9,Boutique,2,2,2881.29,5946.42,3,Yes
1549,723,2023-03-21,1,Boutique,9,2,7756.91,15182.47,3,Yes
1550,1799,2025-11-03,1,Boutique,25,1,464.55,474.41,3,Yes
1551,1236,2025-12-13,4,Boutique,22,2,1263.19,2633.19,3,Yes
1552,87,2024-03-22,6,Boutique,27,2,356.86,677.65,2,Yes
1553,665,2025-02-04,5,Online,4,2,2247.59,4567.72,3,Yes
1554,862,2025-12-24,1,Online,7,1,4390.12,4554.4,4,Yes
1555,1723,2024-05-17,5,Boutique,5,1,1450.83,1417.65,5,Yes
1556,2109,2024-07-23,1,Boutique,19,3,1731.11,4912.88,2,Yes
1557,2143,2023-04-06,6,Online,4,1,2247.59,2170.67,3,Yes
1558,786,2024-08-07,9,Boutique,18,1,1879.61,2009.85,3,Yes
1559,1577,2023-09-05,1,Boutique,22,1,1263.19,1234.38,3,Yes
1560,1668,2023-05-07,1,Online,3,1,2487.59,2331.45,2,Yes
1561,694,2024-05-13,1,Boutique,23,2,395.7,738.56,3,Yes
1562,1255,2023-02-15,6,Boutique,4,1,2247.59,2132.69,4,Yes
1563,534,2025-09-08,1,Boutique,14,3,4139.23,11677.62,4,Yes
1564,402,2023-09-25,1,Boutique,24,1,426.87,426.53,3,Yes
1565,130,2023-04-04,7,Boutique,27,3,356.86,1044.47,3,Yes
1566,276,2025-01-05,6,Online,14,1,4139.23,4365.34,4,Yes
1567,1859,2024-09-03,1,Online,17,2,1526.79,3239.76,3,Yes
1568,55,2023-03-12,3,Boutique,9,1,7756.91,7723.75,4,Yes
1569,765,2024-08-15,5,Private Client,19,3,1731.11,5516.17,4,Yes
1570,1221,2024-03-24,9,Online,3,1,2487.59,2467.87,4,Yes
1571,642,2024-09-11,2,Boutique,15,1,3992.76,4083.45,4,No
1572,1848,2024-09-05,5,Boutique,21,2,2018.96,3819.89,4,Yes
1573,724,2023-04-01,9,Boutique,26,2,602.77,1119.24,5,Yes
1574,1214,2025-05-26,7,Private Client,1,1,1844.17,1743.87,4,Yes
1575,802,2024-06-11,4,Boutique,19,1,1731.11,1662.38,2,Yes
1576,738,2025-02-13,6,Online,4,1,2247.59,2337.85,3,Yes
1577,758,2024-11-02,9,Boutique,14,1,4139.23,3923.0,3,Yes
1578,1592,2025-02-03,7,Boutique,18,2,1879.61,3537.07,4,Yes
1579,1300,2023-12-27,8,Boutique,12,2,7775.57,16615.11,3,Yes
1580,1842,2024-01-13,6,Online,6,1,1450.79,1494.62,3,Yes
1581,340,2023-12-11,9,Boutique,10,3,8420.05,25152.26,4,Yes
1582,153,2025-03-08,3,Boutique,4,2,2247.59,4203.87,4,No
1583,1589,2024-03-30,10,Boutique,16,1,4000.34,4225.51,4,Yes
1584,1422,2025-06-26,6,Online,1,1,1844.17,1728.58,4,Yes
1585,1468,2023-03-08,6,Online,3,1,2487.59,2531.79,4,Yes
1586,427,2025-09-13,1,Boutique,7,1,4390.12,4507.9,3,Yes
1587,1136,2025-09-05,7,Private Client,3,1,2487.59,2447.84,3,Yes
1588,950,2023-02-12,1,Boutique,22,1,1263.19,1346.3,5,Yes
1589,1374,2023-08-17,1,Boutique,27,2,356.86,662.41,3,Yes
1590,2031,2023-08-22,6,Boutique,15,1,3992.76,4195.99,4,Yes
1591,957,2024-05-11,6,Boutique,6,1,1450.79,1463.28,4,Yes
1592,1702,2025-04-27,6,Boutique,16,2,4000.34,8143.03,3,Yes
1593,1304,2025-11-21,6,Online,17,1,1526.79,1645.71,3,Yes
1594,371,2023-04-23,7,Online,2,2,2881.29,5838.78,3,Yes
1595,703,2025-08-30,1,Online,10,1,8420.05,8820.21,3,Yes
1596,1675,2024-04-03,2,Online,11,1,3218.81,3040.38,3,Yes
1597,2126,2023-01-06,8,Online,28,1,488.98,513.18,4,Yes
1598,50,2025-09-18,1,Boutique,27,2,356.86,743.53,3,Yes
1599,2133,2024-05-08,6,Online,6,1,1450.79,1559.45,4,Yes
1600,2052,2023-03-12,7,Online,18,3,1879.61,6031.93,4,Yes
1601,993,2025-07-27,6,Private Client,15,3,3992.76,11430.13,4,Yes
1602,1135,2024-11-04,3,Boutique,16,1,4000.34,3977.9,4,Yes
1603,1358,2025-11-22,2,Boutique,13,3,7115.72,22752.6,3,Yes
1604,1875,2023-05-23,7,Online,16,1,4000.34,4090.44,3,Yes
1605,763,2025-01-05,1,Online,2,1,2881.29,2864.56,4,Yes
1606,1005,2024-12-26,1,Boutique,20,2,1505.97,2823.48,3,Yes
1607,2167,2023-08-05,1,Boutique,12,1,7775.57,7591.14,4,Yes
1608,350,2024-03-09,1,Boutique,14,2,4139.23,8497.33,4,Yes
1609,687,2025-04-13,3,Private Client,8,1,9400.29,9816.78,3,Yes
1610,542,2025-12-13,3,Boutique,6,2,1450.79,2877.05,3,Yes
1611,361,2024-12-20,7,Boutique,14,3,4139.23,11535.23,4,Yes
1612,1694,2025-07-30,1,Boutique,24,1,426.87,435.97,2,Yes
1613,85,2025-06-25,9,Boutique,15,1,3992.76,4262.09,3,Yes
1614,685,2025-09-21,5,Boutique,20,1,1505.97,1505.11,4,Yes
1615,245,2023-02-24,8,Online,27,3,356.86,1143.97,4,Yes
1616,1359,2025-11-24,7,Private Client,3,1,2487.59,2429.52,4,Yes
1617,596,2025-05-10,5,Boutique,7,2,4390.12,9323.02,4,Yes
1618,1157,2025-10-03,1,Online,16,1,4000.34,4183.61,4,Yes
1619,1824,2024-07-19,8,Boutique,23,2,395.7,849.87,4,Yes
1620,1798,2025-02-09,5,Boutique,2,1,2881.29,3015.45,3,Yes
1621,350,2025-05-27,1,Boutique,17,1,1526.79,1483.18,4,Yes
1622,1293,2025-04-03,1,Boutique,11,1,3218.81,3425.11,4,Yes
1623,1885,2024-05-28,10,Online,24,3,426.87,1315.39,5,Yes
1624,1561,2025-05-11,4,Boutique,3,1,2487.59,2353.09,3,Yes
1625,984,2024-02-26,10,Online,22,2,1263.19,2342.85,5,Yes
1626,2068,2024-05-31,8,Online,23,1,395.7,387.21,5,No
1627,1864,2024-12-05,4,Online,8,1,9400.29,9831.75,2,Yes
1628,1980,2025-03-19,7,Private Client,22,1,1263.19,1287.08,4,Yes
1629,1737,2023-02-13,1,Private Client,23,1,395.7,397.42,5,Yes
1630,1139,2025-05-07,8,Boutique,21,2,2018.96,3717.29,5,Yes
1631,1919,2025-03-11,4,Boutique,19,1,1731.11,1713.25,5,Yes
1632,701,2023-08-07,1,Boutique,18,2,1879.61,3553.35,3,Yes
1633,2074,2024-07-21,5,Online,7,2,4390.12,8716.41,4,No
1634,566,2025-06-26,3,Boutique,16,1,4000.34,4315.1,4,Yes
1635,395,2023-09-15,1,Private Client,24,1,426.87,452.79,4,Yes
1636,1957,2025-08-18,1,Boutique,14,1,4139.23,4013.82,3,Yes
1637,523,2025-06-11,5,Boutique,8,1,9400.29,9540.93,2,Yes
1638,1563,2023-10-16,6,Boutique,13,1,7115.72,7118.11,4,Yes
1639,1107,2025-08-29,6,Online,3,3,2487.59,7021.03,3,Yes
1640,550,2023-04-13,9,Boutique,2,1,2881.29,3107.09,3,Yes
1641,1469,2025-03-14,6,Boutique,13,1,7115.72,7030.53,4,Yes
1642,2135,2025-11-15,3,Boutique,25,1,464.55,464.97,3,Yes
1643,833,2023-10-29,7,Boutique,22,1,1263.19,1293.02,3,Yes
1644,387,2025-12-14,6,Boutique,26,1,602.77,573.02,3,Yes
1645,963,2023-02-25,8,Boutique,3,3,2487.59,7131.1,2,Yes
1646,1422,2025-10-11,6,Boutique,21,1,2018.96,1919.65,3,Yes
1647,286,2024-01-09,10,Boutique,1,3,1844.17,5430.24,4,Yes
1648,369,2025-04-10,8,Private Client,2,3,2881.29,8228.52,3,Yes
1649,1446,2025-07-08,4,Private Client,25,1,464.55,496.24,4,Yes
1650,1742,2024-04-01,3,Boutique,10,3,8420.05,26126.33,3,Yes
1651,1467,2023-05-12,6,Boutique,11,2,3218.81,6847.4,4,Yes
1652,1777,2024-05-07,3,Boutique,26,3,602.77,1909.14,4,Yes
1653,1544,2023-04-20,1,Private Client,3,1,2487.59,2568.45,5,Yes
1654,915,2024-08-04,6,Boutique,24,3,426.87,1227.9,4,Yes
1655,288,2025-03-06,6,Boutique,26,1,602.77,613.89,4,Yes
1656,95,2025-03-20,2,Boutique,8,3,9400.29,26785.41,4,Yes
1657,2089,2025-06-04,4,Boutique,15,2,3992.76,7515.94,4,Yes
1658,331,2025-02-11,10,Boutique,5,3,1450.83,4444.82,4,Yes
1659,1837,2025-07-25,10,Online,8,1,9400.29,9587.73,4,Yes
1660,1805,2024-07-26,6,Boutique,18,3,1879.61,5329.03,2,Yes
1661,1179,2025-03-19,6,Boutique,18,1,1879.61,1835.23,2,Yes
1662,275,2025-05-28,5,Boutique,12,3,7775.57,21707.95,3,Yes
1663,1589,2025-10-29,10,Online,4,2,2247.59,4650.34,3,Yes
1664,1957,2024-02-17,1,Boutique,8,2,9400.29,20267.01,3,Yes
1665,1776,2025-04-09,2,Boutique,2,3,2881.29,8975.66,4,Yes
1666,2185,2024-07-19,1,Online,20,1,1505.97,1588.9,5,Yes
1667,767,2023-04-14,1,Private Client,24,3,426.87,1275.76,3,Yes
1668,988,2024-11-07,9,Boutique,3,1,2487.59,2326.63,4,Yes
1669,1760,2025-08-02,6,Boutique,8,3,9400.29,29223.35,4,Yes
1670,1204,2023-09-27,1,Boutique,12,1,7775.57,7472.66,4,Yes
1671,1120,2024-04-10,6,Online,2,1,2881.29,2829.79,4,Yes
1672,197,2025-03-11,2,Boutique,17,2,1526.79,3152.81,4,Yes
1673,526,2025-10-01,6,Boutique,14,2,4139.23,8814.62,3,Yes
1674,632,2023-08-22,6,Boutique,14,2,4139.23,8260.25,3,Yes
1675,1411,2025-07-01,1,Boutique,6,2,1450.79,3115.88,5,Yes
1676,408,2025-11-21,6,Boutique,8,1,9400.29,9430.23,3,Yes
1677,1293,2023-12-23,1,Private Client,25,1,464.55,436.49,4,Yes
1678,1195,2025-08-21,4,Boutique,10,1,8420.05,8444.88,4,Yes
1679,1949,2023-04-04,2,Private Client,24,3,426.87,1354.5,3,Yes
1680,691,2023-09-01,1,Boutique,18,1,1879.61,1891.05,3,Yes
1681,159,2023-02-27,8,Private Client,1,1,1844.17,1917.27,3,Yes
1682,1690,2025-08-22,6,Online,7,2,4390.12,8847.61,4,Yes
1683,1938,2023-11-16,6,Boutique,7,2,4390.12,8844.94,3,Yes
1684,1018,2025-11-08,6,Online,13,1,7115.72,6870.67,2,Yes
1685,1081,2023-12-23,6,Boutique,16,1,4000.34,3809.13,3,Yes
1686,112,2023-04-27,10,Boutique,12,3,7775.57,22501.57,4,Yes
1687,48,2023-10-23,6,Boutique,19,1,1731.11,1714.72,4,Yes
1688,1911,2024-06-08,5,Boutique,6,1,1450.79,1522.65,2,Yes
1689,376,2024-02-05,8,Online,7,1,4390.12,4621.21,4,Yes
1690,828,2025-01-08,1,Online,25,1,464.55,439.53,5,Yes
1691,2081,2024-06-12,2,Boutique,17,1,1526.79,1539.7,3,Yes
1692,627,2024-07-10,4,Private Client,19,1,1731.11,1707.85,4,Yes
1693,1920,2024-07-03,1,Private Client,5,1,1450.83,1467.3,3,Yes
1694,1027,2023-12-26,10,Boutique,3,1,2487.59,2546.35,5,Yes
1695,1892,2023-03-05,4,Boutique,24,1,426.87,411.82,2,Yes
1696,2090,2025-02-03,6,Boutique,26,1,602.77,643.2,3,Yes
1697,2057,2025-02-12,5,Online,22,2,1263.19,2702.4,4,Yes
1698,819,2024-09-15,1,Boutique,18,3,1879.61,5282.78,3,Yes
1699,657,2023-04-12,9,Boutique,17,2,1526.79,3152.77,3,Yes
1700,1812,2024-07-14,1,Online,26,1,602.77,557.75,3,Yes
1701,790,2025-11-12,3,Online,21,2,2018.96,3744.97,5,Yes
1702,1460,2025-04-23,6,Boutique,11,1,3218.81,3454.58,3,Yes
1703,1155,2025-12-23,6,Private Client,25,2,464.55,958.07,3,Yes
1704,1630,2025-04-18,2,Online,26,3,602.77,1757.54,2,Yes
1705,1544,2024-11-11,1,Boutique,9,2,7756.91,15935.49,4,Yes
1706,1674,2024-10-06,4,Online,17,2,1526.79,3222.55,4,Yes
1707,1905,2024-02-03,6,Boutique,19,2,1731.11,3667.68,3,Yes
1708,1437,2024-02-09,10,Boutique,13,1,7115.72,6569.82,4,Yes
1709,936,2025-04-05,3,Boutique,6,2,1450.79,3049.32,4,Yes
1710,21,2024-10-08,5,Boutique,21,1,2018.96,2133.06,2,Yes
1711,999,2023-02-04,8,Boutique,4,3,2247.59,6845.88,4,Yes
1712,1432,2024-02-24,6,Boutique,18,2,1879.61,3747.13,4,Yes
1713,457,2024-01-12,6,Online,12,1,7775.57,7291.62,3,Yes
1714,1468,2023-08-08,6,Online,28,3,488.98,1405.82,4,Yes
1715,2028,2024-11-27,6,Boutique,28,3,488.98,1464.71,4,Yes
1716,265,2023-12-08,8,Boutique,4,2,2247.59,4757.76,3,Yes
1717,2047,2025-01-22,8,Online,5,1,1450.83,1521.2,3,Yes
1718,969,2024-02-20,9,Boutique,12,2,7775.57,15541.01,4,Yes
1719,805,2025-07-26,1,Boutique,18,1,1879.61,1965.51,4,Yes
1720,1254,2025-10-03,6,Boutique,26,1,602.77,628.4,3,Yes
1721,723,2024-11-10,1,Online,17,1,1526.79,1546.09,3,Yes
1722,1096,2025-01-17,8,Online,23,2,395.7,755.99,3,Yes
1723,1002,2025-03-16,8,Online,23,2,395.7,772.15,3,Yes
1724,84,2023-11-08,1,Boutique,24,1,426.87,403.93,4,Yes
1725,740,2023-02-24,8,Online,10,2,8420.05,15512.16,4,Yes
1726,1758,2024-11-24,9,Boutique,6,1,1450.79,1353.42,3,No
1727,1994,2024-06-17,6,Boutique,17,1,1526.79,1590.21,3,Yes
1728,223,2023-04-15,2,Boutique,8,3,9400.29,26095.89,4,Yes
1729,1193,2023-10-21,10,Online,2,2,2881.29,5670.24,3,Yes
1730,329,2025-05-29,1,Boutique,12,3,7775.57,25139.78,4,Yes
1731,426,2024-07-04,9,Boutique,3,1,2487.59,2605.1,3,Yes
1732,1578,2025-06-29,5,Online,24,3,426.87,1331.96,4,Yes
1733,770,2024-01-10,6,Online,20,1,1505.97,1451.68,3,Yes
1734,1220,2024-03-25,1,Online,21,2,2018.96,4129.49,3,Yes
1735,608,2025-12-19,4,Boutique,25,1,464.55,464.45,2,Yes
1736,1853,2025-03-22,6,Online,27,2,356.86,727.86,3,Yes
1737,2125,2024-01-25,6,Online,23,1,395.7,391.64,3,Yes
1738,2047,2024-10-28,8,Boutique,26,3,602.77,1817.27,4,Yes
1739,1301,2023-05-21,6,Boutique,28,1,488.98,527.19,3,Yes
1740,920,2025-05-23,9,Boutique,7,1,4390.12,4270.23,3,Yes
1741,466,2025-04-22,1,Boutique,1,1,1844.17,1760.5,3,Yes
1742,1965,2024-08-19,6,Boutique,17,2,1526.79,3028.42,5,Yes
1743,1472,2025-08-09,8,Boutique,8,3,9400.29,28310.61,3,Yes
1744,1946,2024-07-05,5,Boutique,10,1,8420.05,7861.81,3,Yes
1745,1184,2024-01-08,4,Boutique,17,1,1526.79,1601.53,4,Yes
1746,1655,2024-10-09,6,Online,16,2,4000.34,7900.9,3,Yes
1747,2040,2023-11-29,2,Boutique,10,2,8420.05,16606.19,3,Yes
1748,1185,2024-01-28,1,Boutique,15,2,3992.76,8188.47,5,Yes
1749,1699,2024-01-30,5,Online,16,2,4000.34,8350.46,3,Yes
1750,2137,2023-02-04,5,Boutique,18,3,1879.61,6077.25,4,Yes
1751,778,2023-06-06,7,Boutique,4,1,2247.59,2130.18,4,Yes
1752,167,2025-06-22,3,Boutique,25,1,464.55,453.07,4,Yes
1753,736,2025-08-24,7,Online,7,2,4390.12,8314.2,4,Yes
1754,925,2024-01-31,1,Private Client,12,1,7775.57,8249.39,3,Yes
1755,1174,2023-07-26,1,Online,23,1,395.7,398.77,3,Yes
1756,1492,2024-09-12,9,Online,12,2,7775.57,16428.08,3,Yes
1757,1990,2025-03-15,9,Boutique,26,1,602.77,649.57,5,Yes
1758,1067,2024-04-06,1,Private Client,23,1,395.7,398.88,4,Yes
1759,945,2023-09-09,7,Private Client,21,1,2018.96,1895.61,3,Yes
1760,29,2025-05-16,1,Boutique,1,1,1844.17,1803.23,3,Yes
1761,1898,2023-07-28,1,Online,21,1,2018.96,1869.13,3,Yes
1762,1656,2025-08-12,8,Boutique,24,2,426.87,901.45,4,Yes
1763,1873,2024-06-22,6,Boutique,28,1,488.98,451.26,3,Yes
1764,1055,2025-04-14,4,Online,12,2,7775.57,15780.51,3,Yes
1765,1698,2024-05-17,1,Online,23,1,395.7,370.76,3,Yes
1766,2176,2025-08-13,1,Boutique,7,1,4390.12,4044.22,4,Yes
1767,1412,2024-05-28,6,Online,15,1,3992.76,3836.98,3,Yes
1768,1790,2024-08-02,7,Online,2,2,2881.29,5810.39,4,Yes
1769,1666,2025-04-19,1,Online,1,1,1844.17,1718.79,4,Yes
1770,524,2025-09-12,8,Boutique,4,1,2247.59,2288.91,3,Yes
1771,1571,2023-03-24,1,Boutique,8,1,9400.29,9658.97,4,Yes
1772,1734,2025-12-01,8,Private Client,17,3,1526.79,4924.59,5,Yes
1773,760,2023-06-05,4,Boutique,18,2,1879.61,3999.53,4,Yes
1774,2158,2024-03-28,9,Private Client,23,1,395.7,399.93,3,Yes
1775,1352,2024-09-08,6,Online,5,1,1450.83,1518.93,3,Yes
1776,1269,2024-09-15,1,Online,6,2,1450.79,2838.27,3,Yes
1777,1786,2024-05-21,1,Boutique,12,2,7775.57,15764.41,3,Yes
1778,1853,2024-09-13,6,Boutique,24,1,426.87,420.27,2,Yes
1779,399,2023-10-20,4,Online,28,1,488.98,476.23,3,Yes
1780,1670,2024-10-16,1,Boutique,16,2,4000.34,8292.08,3,Yes
1781,239,2025-07-25,6,Online,9,1,7756.91,7504.56,2,Yes
1782,1604,2025-01-26,3,Online,15,1,3992.76,3916.45,3,Yes
1783,1147,2025-09-22,6,Boutique,8,2,9400.29,18401.02,3,Yes
1784,1558,2024-10-28,1,Online,12,1,7775.57,8236.39,3,Yes
1785,2158,2023-03-01,9,Boutique,14,1,4139.23,3920.95,5,Yes
1786,1295,2023-11-23,8,Boutique,17,1,1526.79,1497.84,5,Yes
1787,300,2025-03-09,6,Boutique,14,1,4139.23,4396.11,4,Yes
1788,1766,2025-02-23,6,Private Client,27,1,356.86,329.19,5,Yes
1789,764,2025-02-05,6,Boutique,20,2,1505.97,3227.77,3,Yes
1790,249,2024-06-02,8,Boutique,5,1,1450.83,1543.43,4,Yes
1791,34,2024-09-29,2,Boutique,13,1,7115.72,7022.19,3,Yes
1792,228,2023-03-24,6,Boutique,25,2,464.55,951.85,5,Yes
1793,585,2023-01-28,6,Boutique,6,3,1450.79,4694.34,5,Yes
1794,724,2023-09-23,9,Boutique,14,2,4139.23,8351.24,5,Yes
1795,570,2024-02-01,1,Online,6,3,1450.79,4071.66,4,Yes
1796,220,2025-08-19,10,Boutique,3,2,2487.59,5256.69,2,Yes
1797,1395,2025-02-01,1,Online,16,1,4000.34,3766.18,5,Yes
1798,2123,2025-09-06,3,Boutique,12,2,7775.57,14947.19,3,Yes
1799,1642,2025-03-21,8,Private Client,14,1,4139.23,4386.6,5,Yes
1800,136,2024-08-03,5,Boutique,2,2,2881.29,5537.64,4,Yes
1801,2122,2024-09-02,8,Online,18,3,1879.61,5859.95,5,Yes
1802,254,2023-07-12,3,Online,7,1,4390.12,4353.36,3,Yes
1803,1955,2023-08-15,4,Online,5,1,1450.83,1511.13,4,Yes
1804,50,2024-03-26,1,Online,12,1,7775.57,7442.59,2,Yes
1805,515,2025-07-20,1,Boutique,26,2,602.77,1190.03,4,Yes
1806,1838,2024-10-16,9,Online,17,2,1526.79,2964.74,1,Yes
1807,576,2023-07-22,1,Boutique,12,1,7775.57,7463.36,3,Yes
1808,1166,2024-02-06,6,Online,21,2,2018.96,3918.03,5,Yes
1809,903,2024-04-16,1,Private Client,11,1,3218.81,3127.65,4,Yes
1810,415,2025-06-08,3,Private Client,1,1,1844.17,1978.54,3,Yes
1811,1105,2023-06-28,1,Boutique,9,1,7756.91,7798.15,2,Yes
1812,763,2025-11-07,1,Boutique,8,2,9400.29,18686.43,3,Yes
1813,563,2024-04-07,1,Boutique,14,3,4139.23,12424.28,4,Yes
1814,1516,2025-04-14,2,Boutique,4,2,2247.59,4852.01,4,Yes
1815,1935,2024-08-31,8,Boutique,11,1,3218.81,3297.91,4,Yes
1816,1370,2025-07-14,1,Boutique,17,2,1526.79,3153.0,3,Yes
1817,204,2025-07-24,5,Private Client,27,1,356.86,346.22,4,Yes
1818,1577,2023-10-27,1,Boutique,8,1,9400.29,9357.48,5,Yes
1819,69,2023-12-17,5,Online,21,1,2018.96,1916.9,3,Yes
1820,516,2023-07-06,6,Boutique,1,1,1844.17,1898.81,5,Yes
1821,361,2024-09-14,7,Online,18,1,1879.61,1832.84,5,Yes
1822,1465,2023-03-12,1,Private Client,5,1,1450.83,1508.47,4,Yes
1823,1055,2023-11-05,4,Online,25,1,464.55,443.23,4,Yes
1824,1923,2023-06-26,1,Boutique,26,3,602.77,1780.39,4,Yes
1825,1653,2024-03-02,3,Boutique,8,1,9400.29,9356.95,3,Yes
1826,707,2025-01-09,3,Private Client,27,1,356.86,337.82,4,Yes
1827,1626,2024-06-14,3,Boutique,26,2,602.77,1122.52,4,Yes
1828,657,2024-02-22,9,Online,8,1,9400.29,9125.15,3,Yes
1829,1346,2023-09-05,5,Boutique,9,1,7756.91,7812.63,3,Yes
1830,344,2023-07-28,1,Boutique,18,1,1879.61,1925.53,5,Yes
1831,536,2023-08-04,1,Online,7,1,4390.12,4337.63,3,Yes
1832,355,2024-12-13,6,Boutique,10,1,8420.05,8420.42,4,Yes
1833,928,2024-03-13,3,Boutique,21,3,2018.96,6098.74,4,Yes
1834,983,2023-11-07,1,Boutique,16,1,4000.34,4007.96,3,Yes
1835,2018,2024-01-18,6,Private Client,3,1,2487.59,2324.53,4,Yes
1836,2153,2025-09-07,2,Boutique,10,1,8420.05,8292.07,4,Yes
1837,1346,2023-05-01,5,Online,8,1,9400.29,8955.59,3,Yes
1838,1596,2024-02-11,10,Boutique,18,1,1879.61,1889.76,2,Yes
1839,1907,2023-09-02,6,Online,4,2,2247.59,4680.8,3,Yes
1840,527,2023-03-07,8,Private Client,12,2,7775.57,15748.92,4,Yes
1841,931,2025-07-30,1,Boutique,21,1,2018.96,1929.1,3,Yes
1842,1947,2023-08-16,2,Boutique,5,3,1450.83,4148.97,5,Yes
1843,1287,2025-05-31,4,Boutique,4,2,2247.59,4162.18,3,Yes
1844,1917,2023-05-17,8,Online,19,3,1731.11,5132.16,3,Yes
1845,1594,2023-07-13,1,Boutique,19,2,1731.11,3425.03,3,Yes
1846,1374,2024-12-06,1,Boutique,5,2,1450.83,2779.3,4,Yes
1847,1224,2024-10-19,5,Boutique,15,1,3992.76,4161.58,3,Yes
1848,1960,2024-10-18,5,Boutique,12,2,7775.57,15268.7,3,Yes
1849,966,2025-07-18,6,Boutique,26,3,602.77,1857.32,3,Yes
1850,964,2024-07-09,6,Online,13,1,7115.72,7275.19,3,Yes
1851,897,2025-08-15,4,Online,6,1,1450.79,1475.1,3,Yes
1852,1359,2025-11-05,7,Boutique,17,2,1526.79,3252.95,3,Yes
1853,217,2023-02-21,1,Online,27,2,356.86,658.44,2,Yes
1854,623,2024-05-28,1,Online,20,2,1505.97,2803.77,3,Yes
1855,353,2025-01-13,1,Online,10,1,8420.05,8719.32,4,Yes
1856,692,2025-12-20,7,Boutique,14,1,4139.23,4042.22,4,Yes
1857,631,2024-11-22,6,Boutique,15,2,3992.76,8607.14,3,Yes
1858,1169,2024-06-26,10,Online,10,1,8420.05,8038.0,5,Yes
1859,654,2024-02-14,2,Online,6,3,1450.79,4131.91,4,Yes
1860,392,2023-06-04,7,Boutique,16,1,4000.34,4056.81,4,Yes
1861,769,2024-09-24,9,Boutique,2,1,2881.29,2779.6,3,Yes
1862,797,2023-02-20,5,Boutique,10,1,8420.05,8205.16,4,Yes
1863,932,2025-10-20,7,Boutique,5,1,1450.83,1548.56,4,Yes
1864,1971,2025-09-20,1,Boutique,27,2,356.86,659.62,3,Yes
1865,165,2024-06-07,9,Boutique,9,1,7756.91,7795.71,3,Yes
1866,733,2023-12-21,1,Boutique,19,2,1731.11,3370.76,3,Yes
1867,581,2025-12-04,5,Online,19,1,1731.11,1688.45,3,Yes
1868,821,2025-03-12,5,Boutique,9,3,7756.91,22331.74,3,Yes
1869,1248,2025-04-19,1,Boutique,16,1,4000.34,3766.62,4,Yes
1870,124,2023-09-13,1,Boutique,19,3,1731.11,4806.52,4,Yes
1871,1972,2023-09-05,2,Boutique,20,1,1505.97,1623.48,3,Yes
1872,344,2024-06-16,1,Boutique,28,1,488.98,501.53,4,Yes
1873,1875,2023-02-10,7,Online,25,1,464.55,485.15,3,Yes
1874,524,2025-02-28,8,Boutique,4,1,2247.59,2091.16,4,Yes
1875,129,2023-07-14,6,Online,5,1,1450.83,1338.21,3,Yes
1876,1159,2025-12-30,6,Private Client,18,3,1879.61,5729.31,2,Yes
1877,2119,2023-11-04,4,Online,8,1,9400.29,9736.94,3,Yes
1878,1211,2023-03-17,10,Online,13,1,7115.72,6996.02,3,Yes
1879,1027,2025-02-25,10,Online,9,2,7756.91,15235.2,4,Yes
1880,1309,2025-03-05,1,Boutique,10,1,8420.05,8264.42,4,Yes
1881,22,2023-08-18,1,Private Client,4,1,2247.59,2122.72,2,No
1882,166,2023-03-26,6,Boutique,19,3,1731.11,5404.32,3,Yes
1883,1334,2024-02-01,1,Boutique,4,1,2247.59,2145.17,4,Yes
1884,1501,2023-08-03,8,Boutique,13,1,7115.72,6915.81,2,Yes
1885,498,2025-10-21,4,Online,23,1,395.7,406.54,4,Yes
1886,434,2024-01-12,6,Boutique,17,1,1526.79,1404.67,3,Yes
1887,837,2024-02-16,4,Private Client,27,1,356.86,372.06,4,Yes
1888,1694,2025-03-10,1,Boutique,11,3,3218.81,10273.04,4,Yes
1889,663,2024-02-14,2,Online,2,1,2881.29,2674.58,4,Yes
1890,725,2023-08-04,6,Boutique,26,1,602.77,611.61,4,Yes
1891,376,2025-01-21,8,Boutique,5,1,1450.83,1429.58,3,Yes
1892,303,2023-12-15,3,Boutique,25,1,464.55,433.22,4,Yes
1893,1687,2025-04-10,1,Boutique,13,2,7115.72,14646.39,3,Yes
1894,708,2024-10-15,8,Boutique,22,1,1263.19,1285.89,2,Yes
1895,917,2025-10-18,1,Private Client,3,1,2487.59,2544.37,2,Yes
1896,2069,2025-11-30,6,Boutique,19,1,1731.11,1817.94,3,Yes
1897,257,2023-01-03,6,Online,23,1,395.7,382.21,3,Yes
1898,399,2025-12-18,4,Boutique,19,3,1731.11,5340.46,3,Yes
1899,51,2025-01-09,3,Boutique,16,1,4000.34,4156.08,3,Yes
1900,595,2024-02-11,3,Boutique,16,1,4000.34,3788.36,4,Yes
1901,818,2023-01-18,4,Boutique,26,3,602.77,1940.55,4,Yes
1902,636,2025-01-20,1,Private Client,3,2,2487.59,4847.8,4,Yes
1903,1073,2024-08-08,1,Online,26,2,602.77,1246.76,2,Yes
1904,1653,2025-06-06,3,Boutique,28,2,488.98,1017.71,3,Yes
1905,1142,2023-11-28,2,Online,23,3,395.7,1187.87,3,Yes
1906,1477,2025-10-09,3,Boutique,25,1,464.55,436.95,3,Yes
1907,775,2023-06-18,6,Online,9,1,7756.91,7478.48,3,Yes
1908,1971,2025-02-14,1,Online,19,3,1731.11,4972.51,4,Yes
1909,1665,2025-04-28,3,Online,24,1,426.87,428.14,3,Yes
1910,397,2025-07-29,1,Boutique,1,1,1844.17,1773.73,5,Yes
1911,1396,2023-07-25,1,Boutique,14,3,4139.23,12510.62,3,Yes
1912,1121,2024-06-04,8,Boutique,28,1,488.98,472.41,3,Yes
1913,529,2025-10-14,1,Private Client,24,2,426.87,785.57,3,Yes
1914,685,2023-10-31,5,Private Client,11,2,3218.81,6296.77,4,Yes
1915,2077,2023-04-25,8,Boutique,18,1,1879.61,1911.74,3,Yes
1916,102,2024-10-25,5,Online,20,1,1505.97,1571.92,5,Yes
1917,123,2023-03-28,9,Private Client,7,2,4390.12,8117.67,4,Yes
1918,2102,2025-01-12,4,Boutique,6,1,1450.79,1394.69,4,Yes
1919,1307,2024-03-03,10,Online,12,3,7775.57,25138.59,2,Yes
1920,1638,2024-03-25,8,Boutique,25,1,464.55,446.85,4,Yes
1921,1141,2025-02-24,1,Boutique,24,3,426.87,1337.41,4,Yes
1922,616,2024-12-15,2,Boutique,2,1,2881.29,2885.61,3,Yes
1923,557,2023-01-02,6,Boutique,13,1,7115.72,6685.56,4,Yes
1924,114,2025-01-12,2,Online,20,1,1505.97,1540.52,3,Yes
1925,1567,2023-04-20,6,Boutique,1,2,1844.17,3963.54,3,Yes
1926,977,2024-11-09,8,Boutique,23,1,395.7,420.19,4,Yes
1927,701,2024-01-06,1,Boutique,15,1,3992.76,4114.33,5,Yes
1928,1317,2025-06-08,7,Boutique,20,1,1505.97,1508.9,4,Yes
1929,261,2024-08-21,2,Online,8,3,9400.29,27385.68,3,Yes
1930,2097,2025-11-11,10,Boutique,18,1,1879.61,1836.59,4,Yes
1931,1030,2024-12-22,4,Boutique,15,3,3992.76,11683.53,3,Yes
1932,379,2023-11-01,3,Online,8,2,9400.29,20070.24,3,Yes
1933,1910,2025-07-12,8,Private Client,2,2,2881.29,5496.41,5,Yes
1934,1047,2025-04-15,10,Boutique,11,1,3218.81,3155.99,4,Yes
1935,1008,2024-03-21,6,Online,8,1,9400.29,9297.96,3,Yes
1936,110,2025-07-20,6,Private Client,13,1,7115.72,7012.0,4,Yes
1937,1423,2023-10-05,5,Online,1,1,1844.17,1697.88,3,Yes
1938,1006,2024-01-12,1,Online,18,1,1879.61,1810.73,4,Yes
1939,698,2023-08-20,8,Online,5,2,1450.83,2901.0,2,Yes
1940,306,2024-08-14,1,Boutique,1,1,1844.17,1921.03,3,Yes
1941,1606,2024-03-01,8,Online,12,2,7775.57,15724.0,3,Yes
1942,1732,2025-12-14,5,Online,5,1,1450.83,1424.1,5,Yes
1943,959,2024-03-16,6,Boutique,21,1,2018.96,2072.31,3,Yes
1944,954,2023-02-03,7,Private Client,16,2,4000.34,8213.04,4,Yes
1945,1175,2023-11-25,1,Online,23,2,395.7,759.48,3,Yes
1946,1631,2025-04-24,3,Boutique,18,2,1879.61,3520.9,5,Yes
1947,1792,2024-03-29,3,Online,2,1,2881.29,3021.06,4,Yes
1948,1972,2025-02-02,2,Boutique,15,1,3992.76,4011.79,4,Yes
1949,67,2024-06-06,7,Online,28,2,488.98,927.34,4,Yes
1950,1180,2024-04-26,4,Boutique,22,3,1263.19,3645.31,3,Yes
1951,835,2023-11-13,5,Private Client,11,1,3218.81,3356.02,4,Yes
1952,206,2023-05-02,5,Boutique,10,1,8420.05,8626.54,5,Yes
1953,155,2024-08-03,9,Online,3,1,2487.59,2664.77,4,Yes
1954,1715,2024-05-01,7,Private Client,13,1,7115.72,7075.81,4,Yes
1955,1533,2025-11-01,3,Boutique,13,2,7115.72,13211.76,4,Yes
1956,1596,2023-05-05,10,Online,24,1,426.87,440.56,2,Yes
1957,2046,2024-10-20,8,Boutique,3,1,2487.59,2390.04,3,Yes
1958,1491,2024-08-02,1,Online,10,1,8420.05,8182.75,4,Yes
1959,708,2024-12-18,8,Online,4,3,2247.59,6415.5,4,Yes
1960,1935,2025-02-08,8,Private Client,14,3,4139.23,12038.08,4,Yes
1961,179,2025-06-22,1,Online,23,2,395.7,833.12,3,Yes
1962,1072,2024-02-10,3,Boutique,17,2,1526.79,3091.06,2,Yes
1963,1096,2023-10-04,8,Boutique,1,3,1844.17,5186.53,3,Yes
1964,113,2025-07-13,10,Online,25,1,464.55,470.99,2,Yes
1965,757,2025-05-03,1,Boutique,15,2,3992.76,8156.17,4,Yes
1966,897,2024-05-21,4,Boutique,28,1,488.98,519.09,3,Yes
1967,1927,2023-08-25,10,Boutique,22,3,1263.19,4007.63,2,Yes
1968,159,2025-09-20,8,Boutique,21,1,2018.96,1877.75,2,Yes
1969,786,2025-01-21,9,Boutique,2,1,2881.29,3050.34,3,Yes
1970,1804,2024-05-20,6,Online,18,1,1879.61,1744.54,4,Yes
1971,1840,2023-06-14,1,Online,7,1,4390.12,4147.17,3,Yes
1972,1543,2025-04-25,6,Online,22,1,1263.19,1184.68,3,Yes
1973,113,2024-12-28,10,Boutique,28,3,488.98,1392.23,2,Yes
1974,259,2024-01-11,4,Boutique,13,1,7115.72,7460.99,4,Yes
1975,2155,2025-11-01,1,Boutique,24,1,426.87,439.58,4,Yes
1976,575,2023-03-24,1,Private Client,3,3,2487.59,7686.01,3,Yes
1977,1382,2024-03-06,8,Boutique,3,1,2487.59,2655.6,2,Yes
1978,1807,2024-04-22,8,Boutique,13,1,7115.72,6992.59,3,Yes
1979,1223,2025-02-21,8,Boutique,21,1,2018.96,1858.51,4,Yes
1980,1502,2024-01-04,5,Online,26,2,602.77,1232.5,4,Yes
1981,859,2025-08-12,6,Online,4,1,2247.59,2379.95,3,Yes
1982,1597,2023-05-21,1,Boutique,16,2,4000.34,8610.34,4,Yes
1983,1562,2024-12-20,6,Boutique,28,2,488.98,956.66,4,Yes
1984,2184,2025-10-12,8,Online,8,2,9400.29,19769.64,3,Yes
1985,277,2023-10-15,6,Boutique,22,1,1263.19,1333.77,3,Yes
1986,2013,2023-12-21,8,Online,8,2,9400.29,17731.02,3,Yes
1987,2079,2023-12-09,8,Online,16,1,4000.34,4084.51,3,Yes
1988,247,2023-05-29,5,Online,23,2,395.7,750.01,3,Yes
1989,411,2023-07-29,6,Online,2,2,2881.29,5713.37,2,Yes
1990,2075,2024-10-15,1,Online,9,1,7756.91,8227.62,4,Yes
1991,73,2025-09-02,1,Private Client,27,1,356.86,373.39,4,Yes
1992,1121,2024-06-19,8,Boutique,13,3,7115.72,21587.41,3,Yes
1993,673,2025-12-08,5,Boutique,22,2,1263.19,2651.17,4,Yes
1994,1370,2023-11-27,1,Online,27,2,356.86,674.07,3,Yes
1995,1324,2023-12-31,6,Boutique,27,2,356.86,678.88,3,Yes
1996,287,2023-01-11,8,Private Client,22,1,1263.19,1204.35,3,Yes
1997,1909,2024-05-23,2,Boutique,12,3,7775.57,24356.87,4,Yes
1998,212,2024-08-02,1,Private Client,2,1,2881.29,3061.53,3,Yes
1999,401,2024-09-13,3,Online,9,1,7756.91,7834.9,3,Yes
2000,655,2025-06-19,1,Online,1,1,1844.17,1979.3,3,Yes
2001,498,2024-12-18,4,Boutique,6,2,1450.79,3007.44,4,Yes
2002,1352,2025-11-21,6,Private Client,24,2,426.87,862.44,5,Yes
2003,98,2023-11-23,4,Boutique,2,3,2881.29,8798.2,4,Yes
2004,463,2023-03-15,4,Boutique,3,2,2487.59,5253.42,4,Yes
2005,2076,2023-09-08,6,Boutique,26,1,602.77,563.25,3,Yes
2006,273,2024-03-25,1,Private Client,15,2,3992.76,7561.35,3,Yes
2007,1151,2025-06-24,7,Boutique,26,3,602.77,1740.69,4,Yes
2008,1112,2023-12-21,6,Online,7,1,4390.12,4667.42,3,Yes
2009,19,2024-06-16,2,Online,13,3,7115.72,22866.89,4,Yes
2010,1617,2023-10-23,1,Online,16,1,4000.34,3908.28,3,Yes
2011,1482,2023-10-25,7,Online,13,2,7115.72,15196.58,2,Yes
2012,412,2023-10-29,1,Boutique,27,2,356.86,719.07,3,Yes
2013,742,2024-05-26,8,Online,12,1,7775.57,7742.32,4,Yes
2014,1404,2024-08-07,5,Online,17,2,1526.79,3216.16,2,Yes
2015,515,2024-01-09,1,Boutique,21,3,2018.96,6101.54,3,Yes
2016,207,2023-05-12,1,Boutique,11,2,3218.81,6390.74,4,Yes
2017,948,2025-06-28,2,Boutique,22,2,1263.19,2330.72,3,Yes
2018,1829,2023-02-22,7,Boutique,26,2,602.77,1111.58,4,Yes
2019,1999,2023-08-17,7,Boutique,7,2,4390.12,8959.49,2,Yes
2020,2168,2024-10-01,4,Online,13,3,7115.72,19890.15,3,Yes
2021,1673,2025-03-07,10,Private Client,10,1,8420.05,8739.26,4,Yes
2022,1831,2025-03-01,8,Boutique,10,3,8420.05,25754.61,3,Yes
2023,1561,2024-05-09,4,Online,13,3,7115.72,21202.78,5,Yes
2024,1848,2025-05-02,5,Boutique,23,3,395.7,1226.95,4,Yes
2025,1657,2024-11-01,1,Boutique,19,2,1731.11,3735.36,3,Yes
2026,602,2025-12-30,2,Online,23,3,395.7,1138.92,3,Yes
2027,1344,2023-07-08,1,Private Client,17,1,1526.79,1540.73,4,Yes
2028,712,2024-10-24,3,Boutique,27,1,356.86,376.44,4,Yes
2029,982,2023-01-08,5,Boutique,20,1,1505.97,1389.56,5,Yes
2030,1204,2023-11-28,1,Boutique,7,1,4390.12,4181.86,5,Yes
2031,1392,2025-11-05,9,Boutique,23,1,395.7,397.03,4,Yes
2032,2124,2024-10-27,1,Online,4,3,2247.59,6799.14,3,No
2033,830,2024-10-30,5,Online,17,3,1526.79,4277.21,3,Yes
2034,550,2023-06-10,9,Online,24,1,426.87,420.55,3,Yes
2035,646,2023-12-17,5,Boutique,4,3,2247.59,6764.11,3,Yes
2036,1245,2023-11-13,7,Private Client,18,1,1879.61,1856.45,4,Yes
2037,846,2025-07-25,4,Boutique,20,2,1505.97,3108.61,3,Yes
2038,2101,2023-01-18,9,Online,8,1,9400.29,9808.43,3,Yes
2039,450,2024-04-30,6,Boutique,8,2,9400.29,18681.04,3,Yes
2040,2110,2024-01-02,7,Private Client,21,1,2018.96,1994.95,3,Yes
2041,44,2023-12-17,1,Online,16,1,4000.34,4131.78,4,Yes
2042,1582,2024-06-11,5,Private Client,15,1,3992.76,4028.09,3,Yes
2043,659,2025-05-21,6,Boutique,18,2,1879.61,3982.03,4,Yes
2044,728,2025-07-21,8,Online,23,1,395.7,394.51,4,Yes
2045,2095,2023-09-27,10,Online,19,1,1731.11,1751.7,2,Yes
2046,1048,2025-05-20,4,Online,6,1,1450.79,1364.63,2,Yes
2047,1681,2025-12-27,6,Boutique,9,3,7756.91,24521.75,5,Yes
2048,2137,2025-11-19,5,Boutique,16,2,4000.34,7901.21,4,Yes
2049,1198,2023-11-12,6,Boutique,21,3,2018.96,6269.17,2,Yes
2050,1143,2025-01-06,6,Boutique,9,3,7756.91,23008.17,3,Yes
2051,1692,2023-06-13,1,Online,20,2,1505.97,2771.47,3,Yes
2052,1856,2025-07-14,7,Online,25,1,464.55,457.15,2,Yes
2053,1948,2023-11-16,10,Boutique,17,1,1526.79,1440.68,4,Yes
2054,1366,2025-11-03,5,Private Client,4,3,2247.59,6633.39,4,Yes
2055,438,2023-10-06,3,Boutique,15,1,3992.76,3878.63,3,Yes
2056,1452,2024-03-07,4,Boutique,11,2,3218.81,6131.24,3,Yes
2057,426,2024-10-29,9,Boutique,14,2,4139.23,7780.13,2,Yes
2058,968,2024-09-25,1,Online,17,3,1526.79,4747.87,2,Yes
2059,1405,2024-06-05,5,Online,28,1,488.98,508.92,5,Yes
2060,486,2025-08-21,8,Boutique,13,1,7115.72,6848.17,2,Yes
2061,1756,2023-12-24,6,Online,9,3,7756.91,23252.82,4,Yes
2062,1580,2025-11-02,8,Boutique,24,1,426.87,424.42,3,No
2063,1897,2024-12-25,8,Boutique,16,2,4000.34,7815.38,3,Yes
2064,51,2024-11-03,3,Boutique,8,2,9400.29,18131.69,3,Yes
2065,1058,2023-08-20,4,Boutique,14,1,4139.23,3931.3,3,Yes
2066,1660,2024-04-15,5,Online,15,2,3992.76,8461.96,4,Yes
2067,1613,2024-09-30,5,Online,7,2,4390.12,9248.49,3,Yes
2068,1928,2024-07-13,9,Boutique,25,1,464.55,458.39,3,Yes
2069,205,2024-07-26,6,Boutique,27,2,356.86,738.98,3,Yes
2070,1094,2024-08-24,10,Boutique,11,2,3218.81,6435.9,4,Yes
2071,533,2023-09-12,6,Boutique,3,1,2487.59,2322.57,4,Yes
2072,2156,2024-08-24,2,Boutique,7,1,4390.12,4616.57,3,Yes
2073,1265,2023-10-07,6,Boutique,22,3,1263.19,3619.36,4,Yes
2074,251,2023-04-27,6,Online,5,1,1450.83,1498.84,4,No
2075,135,2024-09-01,6,Boutique,9,1,7756.91,7790.91,4,Yes
2076,1615,2025-05-01,5,Boutique,20,1,1505.97,1551.88,4,Yes
2077,407,2023-10-25,1,Private Client,19,1,1731.11,1723.13,4,No
2078,102,2025-07-04,5,Boutique,13,3,7115.72,22039.02,4,Yes
2079,1385,2024-06-01,2,Boutique,27,2,356.86,660.37,3,Yes
2080,1552,2024-01-13,5,Boutique,19,1,1731.11,1603.94,5,Yes
2081,1632,2024-03-01,4,Boutique,16,2,4000.34,8508.04,4,Yes
2082,1317,2024-06-20,7,Boutique,2,2,2881.29,5992.8,4,Yes
2083,404,2024-07-06,7,Boutique,1,1,1844.17,1941.09,2,Yes
2084,814,2023-06-18,6,Online,3,1,2487.59,2470.31,4,Yes
2085,1630,2024-05-29,2,Online,24,1,426.87,424.11,3,Yes
2086,1027,2024-03-05,10,Online,12,3,7775.57,23453.62,4,Yes
2087,1021,2024-07-22,8,Boutique,6,1,1450.79,1391.29,4,Yes
2088,1281,2023-03-24,3,Boutique,2,1,2881.29,2988.94,2,Yes
2089,1520,2023-11-26,6,Boutique,24,3,426.87,1348.11,4,Yes
2090,220,2024-11-21,10,Boutique,16,2,4000.34,8521.97,4,Yes
2091,2005,2024-04-01,4,Boutique,5,1,1450.83,1454.78,4,Yes
2092,173,2023-12-19,6,Boutique,12,1,7775.57,7669.3,4,Yes
2093,1414,2023-12-10,1,Boutique,4,1,2247.59,2366.6,3,Yes
2094,502,2025-01-31,8,Boutique,14,1,4139.23,4306.56,4,No
2095,1813,2023-07-17,3,Boutique,17,1,1526.79,1616.51,3,Yes
2096,2179,2023-03-20,2,Boutique,12,1,7775.57,7969.31,3,Yes
2097,798,2024-11-08,9,Boutique,13,1,7115.72,7552.13,3,Yes
2098,930,2024-07-04,1,Boutique,17,3,1526.79,4279.2,4,Yes
2099,723,2025-03-30,1,Boutique,20,1,1505.97,1549.24,4,Yes
2100,1334,2023-08-02,1,Boutique,28,1,488.98,456.81,3,Yes
2101,1275,2024-10-30,1,Boutique,15,1,3992.76,4151.77,5,Yes
2102,488,2025-09-15,1,Boutique,9,1,7756.91,7916.32,3,Yes
2103,1958,2025-06-12,1,Boutique,26,2,602.77,1112.18,3,Yes
2104,1218,2023-06-08,6,Online,10,1,8420.05,8553.78,3,Yes
2105,1465,2025-01-08,1,Boutique,6,2,1450.79,2737.36,4,Yes
2106,313,2024-07-10,5,Boutique,17,1,1526.79,1439.44,3,No
2107,79,2023-07-20,4,Boutique,12,1,7775.57,7340.71,3,Yes
2108,675,2023-01-22,3,Boutique,24,1,426.87,425.77,3,Yes
2109,1738,2025-02-23,2,Boutique,28,1,488.98,458.9,3,Yes
2110,14,2023-01-07,5,Private Client,9,1,7756.91,7292.31,5,Yes
2111,2046,2025-03-14,8,Online,2,1,2881.29,2768.88,3,Yes
2112,1038,2025-02-06,7,Boutique,16,1,4000.34,3680.86,4,Yes
2113,2147,2024-08-01,1,Online,16,2,4000.34,7713.67,4,Yes
2114,33,2024-05-03,3,Boutique,22,2,1263.19,2574.24,4,Yes
2115,1460,2025-07-14,6,Boutique,23,1,395.7,402.13,3,Yes
2116,257,2023-03-28,6,Online,27,2,356.86,767.34,3,Yes
2117,34,2023-08-10,2,Boutique,1,1,1844.17,1731.94,5,Yes
2118,2067,2024-02-17,2,Boutique,27,3,356.86,1133.2,3,Yes
2119,1284,2024-08-06,9,Online,21,1,2018.96,1983.81,4,Yes
2120,1850,2023-07-21,5,Boutique,27,1,356.86,350.41,4,Yes
2121,2185,2024-07-24,1,Private Client,11,2,3218.81,6281.89,5,Yes
2122,359,2023-08-09,2,Online,21,3,2018.96,5693.21,3,Yes
2123,754,2023-06-06,5,Online,3,1,2487.59,2479.03,4,Yes
2124,1603,2023-05-09,7,Boutique,2,3,2881.29,9041.32,3,Yes
2125,404,2025-05-26,7,Boutique,14,1,4139.23,4387.87,2,Yes
2126,1226,2023-09-27,1,Online,1,1,1844.17,1980.74,4,Yes
2127,1400,2023-06-12,10,Private Client,6,1,1450.79,1517.01,4,Yes
2128,278,2025-08-12,10,Boutique,7,3,4390.12,13429.75,4,Yes
2129,112,2023-01-24,10,Private Client,2,2,2881.29,5760.31,3,Yes
2130,1987,2024-05-11,5,Boutique,2,2,2881.29,6108.24,4,Yes
2131,392,2023-07-12,7,Boutique,15,1,3992.76,4145.77,4,Yes
2132,969,2025-05-27,9,Boutique,21,2,2018.96,3819.07,4,Yes
2133,2191,2024-01-25,8,Boutique,5,1,1450.83,1493.21,3,Yes
2134,1056,2024-05-11,8,Online,13,2,7115.72,14074.41,4,Yes
2135,269,2025-08-21,7,Boutique,19,1,1731.11,1757.64,3,Yes
2136,2030,2025-03-16,4,Private Client,19,1,1731.11,1841.44,2,Yes
2137,275,2023-05-09,5,Boutique,15,2,3992.76,8180.46,3,Yes
2138,743,2025-10-17,1,Boutique,1,2,1844.17,3947.25,4,Yes
2139,86,2024-07-06,8,Online,3,2,2487.59,5266.82,3,Yes
2140,404,2025-11-25,7,Boutique,25,2,464.55,873.93,3,Yes
2141,2046,2023-12-27,8,Online,18,1,1879.61,1732.75,3,Yes
2142,1055,2025-02-03,4,Boutique,17,1,1526.79,1498.55,4,Yes
2143,2155,2023-10-14,1,Boutique,25,2,464.55,983.41,4,Yes
2144,1895,2025-02-06,6,Online,21,1,2018.96,1931.78,3,Yes
2145,276,2025-07-13,6,Private Client,8,1,9400.29,9688.16,4,Yes
2146,651,2024-01-04,10,Boutique,11,1,3218.81,3206.45,2,Yes
2147,1622,2025-06-17,6,Online,20,3,1505.97,4695.79,4,Yes
2148,1106,2025-12-20,1,Online,8,2,9400.29,17792.8,3,Yes
2149,1914,2023-09-19,3,Boutique,28,1,488.98,468.57,3,Yes
2150,586,2025-02-26,1,Online,21,3,2018.96,5807.36,3,Yes
2151,129,2023-04-21,6,Boutique,6,3,1450.79,4386.12,4,Yes
2152,256,2025-07-30,1,Boutique,6,1,1450.79,1401.96,4,Yes
2153,231,2023-05-21,6,Boutique,6,2,1450.79,3046.3,2,Yes
2154,1161,2025-01-14,2,Boutique,2,1,2881.29,2810.66,4,Yes
2155,1648,2024-06-18,2,Boutique,10,1,8420.05,8636.75,3,Yes
2156,2194,2023-03-20,5,Boutique,10,2,8420.05,18048.55,3,Yes
2157,2048,2025-11-20,8,Boutique,9,2,7756.91,15779.23,4,Yes
2158,260,2024-05-23,5,Online,23,3,395.7,1138.13,4,Yes
2159,2135,2025-08-28,3,Boutique,3,1,2487.59,2619.12,2,Yes
2160,843,2023-03-07,3,Online,2,1,2881.29,2656.57,3,Yes
2161,1972,2023-10-14,2,Boutique,4,2,2247.59,4320.07,4,Yes
2162,265,2023-05-03,8,Online,8,2,9400.29,18462.14,3,Yes
2163,392,2024-07-08,7,Boutique,9,1,7756.91,7379.59,3,Yes
2164,901,2025-09-30,6,Boutique,26,1,602.77,612.8,2,Yes
2165,588,2023-01-04,9,Boutique,2,1,2881.29,2908.03,3,Yes
2166,1153,2024-02-16,10,Boutique,16,1,4000.34,3940.49,3,Yes
2167,1295,2023-09-07,8,Boutique,6,2,1450.79,2806.12,4,Yes
2168,466,2024-03-28,1,Online,8,1,9400.29,9300.88,3,Yes
2169,1194,2023-06-07,1,Private Client,3,2,2487.59,4808.97,4,Yes
2170,2176,2025-04-16,1,Online,11,1,3218.81,3075.26,4,Yes
2171,1973,2025-10-10,2,Boutique,25,1,464.55,453.5,4,Yes
2172,1050,2025-11-18,6,Boutique,20,1,1505.97,1530.63,2,Yes
2173,488,2025-09-04,1,Private Client,5,1,1450.83,1485.28,3,Yes
2174,950,2023-12-01,1,Boutique,12,3,7775.57,22570.35,5,Yes
2175,406,2023-06-02,1,Private Client,23,1,395.7,424.03,4,Yes
2176,1050,2025-01-18,6,Boutique,27,3,356.86,1029.81,2,Yes
2177,1107,2025-04-13,6,Private Client,11,1,3218.81,3328.06,3,Yes
2178,364,2025-03-18,4,Private Client,5,2,1450.83,2707.36,2,Yes
2179,1391,2025-01-27,4,Online,20,1,1505.97,1545.69,3,Yes
2180,1084,2025-11-21,1,Boutique,20,1,1505.97,1496.32,3,Yes
2181,551,2024-06-15,5,Boutique,21,3,2018.96,6123.85,4,No
2182,1659,2023-02-22,9,Private Client,3,2,2487.59,4723.69,4,Yes
2183,292,2024-12-18,2,Private Client,9,2,7756.91,15348.91,3,Yes
2184,1961,2023-12-11,4,Boutique,28,1,488.98,509.81,3,Yes
2185,1818,2023-01-01,1,Boutique,18,1,1879.61,1959.93,2,Yes
2186,191,2023-06-16,6,Online,12,2,7775.57,14898.13,4,Yes
2187,461,2023-11-13,10,Boutique,23,1,395.7,386.37,4,Yes
2188,1920,2025-08-22,1,Online,4,1,2247.59,2069.15,4,Yes
2189,271,2025-06-16,6,Online,24,2,426.87,797.73,4,Yes
2190,1158,2023-09-30,9,Private Client,7,1,4390.12,4127.93,3,Yes
2191,171,2024-01-08,9,Boutique,24,3,426.87,1238.33,3,Yes
2192,1439,2025-06-18,10,Boutique,20,1,1505.97,1568.38,3,Yes
2193,28,2023-07-20,9,Boutique,11,1,3218.81,3224.09,3,Yes
2194,136,2023-05-20,5,Private Client,2,1,2881.29,3016.18,3,Yes
2195,888,2023-11-02,4,Boutique,23,1,395.7,411.84,3,Yes
2196,1529,2025-12-20,6,Boutique,12,1,7775.57,7883.98,4,Yes
2197,1265,2023-12-26,6,Boutique,9,1,7756.91,7756.74,4,Yes
2198,856,2023-11-03,1,Boutique,6,1,1450.79,1550.91,5,Yes
2199,1252,2023-11-29,5,Online,7,1,4390.12,4438.78,5,Yes
2200,509,2023-11-30,8,Online,6,1,1450.79,1446.8,5,Yes
2201,1327,2024-05-31,5,Online,18,1,1879.61,1990.62,4,Yes
2202,2082,2024-12-31,10,Boutique,13,1,7115.72,6627.8,4,Yes
2203,1026,2025-07-12,8,Private Client,9,2,7756.91,15901.11,4,Yes
2204,362,2025-02-04,8,Boutique,21,1,2018.96,1893.95,4,Yes
2205,1219,2025-02-23,1,Online,28,1,488.98,514.0,3,Yes
2206,606,2023-01-21,5,Boutique,19,1,1731.11,1812.17,3,Yes
2207,1864,2025-05-28,4,Boutique,4,3,2247.59,6746.65,3,Yes
2208,1332,2023-06-26,6,Boutique,4,1,2247.59,2305.5,3,Yes
2209,1671,2023-01-22,10,Boutique,13,1,7115.72,7426.1,4,Yes
2210,716,2025-04-16,5,Online,28,1,488.98,487.67,2,Yes
2211,2195,2025-08-17,1,Boutique,25,2,464.55,989.45,4,Yes
2212,348,2024-07-01,2,Boutique,11,2,3218.81,6372.76,4,Yes
2213,1278,2023-09-07,8,Online,21,2,2018.96,4291.19,4,Yes
2214,399,2024-10-22,4,Boutique,2,1,2881.29,2919.44,3,Yes
2215,1358,2025-08-09,2,Boutique,6,2,1450.79,2867.34,3,Yes
2216,1200,2023-05-06,2,Boutique,12,2,7775.57,14317.24,5,Yes
2217,2173,2024-09-02,10,Online,23,3,395.7,1148.27,3,Yes
2218,2179,2025-10-06,2,Boutique,8,1,9400.29,9953.66,3,Yes
2219,1586,2023-02-13,2,Private Client,5,1,1450.83,1434.28,3,Yes
2220,822,2024-07-01,6,Boutique,24,3,426.87,1264.52,3,Yes
2221,902,2024-03-10,2,Boutique,24,1,426.87,426.15,3,No
2222,945,2025-11-19,7,Boutique,20,1,1505.97,1454.48,3,Yes
2223,1870,2025-03-04,1,Online,23,3,395.7,1185.5,4,Yes
2224,334,2023-12-23,6,Boutique,28,1,488.98,479.26,3,Yes
2225,1044,2023-09-10,1,Online,9,1,7756.91,8265.07,3,Yes
2226,355,2025-02-23,6,Boutique,26,1,602.77,608.94,3,Yes
2227,1197,2024-12-21,4,Boutique,4,1,2247.59,2367.76,4,Yes
2228,1213,2025-01-06,8,Online,9,1,7756.91,7988.84,3,Yes
2229,824,2025-06-18,7,Online,12,1,7775.57,7418.02,3,Yes
2230,1026,2023-05-03,8,Boutique,4,3,2247.59,7139.42,4,Yes
2231,1897,2024-11-15,8,Online,17,1,1526.79,1425.97,4,Yes
2232,168,2023-05-23,3,Online,20,3,1505.97,4480.78,4,Yes
2233,536,2025-09-29,1,Boutique,2,1,2881.29,2761.04,3,Yes
2234,1949,2025-07-26,2,Boutique,22,2,1263.19,2541.56,2,Yes
2235,1620,2024-05-25,8,Boutique,13,1,7115.72,6888.07,4,Yes
2236,950,2023-02-26,1,Boutique,15,1,3992.76,4135.11,4,Yes
2237,207,2023-02-11,1,Online,8,2,9400.29,20114.87,3,Yes
2238,544,2025-03-31,8,Boutique,6,1,1450.79,1499.33,3,No
2239,129,2023-12-09,6,Boutique,9,3,7756.91,22732.0,4,Yes
2240,1471,2023-11-28,3,Boutique,22,2,1263.19,2566.83,4,Yes
2241,2083,2023-12-07,1,Private Client,11,1,3218.81,3418.9,3,Yes
2242,1837,2023-12-07,10,Online,23,1,395.7,381.14,2,Yes
2243,77,2025-04-28,9,Boutique,12,1,7775.57,7300.58,4,Yes
2244,369,2023-07-01,8,Boutique,21,1,2018.96,1899.68,4,Yes
2245,526,2025-09-10,6,Boutique,24,1,426.87,426.52,2,Yes
2246,349,2024-06-06,8,Online,2,1,2881.29,2988.31,2,Yes
2247,506,2023-07-01,6,Boutique,2,2,2881.29,5907.57,4,Yes
2248,643,2023-09-08,1,Private Client,11,2,3218.81,6390.13,4,Yes
2249,238,2023-05-18,7,Boutique,8,2,9400.29,19490.33,2,Yes
2250,1304,2025-01-20,6,Online,6,3,1450.79,4445.66,3,Yes
2251,1601,2024-03-29,1,Online,18,1,1879.61,1918.17,3,Yes
2252,1456,2025-06-01,1,Online,22,3,1263.19,3609.11,4,Yes
2253,2186,2023-03-28,10,Boutique,11,3,3218.81,9366.87,3,Yes
2254,1674,2023-10-20,4,Online,24,1,426.87,416.24,3,Yes
2255,1847,2023-04-02,7,Boutique,6,1,1450.79,1522.33,4,Yes
2256,1855,2023-07-27,6,Boutique,9,1,7756.91,8098.35,3,Yes
2257,355,2023-07-05,6,Private Client,22,1,1263.19,1213.2,4,Yes
2258,559,2023-06-05,1,Private Client,14,1,4139.23,3844.62,5,Yes
2259,1918,2023-10-20,5,Online,19,1,1731.11,1805.28,3,Yes
2260,1255,2024-06-16,6,Boutique,25,2,464.55,915.7,3,Yes
2261,1682,2023-06-10,6,Online,26,2,602.77,1151.49,3,Yes
2262,1170,2025-04-30,10,Boutique,21,3,2018.96,5685.73,5,Yes
2263,1176,2023-06-05,2,Boutique,6,1,1450.79,1337.7,3,Yes
2264,1815,2023-05-23,4,Online,20,2,1505.97,2977.11,3,Yes
2265,2188,2024-07-15,2,Boutique,19,1,1731.11,1686.73,5,Yes
2266,663,2023-02-04,2,Private Client,10,1,8420.05,8684.74,4,Yes
2267,21,2023-08-12,5,Boutique,14,2,4139.23,8909.83,4,Yes
2268,2112,2024-10-29,8,Boutique,5,2,1450.83,2765.53,3,Yes
2269,1242,2024-01-28,2,Online,12,1,7775.57,7455.88,4,Yes
2270,162,2024-02-12,1,Online,19,1,1731.11,1686.05,4,Yes
2271,130,2023-10-24,7,Boutique,2,1,2881.29,2865.59,2,Yes
2272,1951,2023-11-19,8,Boutique,15,2,3992.76,8238.12,5,No
2273,225,2023-02-08,8,Online,6,1,1450.79,1416.44,3,Yes
2274,1782,2024-05-19,1,Boutique,8,1,9400.29,8804.99,4,Yes
2275,580,2025-01-22,3,Boutique,14,1,4139.23,4291.78,5,Yes
2276,1478,2023-08-28,3,Online,3,1,2487.59,2604.86,3,Yes
2277,107,2024-11-17,10,Boutique,6,1,1450.79,1392.21,5,Yes
2278,840,2025-01-09,1,Private Client,11,1,3218.81,3031.74,4,Yes
2279,1165,2025-09-23,3,Online,9,1,7756.91,7791.41,4,Yes
2280,1158,2024-05-01,9,Private Client,17,1,1526.79,1455.54,4,Yes
2281,667,2025-02-03,1,Boutique,19,1,1731.11,1696.26,3,Yes
2282,2127,2024-09-14,1,Private Client,2,1,2881.29,3009.16,3,Yes
2283,1972,2025-01-05,2,Boutique,28,3,488.98,1401.13,2,Yes
2284,512,2023-10-25,1,Boutique,8,1,9400.29,9860.92,4,Yes
2285,250,2025-12-11,6,Boutique,25,1,464.55,477.48,3,Yes
2286,889,2025-01-02,2,Boutique,10,2,8420.05,16084.92,2,Yes
2287,1024,2025-09-27,5,Boutique,22,1,1263.19,1268.53,4,Yes
2288,599,2023-10-31,4,Boutique,3,2,2487.59,5065.98,4,Yes
2289,753,2024-10-25,6,Boutique,10,1,8420.05,8016.26,3,Yes
2290,600,2025-06-17,7,Boutique,24,1,426.87,402.62,4,Yes
2291,2065,2025-03-01,1,Online,26,1,602.77,605.78,4,Yes
2292,1759,2024-10-08,6,Boutique,23,2,395.7,815.94,4,Yes
2293,1318,2023-07-28,4,Online,2,1,2881.29,2865.19,4,Yes
2294,1846,2024-06-02,8,Online,27,2,356.86,664.62,3,Yes
2295,1243,2023-03-18,6,Private Client,7,1,4390.12,4688.8,5,Yes
2296,234,2023-12-04,10,Boutique,1,1,1844.17,1901.7,4,Yes
2297,1414,2025-05-12,1,Private Client,24,3,426.87,1305.44,3,Yes
2298,1926,2025-07-01,7,Boutique,12,2,7775.57,15908.51,4,Yes
2299,2100,2025-03-17,1,Private Client,5,2,1450.83,2854.59,4,Yes
2300,2063,2024-07-25,7,Boutique,9,2,7756.91,16716.2,4,Yes
2301,441,2024-02-28,1,Online,12,1,7775.57,7318.59,3,Yes
2302,1136,2024-11-03,7,Online,11,1,3218.81,3341.97,4,Yes
2303,7,2025-11-05,10,Boutique,12,3,7775.57,23031.4,3,Yes
2304,1587,2025-07-14,3,Boutique,3,2,2487.59,5278.54,5,Yes
2305,826,2023-04-08,9,Online,12,1,7775.57,8045.86,2,Yes
2306,1269,2023-10-27,1,Boutique,23,2,395.7,799.28,3,Yes
2307,1311,2025-01-16,1,Boutique,24,2,426.87,913.53,4,Yes
2308,1628,2023-10-01,9,Online,1,2,1844.17,3931.74,3,Yes
2309,1037,2023-09-18,4,Boutique,6,1,1450.79,1346.87,3,Yes
2310,1170,2025-07-24,10,Online,11,1,3218.81,3060.49,4,Yes
2311,478,2023-11-28,1,Boutique,2,2,2881.29,5924.9,3,Yes
2312,715,2023-04-25,7,Boutique,8,1,9400.29,10034.76,3,Yes
2313,1677,2023-09-25,4,Boutique,22,1,1263.19,1249.11,4,Yes
2314,2163,2023-01-12,2,Online,11,1,3218.81,2981.03,4,Yes
2315,509,2023-03-14,8,Private Client,27,1,356.86,365.04,4,Yes
2316,2105,2025-10-12,6,Boutique,12,3,7775.57,22187.2,3,Yes
2317,382,2025-05-23,1,Boutique,19,1,1731.11,1745.6,4,Yes
2318,1181,2024-02-10,2,Boutique,20,1,1505.97,1478.18,3,No
2319,1846,2023-06-27,8,Online,23,1,395.7,399.37,1,Yes
2320,1187,2025-02-10,6,Boutique,9,2,7756.91,16587.22,2,Yes
2321,275,2025-08-03,5,Boutique,11,1,3218.81,3211.5,3,Yes
2322,1719,2024-02-04,1,Boutique,26,2,602.77,1115.76,5,Yes
2323,1101,2023-09-27,3,Boutique,18,1,1879.61,1903.95,2,Yes
2324,1861,2024-04-30,6,Boutique,9,2,7756.91,15081.28,4,Yes
2325,2092,2023-02-28,9,Boutique,15,1,3992.76,4170.44,3,Yes
2326,718,2024-10-03,9,Online,22,2,1263.19,2514.22,3,Yes
2327,318,2025-06-05,6,Private Client,18,1,1879.61,1952.2,2,No
2328,534,2023-09-23,1,Online,8,1,9400.29,10015.18,5,Yes
2329,1609,2023-03-16,3,Boutique,4,3,2247.59,6594.19,3,Yes
2330,1777,2024-05-19,3,Boutique,27,1,356.86,384.8,3,Yes
2331,1245,2023-12-23,7,Boutique,13,1,7115.72,6717.03,4,Yes
2332,1334,2023-06-03,1,Online,15,1,3992.76,4084.71,4,Yes
2333,1201,2024-04-30,10,Online,8,2,9400.29,17401.12,2,Yes
2334,1795,2023-03-07,6,Private Client,16,1,4000.34,3816.68,3,Yes
2335,2086,2024-01-15,9,Boutique,11,2,3218.81,6575.41,4,Yes
2336,1455,2024-02-11,5,Online,23,1,395.7,366.97,4,Yes
2337,1934,2023-10-04,4,Online,23,2,395.7,740.98,4,Yes
2338,747,2024-09-06,8,Boutique,27,1,356.86,344.93,4,Yes
2339,841,2023-11-10,8,Online,13,2,7115.72,14403.67,4,Yes
2340,1519,2024-07-02,8,Private Client,7,1,4390.12,4050.14,3,Yes
2341,2173,2024-04-05,10,Private Client,18,2,1879.61,3748.61,3,Yes
2342,1089,2024-02-03,1,Online,8,3,9400.29,28768.24,2,Yes
2343,793,2024-03-26,8,Boutique,2,2,2881.29,5672.7,4,Yes
2344,1268,2024-04-15,1,Online,3,1,2487.59,2315.5,4,Yes
2345,1551,2025-08-13,6,Online,10,1,8420.05,8569.42,5,Yes
2346,293,2024-12-07,5,Boutique,7,2,4390.12,8928.92,4,Yes
2347,1405,2023-04-13,5,Boutique,23,1,395.7,396.08,3,Yes
2348,1649,2023-11-24,1,Boutique,28,1,488.98,504.09,3,Yes
2349,1242,2024-08-23,2,Boutique,7,2,4390.12,8369.75,3,Yes
2350,1076,2023-09-03,9,Online,4,1,2247.59,2311.8,4,Yes
2351,1398,2025-12-17,10,Boutique,21,1,2018.96,1909.6,3,Yes
2352,1694,2023-04-15,1,Boutique,23,3,395.7,1166.72,4,Yes
2353,1038,2024-11-22,7,Boutique,8,1,9400.29,8749.89,4,Yes
2354,1364,2025-08-29,1,Boutique,19,3,1731.11,5458.5,4,Yes
2355,1563,2025-12-28,6,Boutique,22,1,1263.19,1270.92,4,Yes
2356,1113,2025-09-19,8,Boutique,12,1,7775.57,8361.6,5,Yes
2357,2089,2023-06-02,4,Boutique,25,1,464.55,497.43,3,Yes
2358,1292,2025-11-24,1,Online,10,1,8420.05,9091.72,3,Yes
2359,1162,2025-08-14,6,Boutique,14,1,4139.23,3875.16,4,Yes
2360,1030,2025-11-04,4,Boutique,27,3,356.86,1088.84,4,Yes
2361,242,2024-12-30,2,Boutique,12,1,7775.57,7660.59,2,Yes
2362,162,2023-03-15,1,Boutique,21,3,2018.96,6088.54,3,Yes
2363,979,2025-05-05,6,Boutique,20,1,1505.97,1459.89,3,Yes
2364,518,2023-10-12,3,Boutique,25,1,464.55,430.96,5,Yes
2365,898,2023-10-07,1,Boutique,4,3,2247.59,6966.9,4,Yes
2366,783,2025-02-25,10,Boutique,19,2,1731.11,3720.26,4,Yes
2367,1180,2024-11-16,4,Boutique,7,1,4390.12,4412.87,3,Yes
2368,85,2025-08-26,9,Online,21,3,2018.96,5891.73,4,Yes
2369,1736,2023-10-18,5,Boutique,1,2,1844.17,3946.98,4,Yes
2370,1034,2025-07-20,10,Online,8,1,9400.29,9196.74,3,Yes
2371,138,2025-02-06,8,Online,11,2,3218.81,6864.59,4,Yes
2372,754,2023-11-08,5,Online,1,1,1844.17,1949.12,3,Yes
2373,713,2024-10-07,4,Boutique,25,1,464.55,466.68,3,Yes
2374,580,2025-11-21,3,Online,1,2,1844.17,3792.72,4,Yes
2375,554,2023-01-26,10,Boutique,4,1,2247.59,2319.63,3,Yes
2376,396,2023-09-12,5,Boutique,26,1,602.77,616.38,3,Yes
2377,1938,2025-12-15,6,Boutique,4,1,2247.59,2125.59,4,Yes
2378,1687,2023-10-20,1,Private Client,11,2,3218.81,6636.18,4,Yes
2379,1620,2024-09-28,8,Boutique,25,2,464.55,855.25,3,Yes
2380,1158,2023-08-18,9,Private Client,1,2,1844.17,3812.29,3,Yes
2381,1333,2023-02-22,9,Boutique,10,1,8420.05,8493.93,4,Yes
2382,1890,2025-08-11,6,Private Client,25,1,464.55,446.69,3,Yes
2383,810,2023-04-11,3,Private Client,4,1,2247.59,2356.83,3,Yes
2384,170,2025-03-14,9,Private Client,23,1,395.7,389.7,4,Yes
2385,740,2025-05-18,8,Boutique,25,1,464.55,463.49,4,Yes
2386,1842,2023-09-24,6,Online,27,3,356.86,989.67,4,Yes
2387,457,2023-01-02,6,Private Client,7,1,4390.12,4320.81,4,Yes
2388,1326,2023-01-22,6,Boutique,2,3,2881.29,8183.83,3,Yes
2389,2094,2024-07-31,5,Boutique,22,2,1263.19,2435.89,5,Yes
2390,1602,2023-07-31,4,Online,13,1,7115.72,6833.53,4,Yes
2391,1384,2024-06-12,1,Boutique,22,1,1263.19,1171.44,3,Yes
2392,1285,2024-01-23,5,Online,19,2,1731.11,3440.34,4,Yes
2393,1147,2023-01-14,6,Boutique,4,2,2247.59,4511.43,3,Yes
2394,231,2024-06-02,6,Boutique,6,1,1450.79,1467.29,3,Yes
2395,112,2024-09-07,10,Boutique,27,1,356.86,354.7,4,Yes
2396,593,2025-08-19,1,Boutique,22,1,1263.19,1337.88,5,Yes
2397,1239,2024-02-07,3,Boutique,17,2,1526.79,2827.7,3,Yes
2398,1888,2023-10-14,6,Online,26,3,602.77,1841.24,3,Yes
2399,2130,2024-01-19,3,Boutique,24,1,426.87,451.88,5,Yes
2400,1100,2025-04-05,4,Online,9,2,7756.91,14374.58,4,Yes
2401,1527,2023-11-08,1,Online,2,1,2881.29,2879.59,4,Yes
2402,1970,2024-12-26,1,Boutique,20,1,1505.97,1527.42,3,Yes
2403,952,2023-02-12,6,Boutique,27,1,356.86,339.21,3,Yes
2404,1503,2025-01-23,2,Boutique,6,2,1450.79,2786.68,3,Yes
2405,372,2025-09-19,7,Boutique,18,1,1879.61,1965.5,4,Yes
2406,110,2025-05-25,6,Boutique,27,1,356.86,360.71,2,Yes
2407,1224,2025-01-03,5,Boutique,23,1,395.7,384.04,3,Yes
2408,226,2023-05-24,2,Private Client,22,3,1263.19,3950.1,2,Yes
2409,31,2023-07-28,1,Boutique,24,1,426.87,443.72,4,Yes
2410,614,2024-11-30,2,Boutique,15,2,3992.76,7787.99,4,Yes
2411,1795,2023-04-24,6,Private Client,23,2,395.7,789.96,3,Yes
2412,99,2023-06-24,8,Online,16,2,4000.34,8211.28,5,Yes
2413,1363,2023-09-28,1,Online,26,2,602.77,1175.3,4,Yes
2414,811,2023-03-04,6,Online,1,1,1844.17,1882.24,3,Yes
2415,1821,2025-10-04,9,Boutique,10,1,8420.05,8084.69,5,Yes
2416,814,2025-03-06,6,Private Client,10,1,8420.05,8139.86,3,Yes
2417,1822,2023-08-13,6,Private Client,21,1,2018.96,1957.8,3,Yes
2418,1020,2023-06-10,1,Boutique,6,3,1450.79,4656.03,3,No
2419,2136,2025-11-25,8,Boutique,23,2,395.7,833.65,3,Yes
2420,1087,2024-01-16,6,Boutique,4,1,2247.59,2271.02,3,Yes
2421,922,2023-11-14,6,Boutique,14,1,4139.23,4181.53,4,Yes
2422,1411,2024-12-08,1,Boutique,25,1,464.55,431.56,4,Yes
2423,1483,2024-03-31,8,Online,17,1,1526.79,1563.31,5,Yes
2424,1660,2023-12-10,5,Boutique,3,2,2487.59,4838.36,4,Yes
2425,1918,2025-11-29,5,Boutique,26,1,602.77,613.6,2,Yes
2426,797,2024-02-18,5,Boutique,2,1,2881.29,3038.14,4,Yes
2427,1958,2023-08-13,1,Online,18,2,1879.61,3485.85,4,Yes
2428,1013,2023-10-07,5,Boutique,17,1,1526.79,1552.94,3,Yes
2429,346,2025-11-28,6,Boutique,13,1,7115.72,7188.81,4,Yes
2430,724,2024-12-29,9,Online,19,2,1731.11,3299.78,5,Yes
2431,1102,2024-09-12,2,Boutique,10,1,8420.05,8617.33,3,Yes
2432,1389,2025-09-01,1,Boutique,21,3,2018.96,6110.02,3,Yes
2433,1038,2024-07-26,7,Boutique,22,2,1263.19,2634.44,3,Yes
2434,136,2024-05-03,5,Online,24,2,426.87,800.55,3,Yes
2435,1328,2025-10-04,8,Online,4,1,2247.59,2227.31,2,Yes
2436,792,2025-07-25,3,Boutique,17,1,1526.79,1648.43,3,Yes
2437,79,2025-02-22,4,Boutique,28,3,488.98,1511.37,3,Yes
2438,1779,2024-05-22,6,Online,16,1,4000.34,4118.3,5,Yes
2439,705,2024-02-09,6,Private Client,25,2,464.55,902.03,3,Yes
2440,982,2025-02-10,5,Online,19,2,1731.11,3237.25,3,Yes
2441,1442,2024-10-25,8,Online,24,1,426.87,457.57,3,Yes
2442,1266,2023-05-11,6,Boutique,14,1,4139.23,3877.94,4,Yes
2443,1075,2023-10-08,9,Online,20,1,1505.97,1624.69,3,Yes
2444,744,2024-02-24,8,Private Client,27,2,356.86,670.99,3,Yes
2445,375,2024-09-28,5,Online,15,1,3992.76,3782.52,3,Yes
2446,1754,2025-03-18,9,Private Client,19,1,1731.11,1678.03,5,Yes
2447,1992,2023-12-14,6,Boutique,3,1,2487.59,2492.52,3,No
2448,1335,2024-03-04,6,Private Client,20,1,1505.97,1575.94,3,Yes
2449,592,2024-06-30,7,Online,20,2,1505.97,3238.92,3,Yes
2450,1066,2025-07-28,5,Online,16,2,4000.34,7819.96,3,Yes
2451,533,2024-02-06,6,Boutique,28,1,488.98,451.46,3,Yes
2452,1177,2025-12-06,5,Online,7,3,4390.12,13416.23,4,Yes
2453,1336,2024-10-26,6,Online,18,1,1879.61,1943.0,4,Yes
2454,1318,2025-01-19,4,Boutique,8,2,9400.29,18492.08,4,Yes
2455,598,2025-08-17,3,Online,27,1,356.86,338.79,4,Yes
2456,113,2024-09-28,10,Online,14,1,4139.23,4010.76,3,Yes
2457,1136,2025-05-28,7,Boutique,18,1,1879.61,1926.46,2,Yes
2458,1199,2023-03-28,3,Boutique,1,1,1844.17,1842.45,4,Yes
2459,1846,2024-05-29,8,Boutique,24,2,426.87,886.99,3,Yes
2460,1326,2025-09-30,6,Boutique,20,1,1505.97,1438.06,3,Yes
2461,1988,2025-05-10,4,Boutique,6,3,1450.79,4590.52,3,Yes
2462,1540,2025-07-04,1,Boutique,13,2,7115.72,13447.88,2,Yes
2463,734,2024-03-26,2,Boutique,1,1,1844.17,1793.98,3,Yes
2464,1986,2023-12-07,1,Boutique,19,1,1731.11,1756.37,4,Yes
2465,996,2024-02-25,10,Boutique,7,1,4390.12,4556.5,4,Yes
2466,253,2024-01-16,9,Online,23,2,395.7,761.79,2,Yes
2467,124,2023-01-05,1,Boutique,27,1,356.86,382.45,4,Yes
2468,1237,2024-10-09,1,Online,24,1,426.87,440.95,3,Yes
2469,624,2025-10-24,5,Boutique,16,1,4000.34,3819.64,3,Yes
2470,1540,2023-11-12,1,Boutique,14,2,4139.23,8577.5,4,Yes
2471,1656,2024-06-14,8,Boutique,2,2,2881.29,5943.6,4,Yes
2472,1267,2023-12-21,8,Online,7,1,4390.12,4567.61,3,Yes
2473,1161,2025-11-22,2,Online,20,1,1505.97,1606.18,3,Yes
2474,441,2024-10-23,1,Online,22,2,1263.19,2611.96,4,Yes
2475,2093,2023-05-07,8,Boutique,20,2,1505.97,2940.57,4,Yes
2476,1017,2023-12-15,9,Online,15,1,3992.76,4178.35,3,Yes
2477,554,2025-12-03,10,Boutique,25,2,464.55,958.22,3,Yes
2478,809,2025-01-11,9,Online,14,1,4139.23,4188.41,5,Yes
2479,971,2024-12-28,10,Boutique,1,2,1844.17,3602.08,4,Yes
2480,1113,2023-09-01,8,Boutique,17,1,1526.79,1629.65,4,Yes
2481,1834,2023-01-09,6,Boutique,16,1,4000.34,4008.5,3,Yes
2482,1315,2024-12-12,8,Online,5,2,1450.83,2961.13,5,Yes
2483,1275,2025-04-25,1,Boutique,21,1,2018.96,1991.62,4,Yes
2484,99,2023-03-27,8,Boutique,27,1,356.86,372.89,3,Yes
2485,1480,2023-09-28,5,Boutique,24,3,426.87,1248.04,4,Yes
2486,1615,2024-05-27,5,Private Client,23,2,395.7,830.73,4,Yes
2487,301,2025-11-09,4,Boutique,27,1,356.86,334.47,4,Yes
2488,1223,2023-05-10,8,Online,3,1,2487.59,2570.76,4,Yes
2489,1683,2025-04-17,1,Private Client,24,3,426.87,1275.87,3,Yes
2490,488,2025-02-08,1,Private Client,20,3,1505.97,4661.58,3,Yes
2491,1425,2025-10-27,8,Private Client,19,1,1731.11,1739.81,4,Yes
2492,1005,2025-05-01,1,Private Client,2,2,2881.29,5425.41,3,Yes
2493,477,2025-07-25,6,Boutique,25,2,464.55,925.68,5,Yes
2494,1146,2025-06-19,2,Boutique,14,1,4139.23,4446.9,3,Yes
2495,1336,2024-04-17,6,Online,28,1,488.98,508.92,3,Yes
2496,1136,2023-12-04,7,Boutique,23,2,395.7,766.1,3,Yes
2497,1706,2023-11-15,4,Boutique,21,2,2018.96,4324.85,4,Yes
2498,518,2025-11-14,3,Online,25,1,464.55,485.28,3,Yes
2499,1221,2024-12-21,9,Boutique,19,3,1731.11,5080.69,5,Yes
2500,230,2023-05-23,6,Online,13,2,7115.72,14467.28,2,Yes
2501,1192,2024-10-18,2,Online,13,2,7115.72,14064.5,4,Yes
2502,2056,2025-12-14,9,Boutique,6,1,1450.79,1357.17,3,Yes
2503,1978,2024-04-15,7,Boutique,24,2,426.87,895.54,3,Yes
2504,1384,2023-12-29,1,Boutique,9,1,7756.91,7373.51,3,Yes
2505,1888,2024-10-11,6,Private Client,20,2,1505.97,2991.72,3,Yes
2506,1073,2023-07-28,1,Boutique,1,2,1844.17,3807.92,4,Yes
2507,464,2025-12-24,6,Boutique,24,1,426.87,456.39,3,Yes
2508,974,2024-07-02,5,Online,10,2,8420.05,15661.9,3,Yes
2509,1182,2023-09-20,10,Boutique,3,3,2487.59,7335.29,4,Yes
2510,66,2025-02-04,6,Boutique,6,1,1450.79,1477.4,4,Yes
2511,1997,2023-01-01,4,Boutique,16,3,4000.34,12537.34,4,Yes
2512,571,2023-05-28,1,Boutique,20,3,1505.97,4822.19,2,Yes
2513,308,2025-05-25,1,Boutique,6,1,1450.79,1334.84,4,Yes
2514,783,2025-09-12,10,Online,12,1,7775.57,7934.52,4,Yes
2515,121,2024-05-27,1,Boutique,3,2,2487.59,4582.69,3,No
2516,766,2024-09-20,6,Boutique,23,1,395.7,413.89,3,Yes
2517,773,2025-08-29,6,Boutique,18,1,1879.61,1774.25,2,Yes
2518,2144,2024-10-14,1,Boutique,21,2,2018.96,4292.87,5,Yes
2519,987,2024-04-10,6,Private Client,3,1,2487.59,2350.32,5,Yes
2520,2010,2025-02-02,1,Boutique,5,1,1450.83,1512.19,4,Yes
2521,540,2025-10-16,4,Private Client,19,1,1731.11,1672.75,5,Yes
2522,2050,2025-07-17,4,Boutique,25,2,464.55,937.61,4,Yes
2523,580,2025-03-04,3,Online,24,3,426.87,1302.83,3,Yes
2524,1664,2025-06-18,5,Boutique,18,1,1879.61,1791.42,3,Yes
2525,1048,2024-11-05,4,Boutique,8,2,9400.29,18195.04,4,Yes
2526,506,2025-10-05,6,Boutique,24,2,426.87,800.13,3,Yes
2527,1911,2023-10-08,5,Online,10,1,8420.05,7753.57,3,Yes
2528,733,2025-07-04,1,Boutique,19,2,1731.11,3317.9,5,Yes
2529,1572,2023-11-20,9,Boutique,10,1,8420.05,8441.61,3,Yes
2530,514,2025-03-01,6,Online,21,2,2018.96,4175.92,4,Yes
2531,361,2025-12-21,7,Boutique,2,1,2881.29,3016.62,4,Yes
2532,527,2023-07-06,8,Boutique,10,3,8420.05,23521.31,3,Yes
2533,279,2025-07-03,5,Online,22,2,1263.19,2434.38,3,Yes
2534,1373,2024-06-25,1,Boutique,18,1,1879.61,1960.88,4,Yes
2535,1947,2025-06-15,2,Online,4,1,2247.59,2240.71,3,Yes
2536,1445,2024-09-30,8,Boutique,3,1,2487.59,2361.1,3,Yes
2537,2112,2024-03-11,8,Boutique,17,1,1526.79,1500.46,3,Yes
2538,290,2023-08-01,1,Boutique,24,1,426.87,411.16,5,Yes
2539,2066,2025-03-28,5,Private Client,24,1,426.87,396.18,4,Yes
2540,64,2025-08-19,6,Private Client,17,1,1526.79,1591.19,3,Yes
2541,330,2025-08-17,6,Private Client,28,1,488.98,472.68,4,Yes
2542,1894,2025-07-05,1,Boutique,22,2,1263.19,2706.31,2,Yes
2543,763,2025-09-19,1,Online,12,1,7775.57,8258.43,4,Yes
2544,1964,2025-07-03,1,Boutique,17,3,1526.79,4738.87,4,Yes
2545,141,2024-02-25,1,Boutique,13,2,7115.72,13836.68,4,Yes
2546,1332,2023-11-15,6,Online,9,2,7756.91,14967.54,3,Yes
2547,444,2023-07-07,10,Boutique,1,2,1844.17,3673.75,3,Yes
2548,1499,2023-06-11,2,Boutique,15,1,3992.76,3899.87,4,Yes
2549,1269,2023-05-09,1,Boutique,19,2,1731.11,3684.44,3,Yes
2550,450,2023-10-31,6,Online,9,3,7756.91,21868.88,3,Yes
2551,1826,2025-07-05,8,Boutique,17,1,1526.79,1581.62,4,Yes
2552,351,2025-07-10,8,Boutique,15,2,3992.76,8127.21,3,Yes
2553,599,2025-11-25,4,Private Client,2,2,2881.29,6044.99,4,Yes
2554,711,2023-05-31,4,Boutique,4,2,2247.59,4525.74,2,Yes
2555,870,2024-08-15,9,Boutique,7,1,4390.12,4481.11,2,Yes
2556,1984,2023-02-16,1,Online,8,2,9400.29,20192.55,3,Yes
2557,1185,2025-07-28,1,Online,1,1,1844.17,1723.77,4,Yes
2558,393,2024-10-21,8,Boutique,1,1,1844.17,1727.58,4,Yes
2559,842,2023-08-19,10,Online,5,1,1450.83,1426.13,3,Yes
2560,2098,2025-09-28,6,Boutique,8,1,9400.29,9359.28,3,Yes
2561,1319,2023-06-14,3,Boutique,1,3,1844.17,5266.84,4,Yes
2562,1036,2024-12-24,4,Boutique,3,1,2487.59,2321.49,5,Yes
2563,1359,2025-03-30,7,Boutique,22,2,1263.19,2333.23,4,Yes
2564,991,2025-12-25,9,Boutique,17,3,1526.79,4774.28,3,Yes
2565,1039,2023-05-20,1,Private Client,3,3,2487.59,7444.93,5,Yes
2566,28,2024-02-04,9,Online,28,2,488.98,1031.69,3,Yes
2567,388,2023-05-10,4,Private Client,1,3,1844.17,5409.32,2,Yes
2568,1316,2025-09-11,6,Online,4,1,2247.59,2320.75,2,Yes
2569,833,2025-02-04,7,Boutique,9,2,7756.91,15485.33,4,Yes
2570,250,2024-03-21,6,Boutique,13,3,7115.72,21729.94,3,Yes
2571,2028,2023-01-29,6,Private Client,5,1,1450.83,1420.7,4,Yes
2572,1529,2025-03-09,6,Online,14,3,4139.23,11585.55,3,Yes
2573,98,2023-10-16,4,Private Client,19,1,1731.11,1855.02,4,Yes
2574,1839,2025-09-03,1,Boutique,26,2,602.77,1270.37,3,Yes
2575,1361,2023-04-10,10,Boutique,23,1,395.7,383.79,2,Yes
2576,1063,2024-02-26,10,Boutique,14,1,4139.23,4443.02,4,Yes
2577,1324,2024-10-04,6,Boutique,22,1,1263.19,1222.87,4,Yes
2578,892,2024-11-24,1,Boutique,27,1,356.86,353.6,3,Yes
2579,1493,2024-12-06,1,Boutique,25,1,464.55,483.51,3,Yes
2580,1306,2023-01-18,10,Online,4,3,2247.59,6536.72,4,Yes
2581,1188,2024-04-15,1,Boutique,4,3,2247.59,6553.44,4,Yes
2582,453,2024-12-23,6,Boutique,9,2,7756.91,15290.62,5,Yes
2583,97,2025-10-27,1,Online,2,2,2881.29,5733.43,4,No
2584,262,2024-02-23,6,Boutique,10,2,8420.05,15825.97,5,Yes
2585,1794,2024-01-15,1,Boutique,18,2,1879.61,3469.0,3,Yes
2586,2171,2024-05-22,5,Boutique,25,3,464.55,1487.12,3,Yes
2587,325,2023-04-24,6,Private Client,7,3,4390.12,12860.99,3,Yes
2588,986,2025-05-01,1,Boutique,21,1,2018.96,1890.29,4,Yes
2589,687,2024-05-25,3,Private Client,14,1,4139.23,4310.87,4,Yes
2590,1740,2025-04-30,5,Boutique,21,1,2018.96,1952.76,3,Yes
2591,1861,2025-09-02,6,Boutique,25,1,464.55,440.89,2,Yes
2592,836,2024-09-05,4,Boutique,15,2,3992.76,8576.59,3,Yes
2593,59,2024-04-13,6,Boutique,10,2,8420.05,17973.22,5,Yes
2594,1522,2023-04-03,6,Boutique,5,3,1450.83,4077.93,3,Yes
2595,1397,2024-05-07,10,Online,25,1,464.55,494.23,3,Yes
2596,1677,2025-02-01,4,Boutique,8,3,9400.29,29964.52,3,Yes
2597,236,2025-09-15,5,Online,22,1,1263.19,1290.35,4,No
2598,218,2024-04-23,9,Online,21,3,2018.96,6085.7,4,Yes
2599,1551,2025-05-26,6,Online,5,2,1450.83,2770.48,5,Yes
2600,1838,2023-06-16,9,Boutique,5,1,1450.83,1362.94,3,Yes
2601,1430,2023-05-20,6,Private Client,14,1,4139.23,4209.68,3,Yes
2602,589,2023-04-04,1,Boutique,1,1,1844.17,1939.17,5,Yes
2603,1672,2024-07-29,5,Boutique,27,3,356.86,1102.89,4,Yes
2604,917,2025-10-24,1,Online,5,1,1450.83,1376.73,2,Yes
2605,1493,2024-08-28,1,Boutique,19,3,1731.11,5018.85,2,Yes
2606,918,2024-08-06,1,Online,22,1,1263.19,1272.57,2,Yes
2607,1134,2025-03-26,1,Boutique,25,1,464.55,473.84,3,Yes
2608,1837,2024-08-15,10,Boutique,12,2,7775.57,14486.83,4,Yes
2609,2139,2024-11-16,6,Boutique,15,3,3992.76,12196.86,4,Yes
2610,1906,2025-08-20,6,Boutique,3,1,2487.59,2581.65,4,Yes
2611,702,2025-09-13,1,Boutique,1,2,1844.17,3500.3,4,Yes
2612,2121,2025-12-11,5,Boutique,24,1,426.87,409.54,5,Yes
2613,1322,2024-03-21,1,Online,12,3,7775.57,22426.85,3,Yes
2614,1529,2023-08-25,6,Online,13,1,7115.72,7616.45,4,Yes
2615,1222,2025-12-03,6,Online,14,2,4139.23,8155.3,4,Yes
2616,1056,2025-05-31,8,Online,25,2,464.55,933.64,5,Yes
2617,648,2025-02-04,10,Boutique,10,1,8420.05,8722.25,4,Yes
2618,760,2025-07-25,4,Online,20,1,1505.97,1475.0,3,Yes
2619,1358,2023-12-25,2,Boutique,26,2,602.77,1129.46,3,Yes
2620,2191,2024-10-07,8,Boutique,14,1,4139.23,4241.43,2,Yes
2621,1770,2024-11-20,1,Online,14,1,4139.23,4250.01,3,Yes
2622,949,2024-04-06,6,Boutique,13,1,7115.72,6843.1,2,Yes
2623,2092,2023-04-11,9,Online,21,1,2018.96,1868.82,2,Yes
2624,2080,2024-11-22,9,Boutique,3,3,2487.59,7660.21,4,Yes
2625,1767,2025-09-10,1,Boutique,24,3,426.87,1322.29,4,Yes
2626,28,2025-02-07,9,Boutique,19,1,1731.11,1599.84,4,Yes
2627,160,2023-09-25,6,Boutique,20,1,1505.97,1552.52,3,Yes
2628,1231,2025-06-01,1,Private Client,10,1,8420.05,9011.38,3,Yes
2629,18,2024-02-12,6,Private Client,12,3,7775.57,22127.85,4,Yes
2630,1127,2025-11-26,6,Boutique,23,1,395.7,397.05,4,Yes
2631,904,2024-04-12,8,Boutique,2,1,2881.29,2972.01,4,Yes
2632,755,2023-09-16,2,Boutique,1,1,1844.17,1764.53,4,Yes
2633,1571,2024-05-23,1,Online,4,3,2247.59,7014.15,4,Yes
2634,837,2023-11-05,4,Boutique,8,1,9400.29,9953.91,3,Yes
2635,894,2024-09-16,5,Private Client,17,1,1526.79,1603.63,4,Yes
2636,2197,2023-04-20,1,Online,26,2,602.77,1159.03,2,Yes
2637,1432,2024-11-09,6,Private Client,14,2,4139.23,8681.41,2,Yes
2638,17,2025-01-11,2,Boutique,14,2,4139.23,8163.68,3,Yes
2639,652,2025-06-25,8,Online,19,2,1731.11,3332.85,3,Yes
2640,1680,2023-09-25,1,Online,4,2,2247.59,4256.38,5,Yes
2641,260,2025-11-21,5,Online,20,2,1505.97,3209.03,3,Yes
2642,1753,2025-07-28,1,Online,16,1,4000.34,3953.55,4,Yes
2643,1628,2025-03-21,9,Online,19,1,1731.11,1832.41,4,Yes
2644,2048,2023-04-14,8,Online,19,1,1731.11,1636.81,3,Yes
2645,1867,2023-07-20,6,Private Client,13,1,7115.72,7419.7,5,Yes
2646,205,2025-06-17,6,Private Client,7,1,4390.12,4116.19,3,Yes
2647,1177,2025-01-12,5,Online,24,3,426.87,1181.76,4,Yes
2648,792,2025-07-13,3,Boutique,14,2,4139.23,8934.18,4,Yes
2649,1141,2024-08-19,1,Boutique,10,2,8420.05,15691.03,5,Yes
2650,1106,2025-11-24,1,Online,14,2,4139.23,8227.52,3,Yes
2651,1858,2024-11-18,4,Boutique,20,1,1505.97,1597.14,2,Yes
2652,1091,2025-07-08,2,Boutique,11,1,3218.81,3383.29,3,Yes
2653,1608,2025-02-26,1,Boutique,11,1,3218.81,3203.97,2,Yes
2654,1840,2024-02-03,1,Online,15,2,3992.76,8127.15,3,Yes
2655,979,2024-08-19,6,Boutique,8,3,9400.29,28786.12,4,Yes
2656,67,2023-04-27,7,Boutique,24,3,426.87,1200.66,3,Yes
2657,684,2023-12-28,6,Boutique,22,2,1263.19,2439.43,3,Yes
2658,1279,2023-07-23,6,Online,17,2,1526.79,2956.35,2,Yes
2659,63,2024-03-19,1,Private Client,23,1,395.7,387.98,3,Yes
2660,814,2024-12-27,6,Boutique,23,2,395.7,762.77,3,Yes
2661,403,2025-05-10,1,Boutique,21,2,2018.96,3877.37,3,Yes
2662,2003,2025-05-17,1,Online,6,2,1450.79,2834.16,3,Yes
2663,1353,2025-02-05,1,Online,14,1,4139.23,4059.24,3,Yes
2664,71,2023-12-28,1,Online,9,2,7756.91,15482.11,2,Yes
2665,1087,2024-01-30,6,Online,3,1,2487.59,2357.65,3,Yes
2666,245,2023-09-05,8,Private Client,12,1,7775.57,8134.29,4,Yes
2667,393,2025-07-02,8,Boutique,4,2,2247.59,4754.58,4,Yes
2668,772,2025-01-30,9,Boutique,25,1,464.55,445.83,3,Yes
2669,1670,2024-10-17,1,Online,15,1,3992.76,3752.11,3,Yes
2670,1618,2023-12-22,7,Online,13,1,7115.72,7368.83,3,Yes
2671,1557,2023-08-29,10,Online,26,2,602.77,1287.37,4,Yes
2672,1152,2023-08-17,5,Private Client,28,2,488.98,905.22,3,Yes
2673,1219,2024-09-12,1,Online,18,2,1879.61,3467.17,3,Yes
2674,1218,2025-07-19,6,Online,14,2,4139.23,7859.14,4,Yes
2675,247,2025-05-04,5,Boutique,13,1,7115.72,7326.11,2,Yes
2676,2043,2024-06-12,7,Boutique,9,2,7756.91,16667.5,3,Yes
2677,706,2023-09-24,5,Online,5,3,1450.83,4526.85,3,Yes
2678,2114,2023-08-08,5,Boutique,19,2,1731.11,3502.68,2,Yes
2679,254,2024-07-14,3,Boutique,8,1,9400.29,9701.93,4,Yes
2680,283,2025-11-09,4,Private Client,13,2,7115.72,13618.23,5,Yes
2681,2166,2025-11-26,6,Private Client,9,1,7756.91,7990.92,5,Yes
2682,423,2024-01-17,7,Boutique,17,2,1526.79,2966.34,3,Yes
2683,2022,2023-02-08,1,Online,5,1,1450.83,1386.4,2,Yes
2684,36,2024-03-04,3,Boutique,9,1,7756.91,7429.95,4,Yes
2685,531,2025-12-23,7,Boutique,11,1,3218.81,3305.22,4,Yes
2686,91,2025-03-01,9,Online,2,1,2881.29,3004.48,3,No
2687,1941,2023-02-01,3,Online,13,1,7115.72,7208.85,4,Yes
2688,1943,2025-08-02,1,Boutique,1,3,1844.17,5146.43,4,Yes
2689,1241,2024-06-14,6,Boutique,8,1,9400.29,8705.43,4,Yes
2690,1759,2023-04-16,6,Boutique,15,1,3992.76,3812.07,3,Yes
2691,98,2024-04-26,4,Private Client,22,2,1263.19,2440.07,3,Yes
2692,1480,2023-07-25,5,Online,2,2,2881.29,5674.82,3,Yes
2693,531,2025-04-14,7,Boutique,3,3,2487.59,6956.53,4,Yes
2694,1833,2023-03-30,7,Boutique,21,2,2018.96,4183.39,3,Yes
2695,1052,2025-10-31,10,Online,17,3,1526.79,4735.37,4,Yes
2696,1348,2025-12-08,8,Online,18,2,1879.61,3667.0,1,Yes
2697,80,2025-06-14,7,Online,27,3,356.86,1081.37,2,Yes
2698,1482,2023-05-23,7,Boutique,28,1,488.98,457.76,2,Yes
2699,614,2023-07-26,2,Private Client,17,1,1526.79,1506.08,3,Yes
2700,1773,2024-05-23,10,Boutique,14,1,4139.23,4376.04,2,Yes
2701,1481,2023-01-05,6,Boutique,11,1,3218.81,3301.53,5,Yes
2702,423,2023-07-30,7,Boutique,23,1,395.7,370.62,3,Yes
2703,1124,2023-01-29,8,Boutique,23,1,395.7,417.71,4,Yes
2704,2035,2023-07-07,8,Private Client,26,2,602.77,1240.39,3,Yes
2705,1404,2024-06-08,5,Online,14,1,4139.23,4108.14,2,Yes
2706,332,2025-08-03,6,Boutique,5,3,1450.83,4486.26,4,Yes
2707,653,2023-06-06,8,Boutique,26,1,602.77,571.22,4,No
2708,740,2023-03-21,8,Boutique,6,1,1450.79,1462.51,4,Yes
2709,1113,2024-10-21,8,Boutique,19,2,1731.11,3527.55,3,Yes
2710,1628,2024-09-17,9,Online,11,1,3218.81,3439.1,3,Yes
2711,511,2023-08-20,4,Online,2,1,2881.29,2681.62,3,Yes
2712,42,2023-06-09,10,Boutique,10,1,8420.05,8251.36,3,Yes
2713,885,2023-12-10,6,Boutique,13,2,7115.72,15226.08,2,Yes
2714,1950,2023-07-24,4,Boutique,25,1,464.55,443.53,5,Yes
2715,2129,2025-09-21,1,Private Client,2,1,2881.29,3025.68,3,Yes
2716,402,2025-04-17,1,Boutique,14,3,4139.23,11427.46,3,Yes
2717,2155,2023-11-01,1,Boutique,17,3,1526.79,4232.91,4,Yes
2718,1135,2024-10-31,3,Boutique,9,1,7756.91,7542.97,4,Yes
2719,1238,2024-02-04,1,Boutique,8,2,9400.29,19608.26,4,Yes
2720,1767,2023-04-16,1,Boutique,8,3,9400.29,26414.71,3,Yes
2721,1842,2023-12-08,6,Online,7,2,4390.12,8615.67,2,Yes
2722,506,2025-09-12,6,Private Client,25,1,464.55,437.16,3,Yes
2723,1145,2025-08-09,6,Boutique,27,1,356.86,341.08,4,Yes
2724,1842,2023-02-18,6,Boutique,16,2,4000.34,8004.51,3,Yes
2725,720,2023-07-25,5,Online,19,2,1731.11,3362.03,3,Yes
2726,1395,2025-03-01,1,Online,24,2,426.87,814.39,4,Yes
2727,257,2023-08-19,6,Boutique,17,3,1526.79,4502.32,4,Yes
2728,1721,2025-06-01,7,Online,1,2,1844.17,3806.99,3,Yes
2729,1822,2024-12-26,6,Online,27,2,356.86,670.26,3,Yes
2730,954,2023-10-11,7,Boutique,13,1,7115.72,7092.49,4,Yes
2731,1072,2023-10-03,3,Boutique,16,3,4000.34,11568.45,4,Yes
2732,1623,2024-03-08,1,Online,6,1,1450.79,1422.61,3,Yes
2733,897,2024-09-24,4,Online,15,1,3992.76,4198.18,3,Yes
2734,2067,2023-08-04,2,Boutique,12,1,7775.57,8310.19,3,Yes
2735,1070,2023-04-07,1,Boutique,24,3,426.87,1227.95,3,Yes
2736,451,2025-08-12,10,Boutique,8,2,9400.29,19191.54,4,Yes
2737,898,2023-12-31,1,Online,26,1,602.77,619.81,5,Yes
2738,1080,2025-10-04,7,Boutique,1,1,1844.17,1945.23,3,No
2739,741,2024-09-09,3,Boutique,11,1,3218.81,3424.32,4,Yes
2740,82,2024-02-01,1,Online,15,2,3992.76,7944.62,4,Yes
2741,737,2024-04-02,1,Boutique,1,1,1844.17,1986.56,3,Yes
2742,79,2023-11-14,4,Online,25,1,464.55,499.55,2,Yes
2743,1686,2024-01-17,4,Boutique,16,3,4000.34,12013.44,5,Yes
2744,1335,2023-05-22,6,Boutique,25,1,464.55,467.67,4,Yes
2745,997,2024-04-01,10,Boutique,7,1,4390.12,4507.95,4,Yes
2746,1340,2024-05-15,9,Private Client,1,1,1844.17,1806.94,4,Yes
2747,2003,2023-11-19,1,Online,26,1,602.77,618.4,3,Yes
2748,1692,2025-09-26,1,Boutique,2,1,2881.29,2887.88,3,Yes
2749,1180,2023-09-25,4,Private Client,8,2,9400.29,17403.13,3,Yes
2750,1738,2024-05-01,2,Online,24,1,426.87,450.96,3,Yes
2751,853,2025-05-27,1,Boutique,11,2,3218.81,6891.29,3,Yes
2752,462,2024-11-09,9,Boutique,13,3,7115.72,19728.97,3,Yes
2753,117,2023-01-14,2,Boutique,5,3,1450.83,4553.93,4,Yes
2754,1690,2025-09-30,6,Online,18,1,1879.61,1845.27,3,Yes
2755,1655,2024-12-05,6,Online,19,1,1731.11,1754.83,4,Yes
2756,1735,2023-06-04,1,Boutique,21,2,2018.96,4037.92,3,Yes
2757,1937,2023-04-11,6,Boutique,3,1,2487.59,2508.01,4,Yes
2758,466,2024-07-25,1,Boutique,26,1,602.77,602.31,4,Yes
2759,1799,2025-12-02,1,Boutique,1,1,1844.17,1948.44,4,Yes
2760,660,2024-09-12,2,Boutique,22,2,1263.19,2600.56,2,Yes
2761,2123,2025-10-11,3,Boutique,5,1,1450.83,1430.55,4,Yes
2762,1715,2024-04-09,7,Boutique,19,1,1731.11,1783.34,4,Yes
2763,795,2023-12-17,3,Private Client,9,2,7756.91,16668.17,2,Yes
2764,1587,2023-08-22,3,Boutique,26,1,602.77,562.29,4,Yes
2765,587,2024-02-07,8,Boutique,24,2,426.87,838.45,3,Yes
2766,635,2023-12-17,6,Boutique,7,1,4390.12,4650.33,3,Yes
2767,1275,2023-01-28,1,Boutique,12,1,7775.57,8072.98,5,Yes
2768,1154,2023-09-16,3,Online,14,2,4139.23,8854.55,3,Yes
2769,358,2024-09-11,8,Online,16,3,4000.34,11117.38,4,Yes
2770,1432,2025-05-25,6,Boutique,13,1,7115.72,7528.75,3,Yes
2771,1885,2024-06-26,10,Boutique,27,2,356.86,747.04,5,Yes
2772,1519,2024-03-28,8,Boutique,18,1,1879.61,1974.35,5,Yes
2773,622,2024-11-27,5,Boutique,10,1,8420.05,8551.08,4,Yes
2774,482,2024-02-08,6,Online,21,2,2018.96,3748.43,4,Yes
2775,980,2025-10-15,8,Boutique,21,1,2018.96,2031.6,4,Yes
2776,1874,2025-12-25,1,Online,6,1,1450.79,1429.38,3,Yes
2777,978,2025-06-01,6,Boutique,22,1,1263.19,1268.66,4,Yes
2778,1538,2024-07-28,4,Boutique,3,1,2487.59,2583.23,2,Yes
2779,1321,2024-02-27,10,Boutique,27,2,356.86,724.68,4,Yes
2780,1705,2024-07-02,5,Private Client,4,1,2247.59,2172.99,4,Yes
2781,1995,2024-04-12,9,Boutique,1,1,1844.17,1873.53,5,Yes
2782,2071,2023-04-21,8,Boutique,11,2,3218.81,6008.24,3,Yes
2783,806,2023-06-02,1,Boutique,17,3,1526.79,4217.87,4,Yes
2784,835,2025-07-05,5,Online,5,1,1450.83,1427.97,2,Yes
2785,908,2025-01-31,2,Boutique,12,2,7775.57,16191.07,2,Yes
2786,855,2024-12-20,1,Private Client,20,2,1505.97,3167.42,3,Yes
2787,916,2025-05-29,8,Online,23,1,395.7,398.86,4,Yes
2788,843,2024-11-12,3,Online,7,1,4390.12,4648.62,2,Yes
2789,132,2025-02-07,6,Boutique,4,1,2247.59,2113.06,3,Yes
2790,1117,2023-10-06,2,Online,26,3,602.77,1942.59,3,Yes
2791,861,2023-12-29,1,Boutique,16,1,4000.34,4270.29,2,Yes
2792,294,2024-08-23,6,Boutique,15,1,3992.76,4056.16,3,Yes
2793,1000,2023-10-21,8,Private Client,14,1,4139.23,3846.98,4,Yes
2794,1261,2025-05-20,1,Boutique,2,3,2881.29,8580.53,4,Yes
2795,287,2023-03-14,8,Private Client,10,3,8420.05,23963.89,4,Yes
2796,450,2023-09-16,6,Boutique,20,1,1505.97,1536.91,2,Yes
2797,1208,2023-12-22,3,Private Client,24,1,426.87,405.69,3,Yes
2798,1779,2024-07-24,6,Boutique,2,2,2881.29,5745.8,3,Yes
2799,1970,2024-07-26,1,Online,5,1,1450.83,1382.5,3,Yes
2800,476,2025-03-27,8,Boutique,13,2,7115.72,13506.99,3,Yes
2801,253,2025-12-29,9,Boutique,23,1,395.7,379.74,3,Yes
2802,1420,2024-03-22,8,Online,10,2,8420.05,15571.56,4,Yes
2803,1236,2025-02-21,4,Online,22,1,1263.19,1306.87,3,Yes
2804,1000,2025-06-27,8,Boutique,13,1,7115.72,6895.68,3,Yes
2805,21,2025-08-01,5,Boutique,14,3,4139.23,12811.3,5,Yes
2806,316,2025-06-14,4,Boutique,25,2,464.55,951.92,3,Yes
2807,1462,2025-07-18,4,Boutique,18,2,1879.61,3498.25,4,Yes
2808,1447,2024-09-28,2,Boutique,20,1,1505.97,1460.68,5,Yes
2809,1257,2025-07-14,2,Online,23,3,395.7,1199.8,3,Yes
2810,2171,2024-06-14,5,Boutique,28,2,488.98,1043.43,3,Yes
2811,960,2023-04-29,4,Boutique,8,1,9400.29,9251.87,3,Yes
2812,1946,2023-03-07,5,Private Client,5,1,1450.83,1451.94,3,Yes
2813,839,2023-09-02,1,Boutique,21,3,2018.96,6299.31,3,Yes
2814,968,2023-02-26,1,Online,20,2,1505.97,3158.1,3,Yes
2815,1854,2025-12-03,8,Online,25,2,464.55,992.03,5,Yes
2816,600,2024-06-07,7,Online,12,1,7775.57,7772.07,3,Yes
2817,792,2024-02-28,3,Online,16,2,4000.34,7608.76,3,Yes
2818,40,2024-01-30,8,Online,26,2,602.77,1256.54,4,Yes
2819,648,2024-03-25,10,Boutique,20,1,1505.97,1415.75,4,Yes
2820,182,2025-08-11,1,Boutique,19,1,1731.11,1708.49,4,Yes
2821,265,2025-02-01,8,Online,25,1,464.55,474.08,4,Yes
2822,863,2024-03-18,6,Boutique,7,1,4390.12,4524.88,5,Yes
2823,432,2025-08-24,1,Boutique,25,1,464.55,481.87,4,Yes
2824,1220,2025-06-10,1,Online,4,1,2247.59,2137.38,3,Yes
2825,509,2024-06-17,8,Online,19,1,1731.11,1864.52,3,Yes
2826,447,2023-06-06,5,Boutique,10,1,8420.05,7986.81,3,Yes
2827,528,2023-03-30,4,Private Client,8,1,9400.29,8792.77,4,Yes
2828,1754,2023-07-21,9,Online,16,1,4000.34,4105.34,5,Yes
2829,1629,2025-09-06,6,Private Client,4,2,2247.59,4790.06,4,Yes
2830,1163,2024-04-06,1,Private Client,10,1,8420.05,8500.05,4,No
2831,669,2024-12-09,2,Boutique,19,2,1731.11,3515.11,4,Yes
2832,847,2024-03-29,1,Online,16,1,4000.34,4024.97,3,Yes
2833,2118,2024-01-15,8,Online,12,3,7775.57,21620.12,5,Yes
2834,1771,2024-02-05,1,Online,20,1,1505.97,1549.66,3,Yes
2835,1826,2024-07-04,8,Online,2,1,2881.29,2815.92,3,Yes
2836,446,2025-07-24,9,Boutique,28,3,488.98,1569.2,4,Yes
2837,1026,2025-10-09,8,Boutique,11,1,3218.81,3057.5,4,Yes
2838,1772,2025-09-04,1,Boutique,20,3,1505.97,4374.87,3,Yes
2839,1360,2024-10-22,1,Online,23,1,395.7,396.01,4,Yes
2840,19,2025-06-21,2,Online,13,1,7115.72,7089.94,4,Yes
2841,2018,2024-03-20,6,Boutique,3,1,2487.59,2447.91,4,Yes
2842,561,2023-02-21,1,Online,17,2,1526.79,2962.9,4,Yes
2843,472,2023-11-25,10,Online,10,3,8420.05,23834.2,3,Yes
2844,28,2025-02-08,9,Boutique,8,1,9400.29,9882.97,4,Yes
2845,560,2024-05-12,1,Boutique,6,2,1450.79,2877.8,2,Yes
2846,458,2023-05-05,9,Boutique,14,1,4139.23,4187.55,4,Yes
2847,945,2023-07-23,7,Private Client,19,1,1731.11,1744.0,3,Yes
2848,1200,2025-02-06,2,Online,24,1,426.87,432.03,3,Yes
2849,984,2024-10-04,10,Boutique,22,1,1263.19,1304.59,4,Yes
2850,868,2025-11-10,1,Boutique,1,2,1844.17,3764.69,4,Yes
2851,2077,2024-08-12,8,Online,25,1,464.55,447.74,3,Yes
2852,1980,2023-12-28,7,Online,11,1,3218.81,3246.47,2,Yes
2853,826,2023-12-27,9,Online,25,3,464.55,1336.68,3,Yes
2854,816,2023-02-24,10,Boutique,25,1,464.55,471.15,3,Yes
2855,1003,2023-10-19,1,Boutique,14,1,4139.23,4094.15,4,Yes
2856,1543,2025-12-10,6,Private Client,13,1,7115.72,6591.34,3,Yes
2857,109,2025-04-21,5,Boutique,12,1,7775.57,8066.67,3,Yes
2858,1230,2025-02-23,5,Boutique,22,1,1263.19,1217.65,4,Yes
2859,1962,2023-09-11,6,Online,6,1,1450.79,1548.33,3,Yes
2860,1964,2024-05-06,1,Private Client,4,1,2247.59,2168.68,3,Yes
2861,922,2025-09-11,6,Online,24,2,426.87,921.58,3,Yes
2862,1431,2024-07-26,1,Online,9,1,7756.91,7710.93,4,Yes
2863,1533,2025-05-08,3,Boutique,28,2,488.98,903.86,4,Yes
2864,1893,2025-09-19,6,Boutique,7,1,4390.12,4092.48,3,Yes
2865,1422,2025-08-18,6,Boutique,7,2,4390.12,8193.14,3,Yes
2866,1223,2023-08-13,8,Online,13,3,7115.72,19831.39,3,Yes
2867,391,2023-04-13,6,Boutique,2,3,2881.29,8322.72,3,Yes
2868,1673,2025-08-27,10,Private Client,2,2,2881.29,5600.85,4,Yes
2869,1870,2025-12-07,1,Boutique,28,2,488.98,917.14,3,Yes
2870,1522,2025-01-06,6,Boutique,15,1,3992.76,3953.24,3,Yes
2871,1196,2023-08-21,10,Boutique,26,3,602.77,1769.35,4,Yes
2872,2134,2023-08-16,6,Online,16,1,4000.34,4087.59,3,Yes
2873,858,2025-10-03,1,Boutique,27,2,356.86,678.99,3,Yes
2874,1210,2024-06-05,5,Online,2,1,2881.29,3072.14,3,Yes
2875,1517,2023-01-13,10,Boutique,20,1,1505.97,1509.82,3,Yes
2876,1651,2024-03-20,1,Online,25,1,464.55,473.75,4,No
2877,1154,2023-12-06,3,Online,5,1,1450.83,1343.94,3,Yes
2878,843,2024-08-20,3,Boutique,2,2,2881.29,5817.06,4,Yes
2879,1105,2023-06-06,1,Online,20,3,1505.97,4422.56,1,Yes
2880,1826,2024-10-17,8,Boutique,7,1,4390.12,4688.07,4,Yes
2881,1683,2025-09-29,1,Private Client,5,2,1450.83,3080.7,4,Yes
2882,295,2025-03-08,6,Private Client,11,1,3218.81,3289.7,4,Yes
2883,2002,2024-05-05,6,Boutique,8,2,9400.29,19606.3,3,Yes
2884,645,2025-04-14,1,Boutique,17,2,1526.79,3124.22,3,Yes
2885,2136,2025-08-09,8,Boutique,14,3,4139.23,11457.99,4,Yes
2886,925,2023-12-23,1,Private Client,5,1,1450.83,1497.98,4,Yes
2887,1648,2024-12-17,2,Boutique,4,2,2247.59,4262.93,4,Yes
2888,111,2023-12-28,3,Online,3,1,2487.59,2560.26,3,Yes
2889,584,2023-01-08,8,Online,7,3,4390.12,12138.87,4,Yes
2890,1487,2024-04-16,1,Online,26,3,602.77,1753.6,3,Yes
2891,769,2023-06-21,9,Boutique,11,2,3218.81,6455.06,3,Yes
2892,1180,2023-04-06,4,Boutique,1,1,1844.17,1794.94,3,Yes
2893,1649,2024-11-04,1,Boutique,22,3,1263.19,3907.19,3,Yes
2894,106,2024-08-30,3,Boutique,24,1,426.87,428.42,4,Yes
2895,1723,2024-04-18,5,Boutique,18,3,1879.61,6053.55,3,Yes
2896,1695,2024-09-05,2,Boutique,22,3,1263.19,3703.36,3,Yes
2897,1734,2024-11-19,8,Boutique,27,1,356.86,369.53,3,Yes
2898,382,2025-06-16,1,Boutique,1,1,1844.17,1943.27,4,Yes
2899,261,2023-04-20,2,Boutique,16,3,4000.34,11527.93,3,Yes
2900,1823,2024-12-10,2,Boutique,13,1,7115.72,7405.05,3,Yes
2901,1317,2025-08-22,7,Boutique,6,1,1450.79,1426.03,4,Yes
2902,1359,2025-05-20,7,Boutique,6,1,1450.79,1364.61,4,Yes
2903,820,2024-10-10,10,Boutique,21,1,2018.96,1858.62,4,Yes
2904,709,2023-12-15,3,Online,23,3,395.7,1233.4,4,Yes
2905,907,2024-04-07,1,Boutique,14,1,4139.23,3931.44,5,Yes
2906,663,2025-06-03,2,Private Client,5,1,1450.83,1346.65,3,Yes
2907,1320,2023-09-03,3,Boutique,8,2,9400.29,18792.18,2,Yes
2908,463,2025-03-08,4,Private Client,18,2,1879.61,3667.01,4,Yes
2909,585,2025-05-19,6,Online,6,1,1450.79,1495.31,4,Yes
2910,943,2025-12-26,6,Online,5,3,1450.83,4079.06,3,Yes
2911,158,2025-12-09,6,Private Client,10,3,8420.05,23775.47,3,Yes
2912,1851,2025-03-26,2,Boutique,18,2,1879.61,3701.54,3,Yes
2913,1327,2024-05-29,5,Boutique,27,2,356.86,716.05,5,Yes
2914,2107,2023-08-14,6,Boutique,13,1,7115.72,7484.82,3,Yes
2915,1382,2024-07-31,8,Boutique,23,3,395.7,1203.36,4,Yes
2916,704,2024-05-20,8,Boutique,20,2,1505.97,3205.96,3,Yes
2917,648,2023-06-04,10,Boutique,6,2,1450.79,2770.55,4,Yes
2918,146,2023-04-21,1,Boutique,21,3,2018.96,6150.13,3,Yes
2919,1376,2024-04-27,7,Boutique,4,2,2247.59,4606.83,4,Yes
2920,1824,2025-03-18,8,Boutique,13,3,7115.72,22118.41,3,Yes
2921,245,2023-10-01,8,Online,18,3,1879.61,6079.7,4,Yes
2922,1584,2023-06-04,6,Private Client,13,3,7115.72,21237.98,4,Yes
2923,868,2025-11-08,1,Boutique,13,1,7115.72,6966.94,4,Yes
2924,2148,2023-12-11,8,Boutique,7,2,4390.12,9275.03,5,Yes
2925,480,2025-01-04,8,Boutique,5,2,1450.83,2751.61,5,Yes
2926,1936,2024-07-22,3,Online,3,1,2487.59,2303.32,4,Yes
2927,1966,2023-10-21,1,Boutique,6,1,1450.79,1437.7,3,Yes
2928,1662,2024-10-06,7,Private Client,8,1,9400.29,9020.08,3,Yes
2929,88,2023-12-04,8,Boutique,27,1,356.86,350.95,4,Yes
2930,1241,2024-03-27,6,Boutique,26,1,602.77,649.65,4,Yes
2931,573,2023-12-10,1,Private Client,26,1,602.77,588.16,4,Yes
2932,814,2024-12-17,6,Private Client,12,2,7775.57,16068.6,3,Yes
2933,179,2024-09-22,1,Online,2,1,2881.29,2766.22,3,Yes
2934,1726,2025-02-03,1,Boutique,11,3,3218.81,9352.71,3,Yes
2935,163,2023-03-26,1,Online,26,1,602.77,578.0,4,Yes
2936,1006,2025-01-06,1,Boutique,28,1,488.98,494.63,5,Yes
2937,203,2024-10-21,8,Boutique,20,1,1505.97,1439.97,5,Yes
2938,47,2023-08-15,6,Boutique,3,1,2487.59,2574.5,5,Yes
2939,463,2023-04-19,4,Boutique,23,2,395.7,814.23,3,Yes
2940,408,2023-05-15,6,Online,10,2,8420.05,16627.97,3,Yes
2941,1218,2025-07-26,6,Boutique,8,1,9400.29,8686.74,3,Yes
2942,930,2023-10-18,1,Private Client,8,1,9400.29,8682.34,5,Yes
2943,317,2025-04-01,3,Boutique,14,3,4139.23,12482.87,4,Yes
2944,1503,2025-11-18,2,Boutique,4,1,2247.59,2369.57,3,Yes
2945,421,2024-01-29,3,Online,15,1,3992.76,4055.92,3,Yes
2946,1293,2023-01-27,1,Online,10,3,8420.05,25000.07,2,Yes
2947,1735,2023-01-13,1,Private Client,18,1,1879.61,1994.53,4,Yes
2948,1760,2024-07-07,6,Online,22,1,1263.19,1201.95,3,Yes
2949,263,2025-07-21,1,Boutique,15,1,3992.76,3902.95,3,Yes
2950,1450,2024-03-20,7,Private Client,19,1,1731.11,1749.2,3,Yes
2951,1716,2023-08-12,1,Private Client,24,2,426.87,825.28,5,Yes
2952,428,2023-01-21,5,Boutique,3,1,2487.59,2685.69,4,Yes
2953,397,2024-04-11,1,Boutique,2,3,2881.29,8577.93,3,Yes
2954,1240,2024-10-14,5,Boutique,13,2,7115.72,13210.7,4,Yes
2955,796,2024-09-09,3,Boutique,13,3,7115.72,20240.81,4,Yes
2956,107,2025-02-18,10,Private Client,25,1,464.55,466.96,4,Yes
2957,98,2024-04-02,4,Boutique,9,1,7756.91,7819.04,3,Yes
2958,1904,2024-10-01,6,Online,25,1,464.55,500.54,3,Yes
2959,1281,2024-10-24,3,Boutique,3,1,2487.59,2527.38,4,Yes
2960,43,2025-08-18,7,Boutique,2,1,2881.29,2958.11,2,Yes
2961,1578,2023-06-29,5,Online,14,2,4139.23,7899.27,3,Yes
2962,95,2024-06-21,2,Boutique,16,1,4000.34,3748.71,4,Yes
2963,1970,2024-06-10,1,Boutique,14,2,4139.23,8413.58,4,Yes
2964,1790,2023-01-22,7,Private Client,4,2,2247.59,4757.61,4,Yes
2965,188,2024-07-30,1,Online,2,1,2881.29,2921.57,3,Yes
2966,385,2025-02-01,10,Boutique,16,1,4000.34,3963.72,3,Yes
2967,819,2025-07-10,1,Boutique,8,1,9400.29,9517.92,4,Yes
2968,1149,2025-11-10,7,Boutique,26,1,602.77,599.76,3,Yes
2969,1697,2025-01-14,6,Online,1,1,1844.17,1738.5,3,Yes
2970,2135,2024-11-02,3,Online,18,1,1879.61,1952.14,3,Yes
2971,226,2024-09-28,2,Boutique,22,2,1263.19,2539.73,3,Yes
2972,1681,2025-10-20,6,Online,9,3,7756.91,22895.88,3,Yes
2973,1898,2023-06-01,1,Boutique,26,1,602.77,608.52,4,Yes
2974,518,2023-01-13,3,Boutique,12,1,7775.57,7453.63,4,Yes
2975,1733,2024-12-15,4,Boutique,5,1,1450.83,1434.11,4,Yes
2976,296,2025-06-24,2,Boutique,21,1,2018.96,2058.51,4,Yes
2977,414,2023-09-06,10,Boutique,3,2,2487.59,4757.22,3,Yes
2978,1861,2024-01-22,6,Online,8,3,9400.29,29324.37,2,Yes
2979,1996,2024-03-14,1,Boutique,28,1,488.98,490.62,2,Yes
2980,2183,2023-10-27,7,Online,22,1,1263.19,1336.29,4,Yes
2981,2029,2024-12-21,4,Online,26,1,602.77,636.26,4,Yes
2982,4,2024-04-17,1,Online,28,3,488.98,1465.65,4,Yes
2983,178,2025-10-03,1,Boutique,16,1,4000.34,3805.42,4,Yes
2984,746,2024-09-24,3,Boutique,18,1,1879.61,1950.78,4,Yes
2985,259,2024-02-25,4,Online,12,2,7775.57,15348.8,4,Yes
2986,652,2025-08-13,8,Boutique,12,1,7775.57,7893.3,4,Yes
2987,1819,2025-08-30,1,Online,21,2,2018.96,3784.19,4,Yes
2988,1387,2023-01-24,5,Boutique,4,1,2247.59,2294.91,5,Yes
2989,1297,2024-06-21,10,Boutique,27,3,356.86,1048.92,3,Yes
2990,290,2025-02-15,1,Online,10,1,8420.05,8196.67,4,Yes
2991,803,2024-09-29,1,Private Client,9,1,7756.91,8352.54,3,Yes
2992,2022,2024-06-23,1,Boutique,4,1,2247.59,2223.29,3,Yes
2993,234,2025-06-21,10,Boutique,24,3,426.87,1317.09,4,Yes
2994,408,2024-02-25,6,Online,1,3,1844.17,5645.57,3,Yes
2995,694,2024-04-28,1,Boutique,5,1,1450.83,1358.98,3,Yes
2996,1170,2025-10-25,10,Boutique,25,1,464.55,482.98,4,Yes
2997,562,2023-06-06,1,Boutique,3,1,2487.59,2417.2,3,Yes
2998,432,2023-02-21,1,Boutique,11,1,3218.81,3372.77,4,Yes
2999,1569,2023-08-31,2,Boutique,13,1,7115.72,7238.27,4,Yes
3000,983,2025-02-12,1,Boutique,22,1,1263.19,1226.22,2,Yes
3001,1435,2024-02-24,1,Private Client,11,1,3218.81,3144.8,5,Yes
3002,897,2024-02-29,4,Online,26,2,602.77,1250.19,3,Yes
3003,778,2023-03-21,7,Private Client,6,2,1450.79,2924.82,4,Yes
3004,223,2024-11-25,2,Boutique,27,2,356.86,732.94,4,Yes
3005,1772,2023-12-20,1,Boutique,22,2,1263.19,2388.27,4,Yes
3006,1689,2023-10-20,1,Private Client,4,1,2247.59,2350.79,3,Yes
3007,468,2024-12-17,3,Boutique,7,1,4390.12,4263.96,3,Yes
3008,1346,2024-06-12,5,Online,3,1,2487.59,2535.3,5,Yes
3009,412,2024-04-24,1,Boutique,22,3,1263.19,3555.94,3,Yes
3010,626,2024-04-21,7,Online,10,1,8420.05,8179.47,3,Yes
3011,1276,2023-01-25,5,Private Client,5,2,1450.83,2970.77,4,Yes
3012,1012,2024-03-06,2,Boutique,19,1,1731.11,1668.57,4,Yes
3013,1678,2023-11-13,1,Boutique,18,1,1879.61,1993.98,3,Yes
3014,802,2024-09-29,4,Boutique,28,3,488.98,1504.78,4,Yes
3015,1893,2023-12-24,6,Boutique,17,1,1526.79,1617.24,4,Yes
3016,1561,2024-11-20,4,Boutique,24,1,426.87,419.73,4,Yes
3017,1392,2023-12-10,9,Online,1,3,1844.17,5119.99,3,Yes
3018,255,2024-07-12,3,Boutique,5,1,1450.83,1468.5,3,Yes
3019,1487,2024-12-12,1,Boutique,21,2,2018.96,3934.03,4,Yes
3020,2174,2024-07-16,1,Boutique,17,1,1526.79,1514.13,4,Yes
3021,1417,2024-03-14,8,Boutique,25,1,464.55,478.01,3,Yes
3022,762,2025-11-10,10,Boutique,21,3,2018.96,6251.34,4,Yes
3023,1358,2023-05-23,2,Online,9,2,7756.91,14341.12,3,Yes
3024,565,2025-05-17,1,Private Client,11,2,3218.81,6715.01,5,Yes
3025,1392,2023-12-19,9,Boutique,22,2,1263.19,2523.76,3,Yes
3026,1579,2025-10-13,1,Boutique,7,1,4390.12,4429.95,3,Yes
3027,1091,2024-04-12,2,Online,7,1,4390.12,4248.23,4,Yes
3028,1619,2025-05-26,1,Boutique,2,1,2881.29,2844.79,3,Yes
3029,400,2025-07-07,9,Boutique,14,1,4139.23,4278.56,5,Yes
3030,287,2025-12-17,8,Online,16,1,4000.34,4177.45,2,Yes
3031,1540,2025-04-20,1,Boutique,5,3,1450.83,4273.87,3,Yes
3032,237,2025-05-27,8,Boutique,18,1,1879.61,1937.09,3,Yes
3033,815,2023-02-21,1,Private Client,4,1,2247.59,2160.58,2,Yes
3034,928,2025-10-08,3,Boutique,12,1,7775.57,8188.64,3,Yes
3035,414,2025-03-24,10,Private Client,19,1,1731.11,1761.53,4,Yes
3036,1956,2023-09-26,5,Boutique,28,2,488.98,1021.02,3,Yes
3037,2057,2023-04-06,5,Online,13,1,7115.72,7089.71,2,Yes
3038,420,2023-09-30,7,Boutique,27,3,356.86,1024.18,3,Yes
3039,29,2023-05-13,1,Boutique,6,1,1450.79,1434.36,3,Yes
3040,661,2025-07-16,7,Online,11,1,3218.81,3157.77,3,Yes
3041,450,2023-03-30,6,Private Client,15,1,3992.76,3885.89,3,Yes
3042,380,2024-11-15,1,Boutique,21,1,2018.96,1925.98,3,Yes
3043,1251,2025-04-03,1,Online,17,1,1526.79,1590.1,3,Yes
3044,356,2023-01-05,8,Boutique,2,1,2881.29,2690.6,4,Yes
3045,1697,2023-12-23,6,Online,13,3,7115.72,22670.89,3,Yes
3046,727,2023-07-23,1,Online,23,1,395.7,375.13,3,Yes
3047,1468,2024-04-15,6,Boutique,25,2,464.55,1000.44,3,Yes
3048,810,2024-04-08,3,Boutique,1,3,1844.17,5964.9,2,Yes
3049,1904,2024-05-11,6,Boutique,4,2,2247.59,4422.1,4,Yes
3050,416,2024-12-02,3,Private Client,15,1,3992.76,4304.4,5,Yes
3051,600,2025-04-16,7,Boutique,16,1,4000.34,4236.56,4,Yes
3052,1340,2023-03-04,9,Online,11,2,3218.81,6007.52,3,Yes
3053,79,2023-08-27,4,Boutique,3,1,2487.59,2665.63,3,Yes
3054,1568,2024-06-23,6,Online,12,1,7775.57,7206.42,4,Yes
3055,1095,2023-07-17,8,Online,12,2,7775.57,14759.68,3,Yes
3056,1221,2025-02-19,9,Online,11,2,3218.81,6524.76,3,Yes
3057,58,2023-01-30,2,Private Client,16,1,4000.34,3731.99,4,Yes
3058,1448,2024-10-27,6,Boutique,21,3,2018.96,5729.06,3,Yes
3059,1493,2025-12-22,1,Boutique,21,1,2018.96,2165.45,4,Yes
3060,2096,2025-12-16,4,Private Client,13,2,7115.72,15357.86,3,Yes
3061,1459,2024-08-22,3,Boutique,12,1,7775.57,8146.48,4,Yes
3062,1209,2025-10-14,8,Online,10,3,8420.05,25321.62,4,Yes
3063,839,2024-09-11,1,Online,26,2,602.77,1282.75,2,Yes
3064,1751,2025-12-05,2,Online,11,1,3218.81,3018.93,2,Yes
3065,1355,2023-03-18,10,Boutique,18,2,1879.61,4025.61,4,Yes
3066,1145,2024-12-29,6,Boutique,5,1,1450.83,1416.37,5,Yes
3067,213,2025-03-24,10,Online,20,1,1505.97,1593.07,4,No
3068,507,2024-12-08,7,Boutique,13,1,7115.72,7307.42,3,Yes
3069,1570,2023-09-25,1,Online,17,2,1526.79,3278.46,3,No
3070,1733,2025-02-03,4,Boutique,12,1,7775.57,8229.26,2,Yes
3071,1245,2024-08-07,7,Boutique,17,1,1526.79,1621.55,4,Yes
3072,1016,2024-02-23,6,Boutique,1,1,1844.17,1883.05,4,Yes
3073,1144,2025-05-19,10,Private Client,8,3,9400.29,29704.13,4,Yes
3074,1271,2025-12-17,6,Boutique,16,1,4000.34,4164.92,3,Yes
3075,1933,2024-01-19,1,Boutique,15,1,3992.76,3776.59,3,Yes
3076,773,2025-03-13,6,Private Client,19,2,1731.11,3544.54,5,Yes
3077,1530,2024-05-24,4,Online,25,2,464.55,876.8,3,Yes
3078,1082,2024-03-05,1,Private Client,10,3,8420.05,26753.35,3,Yes
3079,1152,2024-07-31,5,Boutique,2,2,2881.29,5362.38,3,Yes
3080,1723,2025-07-28,5,Online,25,2,464.55,1001.5,3,Yes
3081,717,2025-11-15,1,Boutique,27,2,356.86,702.37,4,Yes
3082,2134,2024-08-11,6,Online,25,2,464.55,880.14,4,Yes
3083,104,2025-03-08,1,Online,4,2,2247.59,4808.53,3,Yes
3084,2191,2024-01-07,8,Boutique,4,1,2247.59,2084.12,2,Yes
3085,205,2025-07-16,6,Boutique,20,2,1505.97,2997.53,3,Yes
3086,1387,2025-11-25,5,Online,12,1,7775.57,8111.76,4,Yes
3087,1645,2025-11-08,8,Boutique,17,3,1526.79,4446.07,4,Yes
3088,1333,2023-05-20,9,Online,21,1,2018.96,2028.27,4,Yes
3089,2049,2023-03-08,1,Boutique,22,1,1263.19,1303.7,3,Yes
3090,2059,2025-10-11,1,Private Client,4,3,2247.59,7230.38,3,Yes
3091,1850,2023-09-18,5,Boutique,8,2,9400.29,17605.47,3,Yes
3092,747,2025-08-31,8,Boutique,16,1,4000.34,3780.95,3,Yes
3093,1664,2024-09-18,5,Boutique,15,1,3992.76,3998.43,3,Yes
3094,1238,2024-08-01,1,Boutique,14,2,4139.23,8170.48,4,Yes
3095,2019,2025-10-18,1,Boutique,19,1,1731.11,1706.4,4,Yes
3096,956,2024-09-30,1,Boutique,11,2,3218.81,6228.49,4,Yes
3097,518,2024-02-14,3,Boutique,25,2,464.55,938.12,5,Yes
3098,1439,2025-04-12,10,Private Client,13,1,7115.72,7552.1,3,Yes
3099,1032,2023-04-23,6,Boutique,23,2,395.7,748.46,2,Yes
3100,2053,2024-09-14,1,Online,8,1,9400.29,8972.07,4,Yes
3101,2160,2025-03-31,7,Boutique,23,1,395.7,406.52,3,Yes
3102,273,2025-04-19,1,Boutique,9,1,7756.91,7206.1,3,Yes
3103,422,2023-07-08,1,Boutique,2,1,2881.29,2961.4,3,Yes
3104,1482,2023-10-04,7,Online,20,1,1505.97,1461.26,3,Yes
3105,782,2023-04-13,1,Boutique,2,1,2881.29,2815.76,4,Yes
3106,1245,2023-04-17,7,Boutique,8,2,9400.29,18516.46,3,Yes
3107,2073,2025-01-26,9,Boutique,18,2,1879.61,3668.75,4,Yes
3108,976,2023-06-22,7,Boutique,24,2,426.87,900.35,4,Yes
3109,1744,2025-09-25,8,Boutique,22,1,1263.19,1353.35,3,Yes
3110,417,2024-12-22,8,Boutique,7,3,4390.12,13271.53,3,Yes
3111,215,2025-04-10,9,Boutique,11,1,3218.81,3260.98,4,Yes
3112,1136,2023-08-13,7,Online,22,2,1263.19,2352.76,4,Yes
3113,914,2023-05-14,6,Boutique,28,2,488.98,1011.32,3,Yes
3114,1583,2025-11-26,9,Boutique,25,1,464.55,470.8,5,Yes
3115,2025,2023-04-03,1,Boutique,20,2,1505.97,2795.27,4,Yes
3116,428,2023-03-16,5,Boutique,1,1,1844.17,1755.19,2,Yes
3117,733,2025-01-25,1,Boutique,25,1,464.55,442.4,2,Yes
3118,413,2023-07-02,1,Online,16,1,4000.34,3789.74,3,Yes
3119,1626,2024-12-17,3,Online,16,1,4000.34,4101.88,5,Yes
3120,232,2024-04-03,1,Online,10,3,8420.05,26991.74,4,Yes
3121,835,2024-09-18,5,Boutique,24,3,426.87,1334.49,3,Yes
3122,258,2024-02-13,1,Boutique,17,1,1526.79,1521.26,3,Yes
3123,1280,2023-07-26,8,Boutique,10,2,8420.05,16581.57,3,Yes
3124,403,2024-11-03,1,Private Client,6,1,1450.79,1424.43,4,Yes
3125,770,2025-10-09,6,Online,14,1,4139.23,4206.28,4,Yes
3126,65,2025-01-17,7,Boutique,26,1,602.77,589.19,5,Yes
3127,950,2023-09-30,1,Private Client,28,1,488.98,467.55,5,Yes
3128,173,2024-01-14,6,Boutique,28,2,488.98,994.05,4,Yes
3129,1251,2024-09-17,1,Boutique,15,3,3992.76,11768.81,4,Yes
3130,1412,2024-10-25,6,Boutique,4,1,2247.59,2072.86,2,Yes
3131,638,2025-11-15,1,Boutique,27,1,356.86,329.58,4,Yes
3132,949,2024-11-10,6,Online,2,3,2881.29,8331.5,3,Yes
3133,2101,2024-06-27,9,Online,19,1,1731.11,1734.55,3,Yes
3134,1695,2025-01-02,2,Online,28,1,488.98,477.58,4,Yes
3135,752,2023-04-01,6,Boutique,13,1,7115.72,6573.85,2,Yes
3136,662,2024-04-20,1,Online,12,1,7775.57,7431.15,2,Yes
3137,2187,2024-12-26,6,Online,25,2,464.55,869.11,4,Yes
3138,143,2024-06-17,6,Boutique,21,3,2018.96,6491.65,2,Yes
3139,1906,2024-11-28,6,Boutique,23,1,395.7,383.85,3,Yes
3140,486,2025-05-29,8,Online,13,2,7115.72,13126.55,3,Yes
3141,992,2023-03-26,1,Online,15,1,3992.76,4095.33,2,Yes
3142,1461,2024-08-14,3,Online,2,1,2881.29,2757.95,4,Yes
3143,293,2025-04-20,5,Boutique,8,3,9400.29,28501.99,3,Yes
3144,1644,2023-03-18,8,Boutique,3,1,2487.59,2348.58,4,Yes
3145,838,2023-11-26,6,Online,1,3,1844.17,5960.96,3,Yes
3146,1038,2024-01-18,7,Online,24,1,426.87,458.99,3,Yes
3147,1751,2024-01-12,2,Boutique,11,3,3218.81,9897.43,3,Yes
3148,272,2023-12-07,1,Online,27,1,356.86,368.69,3,Yes
3149,1049,2024-02-28,3,Private Client,9,2,7756.91,15329.84,3,Yes
3150,1959,2023-06-23,6,Private Client,24,2,426.87,916.87,4,Yes
3151,806,2024-02-10,1,Online,17,2,1526.79,3016.32,4,Yes
3152,1705,2023-03-23,5,Boutique,28,2,488.98,937.19,4,Yes
3153,1890,2023-01-21,6,Online,7,1,4390.12,4119.95,3,Yes
3154,883,2024-11-21,6,Boutique,23,3,395.7,1131.66,3,Yes
3155,832,2025-10-06,1,Private Client,4,2,2247.59,4547.12,3,Yes
3156,1113,2024-02-02,8,Boutique,13,1,7115.72,6825.5,4,Yes
3157,2192,2023-11-26,1,Online,28,1,488.98,501.05,5,Yes
3158,2041,2023-08-13,1,Online,24,3,426.87,1256.47,4,Yes
3159,1106,2025-02-19,1,Online,5,2,1450.83,3081.27,4,Yes
3160,1595,2025-06-12,6,Boutique,12,2,7775.57,15696.64,3,Yes
3161,1627,2024-03-13,1,Boutique,20,1,1505.97,1535.51,4,Yes
3162,1890,2023-08-11,6,Online,5,2,1450.83,2927.92,3,Yes
3163,1805,2024-05-23,6,Boutique,11,3,3218.81,10252.14,4,Yes
3164,1221,2024-09-08,9,Boutique,2,1,2881.29,2680.02,3,Yes
3165,274,2025-12-01,5,Private Client,4,3,2247.59,6276.01,5,Yes
3166,590,2025-08-16,2,Online,10,1,8420.05,8691.84,2,Yes
3167,583,2024-08-26,1,Online,24,1,426.87,445.17,3,Yes
3168,968,2025-10-31,1,Boutique,7,2,4390.12,8686.94,3,Yes
3169,1991,2023-06-01,1,Online,12,1,7775.57,7591.82,2,Yes
3170,1259,2023-07-08,1,Online,8,1,9400.29,9066.31,3,Yes
3171,1311,2025-08-17,1,Online,23,1,395.7,378.88,3,Yes
3172,572,2024-11-06,1,Private Client,23,1,395.7,421.78,4,Yes
3173,545,2024-09-29,3,Boutique,27,2,356.86,690.33,2,Yes
3174,1461,2023-07-30,3,Online,23,1,395.7,405.08,3,Yes
3175,127,2023-12-05,10,Online,16,2,4000.34,8368.19,2,Yes
3176,733,2023-02-16,1,Boutique,2,2,2881.29,5321.83,5,Yes
3177,417,2025-03-30,8,Boutique,3,2,2487.59,4604.13,3,Yes
3178,638,2025-09-01,1,Private Client,17,3,1526.79,4458.08,4,Yes
3179,41,2025-12-16,1,Boutique,15,1,3992.76,4117.98,3,Yes
3180,787,2025-04-16,8,Boutique,18,2,1879.61,3615.35,3,Yes
3181,297,2025-08-09,10,Boutique,10,1,8420.05,7748.44,2,Yes
3182,1621,2024-08-20,8,Boutique,22,3,1263.19,3661.12,3,Yes
3183,42,2023-06-19,10,Private Client,2,1,2881.29,2692.34,4,Yes
3184,33,2025-04-18,3,Boutique,17,1,1526.79,1458.25,2,Yes
3185,1300,2025-11-22,8,Boutique,16,1,4000.34,3893.57,4,Yes
3186,616,2025-03-06,2,Online,24,1,426.87,401.47,3,Yes
3187,948,2025-08-16,2,Boutique,25,1,464.55,479.89,2,Yes
3188,1548,2025-03-25,1,Online,7,2,4390.12,8437.35,3,Yes
3189,160,2023-12-08,6,Online,19,1,1731.11,1775.73,5,Yes
3190,1953,2023-02-17,1,Online,16,1,4000.34,4063.73,4,Yes
3191,1732,2023-12-30,5,Online,1,2,1844.17,3923.24,4,Yes
3192,1843,2024-12-25,8,Boutique,4,1,2247.59,2099.4,5,Yes
3193,1798,2023-05-18,5,Boutique,13,2,7115.72,13581.59,4,Yes
3194,1733,2023-12-21,4,Boutique,10,1,8420.05,8912.02,3,Yes
3195,581,2025-12-29,5,Boutique,11,1,3218.81,3384.71,3,Yes
3196,220,2025-03-21,10,Boutique,19,3,1731.11,4937.49,4,Yes
3197,379,2024-12-12,3,Boutique,15,1,3992.76,3742.17,4,Yes
3198,1750,2023-02-28,4,Boutique,11,1,3218.81,3402.28,2,Yes
3199,1471,2025-02-09,3,Boutique,3,1,2487.59,2359.48,2,Yes
3200,964,2024-01-24,6,Boutique,2,1,2881.29,3052.37,3,Yes
3201,1170,2025-04-25,10,Boutique,11,3,3218.81,10368.87,4,Yes
3202,233,2025-05-18,6,Boutique,10,1,8420.05,8043.92,4,Yes
3203,1395,2023-12-05,1,Online,3,3,2487.59,7869.21,3,Yes
3204,922,2025-01-26,6,Online,27,1,356.86,352.51,4,Yes
3205,367,2024-08-18,3,Online,5,1,1450.83,1517.86,4,Yes
3206,481,2024-03-11,10,Online,15,1,3992.76,3933.6,2,Yes
3207,1597,2024-01-12,1,Online,4,1,2247.59,2093.1,3,Yes
3208,1119,2024-01-26,8,Online,17,2,1526.79,3157.5,3,Yes
3209,1866,2024-04-25,1,Boutique,1,1,1844.17,1741.1,3,Yes
3210,2035,2025-03-31,8,Boutique,1,1,1844.17,1970.17,3,Yes
3211,216,2023-04-24,3,Online,12,2,7775.57,15346.48,2,Yes
3212,725,2025-02-12,6,Boutique,10,1,8420.05,7856.92,4,Yes
3213,1840,2023-06-21,1,Boutique,9,1,7756.91,7419.93,2,Yes
3214,712,2023-01-18,3,Boutique,9,1,7756.91,8206.83,2,Yes
3215,1888,2023-08-23,6,Boutique,25,1,464.55,451.25,3,Yes
3216,1826,2024-12-23,8,Online,26,1,602.77,637.14,3,Yes
3217,985,2023-10-08,10,Boutique,20,1,1505.97,1427.01,3,Yes
3218,1159,2025-04-10,6,Boutique,20,3,1505.97,4494.94,2,Yes
3219,1107,2024-02-22,6,Boutique,14,1,4139.23,4389.74,4,Yes
3220,391,2023-10-11,6,Online,26,1,602.77,559.22,5,Yes
3221,1071,2024-08-07,7,Online,23,1,395.7,383.31,4,Yes
3222,392,2024-09-13,7,Boutique,19,1,1731.11,1844.63,3,Yes
3223,385,2023-08-09,10,Online,10,1,8420.05,8550.09,2,Yes
3224,1283,2023-01-09,1,Boutique,3,2,2487.59,5147.31,3,Yes
3225,934,2025-04-11,6,Online,20,3,1505.97,4765.22,3,Yes
3226,1971,2024-01-10,1,Online,27,1,356.86,358.21,3,Yes
3227,399,2024-06-17,4,Private Client,22,3,1263.19,3998.98,3,Yes
3228,2148,2024-12-02,8,Boutique,17,1,1526.79,1560.69,3,Yes
3229,383,2025-04-11,2,Boutique,27,1,356.86,367.46,3,Yes
3230,2058,2025-02-15,5,Boutique,3,1,2487.59,2349.42,3,Yes
3231,1431,2025-07-28,1,Boutique,12,2,7775.57,16643.5,3,Yes
3232,1914,2024-03-22,3,Boutique,15,1,3992.76,4181.91,4,Yes
3233,2145,2024-11-10,1,Boutique,5,2,1450.83,2787.54,3,Yes
3234,758,2023-12-10,9,Boutique,27,1,356.86,361.43,4,Yes
3235,2135,2024-02-29,3,Private Client,15,2,3992.76,7827.68,4,Yes
3236,991,2024-09-16,9,Boutique,20,2,1505.97,3089.24,3,Yes
3237,2125,2023-11-02,6,Private Client,24,1,426.87,460.59,4,Yes
3238,1913,2023-05-28,1,Online,16,1,4000.34,3709.59,4,Yes
3239,1740,2025-04-28,5,Private Client,9,2,7756.91,16637.08,3,Yes
3240,1507,2025-01-01,4,Private Client,8,1,9400.29,8757.15,2,Yes
3241,661,2024-03-29,7,Online,11,1,3218.81,3198.6,3,Yes
3242,2029,2025-07-26,4,Online,27,1,356.86,355.84,4,Yes
3243,1135,2023-02-02,3,Boutique,9,2,7756.91,14939.75,3,Yes
3244,2026,2025-09-10,10,Boutique,16,1,4000.34,4043.03,4,Yes
3245,765,2024-01-26,5,Private Client,14,2,4139.23,8720.81,4,Yes
3246,1673,2023-12-23,10,Boutique,15,1,3992.76,3861.13,3,Yes
3247,1547,2024-07-26,1,Boutique,14,1,4139.23,3854.72,4,Yes
3248,583,2024-04-08,1,Online,24,2,426.87,871.81,2,Yes
3249,671,2025-07-18,1,Boutique,10,2,8420.05,17518.41,4,Yes
3250,1752,2023-04-09,8,Online,13,2,7115.72,15266.4,4,Yes
3251,538,2023-05-28,6,Boutique,1,2,1844.17,3487.41,4,Yes
3252,1822,2024-07-23,6,Online,23,1,395.7,421.11,3,Yes
3253,1186,2024-12-27,8,Boutique,9,2,7756.91,15469.45,2,Yes
3254,430,2025-09-28,4,Private Client,17,1,1526.79,1462.24,3,Yes
3255,1638,2023-10-30,8,Boutique,26,1,602.77,647.4,4,Yes
3256,2181,2023-01-04,2,Online,17,1,1526.79,1462.89,3,Yes
3257,189,2025-02-16,2,Boutique,10,3,8420.05,26203.64,2,Yes
3258,1747,2023-04-17,8,Boutique,13,1,7115.72,7440.07,4,Yes
3259,1702,2023-03-16,6,Boutique,18,1,1879.61,1858.71,3,Yes
3260,1649,2025-11-29,1,Boutique,13,1,7115.72,7332.02,3,Yes
3261,2012,2024-09-30,2,Online,21,1,2018.96,2042.37,4,Yes
3262,1185,2024-11-25,1,Boutique,28,2,488.98,929.77,4,Yes
3263,851,2023-03-14,1,Boutique,24,2,426.87,889.24,5,Yes
3264,170,2024-07-05,9,Boutique,13,1,7115.72,7603.02,4,Yes
3265,830,2025-09-03,5,Online,24,1,426.87,426.09,1,Yes
3266,1081,2023-04-06,6,Boutique,10,1,8420.05,9085.99,3,Yes
3267,1264,2025-06-02,1,Boutique,20,1,1505.97,1488.61,1,Yes
3268,769,2023-10-04,9,Online,7,1,4390.12,4375.89,4,Yes
3269,358,2023-09-16,8,Private Client,7,1,4390.12,4512.27,4,Yes
3270,1326,2023-02-15,6,Online,9,3,7756.91,22100.75,3,Yes
3271,2149,2023-12-12,2,Private Client,16,1,4000.34,4257.61,4,Yes
3272,1121,2025-04-26,8,Boutique,15,2,3992.76,8370.45,4,Yes
3273,1689,2025-06-13,1,Online,25,1,464.55,492.23,3,Yes
3274,2077,2025-12-12,8,Online,3,1,2487.59,2531.2,3,Yes
3275,1530,2023-08-21,4,Private Client,13,1,7115.72,7552.62,3,Yes
3276,1462,2023-02-20,4,Boutique,11,1,3218.81,3311.5,1,Yes
3277,1403,2024-10-26,4,Private Client,8,1,9400.29,9417.68,4,Yes
3278,73,2024-03-26,1,Boutique,21,2,2018.96,4316.89,4,Yes
3279,254,2023-12-17,3,Online,21,2,2018.96,3998.97,4,Yes
3280,1935,2024-10-10,8,Boutique,24,1,426.87,426.91,4,Yes
3281,516,2025-05-27,6,Boutique,6,1,1450.79,1374.08,5,Yes
3282,1044,2024-08-05,1,Boutique,10,1,8420.05,9023.14,3,Yes
3283,1649,2023-09-02,1,Boutique,26,3,602.77,1727.6,3,Yes
3284,421,2024-07-03,3,Online,17,1,1526.79,1453.85,3,Yes
3285,879,2024-12-28,8,Online,20,1,1505.97,1409.88,2,Yes
3286,136,2024-09-30,5,Online,9,2,7756.91,15398.05,3,Yes
3287,1325,2024-08-06,4,Boutique,21,1,2018.96,1945.83,3,Yes
3288,1633,2023-08-14,6,Private Client,14,1,4139.23,4298.69,2,Yes
3289,33,2025-04-06,3,Online,20,1,1505.97,1459.59,3,Yes
3290,1791,2024-03-16,6,Boutique,27,2,356.86,738.93,3,Yes
3291,278,2024-02-16,10,Online,13,1,7115.72,6769.57,3,Yes
3292,2181,2025-03-24,2,Boutique,26,1,602.77,576.73,3,Yes
3293,750,2023-09-03,6,Boutique,1,1,1844.17,1934.51,3,Yes
3294,2174,2024-08-05,1,Boutique,25,1,464.55,454.97,4,Yes
3295,17,2024-05-14,2,Boutique,24,2,426.87,800.71,3,Yes
3296,1402,2025-09-08,8,Boutique,19,1,1731.11,1858.91,4,Yes
3297,818,2024-07-03,4,Boutique,9,1,7756.91,7356.52,3,Yes
3298,2108,2023-04-27,9,Private Client,17,2,1526.79,2882.68,4,Yes
3299,1661,2023-07-23,6,Boutique,15,2,3992.76,7804.58,2,Yes
3300,467,2023-12-17,4,Boutique,20,3,1505.97,4225.61,4,Yes
3301,628,2023-11-15,1,Private Client,5,1,1450.83,1370.89,2,Yes
3302,1211,2025-07-28,10,Boutique,4,1,2247.59,2372.18,4,Yes
3303,600,2024-05-03,7,Online,4,1,2247.59,2129.46,3,Yes
3304,1739,2023-04-17,7,Boutique,25,2,464.55,871.34,4,Yes
3305,1385,2024-10-15,2,Boutique,15,1,3992.76,4235.49,3,Yes
3306,1847,2023-06-21,7,Boutique,5,1,1450.83,1437.78,3,Yes
3307,1856,2024-06-02,7,Private Client,17,1,1526.79,1443.04,3,Yes
3308,1888,2025-08-15,6,Boutique,7,3,4390.12,13342.14,4,Yes
3309,680,2025-03-23,8,Online,6,1,1450.79,1344.36,3,Yes
3310,1836,2024-06-11,5,Private Client,15,1,3992.76,3946.37,5,Yes
3311,2178,2023-11-16,9,Private Client,25,2,464.55,942.53,4,Yes
3312,149,2025-11-26,6,Boutique,20,2,1505.97,3232.23,3,Yes
3313,1496,2024-05-13,1,Online,14,1,4139.23,4024.3,3,Yes
3314,818,2023-09-22,4,Boutique,10,1,8420.05,8777.13,4,Yes
3315,1745,2025-06-26,9,Online,6,1,1450.79,1365.53,4,Yes
3316,1647,2024-02-06,8,Boutique,10,1,8420.05,8330.57,4,No
3317,1673,2025-09-13,10,Boutique,23,2,395.7,756.34,3,Yes
3318,1379,2024-08-24,8,Boutique,20,1,1505.97,1504.16,4,Yes
3319,1940,2025-08-09,3,Boutique,28,3,488.98,1447.51,4,Yes
3320,658,2023-08-06,6,Boutique,9,3,7756.91,25057.12,3,Yes
3321,1054,2023-11-26,1,Boutique,13,1,7115.72,7591.05,4,Yes
3322,577,2023-07-05,1,Boutique,14,2,4139.23,8387.35,4,Yes
3323,723,2023-07-28,1,Private Client,1,2,1844.17,3497.44,4,Yes
3324,1642,2023-10-15,8,Online,1,1,1844.17,1860.98,4,Yes
3325,684,2023-03-29,6,Boutique,19,2,1731.11,3624.02,4,Yes
3326,742,2025-09-29,8,Private Client,9,1,7756.91,7183.55,5,Yes
3327,2046,2023-05-16,8,Boutique,5,2,1450.83,2871.03,2,Yes
3328,1628,2023-06-07,9,Boutique,17,1,1526.79,1415.06,5,Yes
3329,2136,2025-03-04,8,Boutique,16,1,4000.34,3836.46,4,Yes
3330,1489,2025-07-08,6,Boutique,12,1,7775.57,7268.12,3,Yes
3331,50,2023-06-04,1,Online,5,1,1450.83,1557.75,4,Yes
3332,103,2023-08-08,4,Private Client,6,2,1450.79,2747.83,3,Yes
3333,368,2023-11-18,9,Boutique,20,2,1505.97,2843.32,3,Yes
3334,936,2024-11-21,3,Boutique,23,1,395.7,425.59,5,Yes
3335,1715,2025-04-20,7,Boutique,11,2,3218.81,6454.07,4,Yes
3336,1803,2024-05-26,10,Boutique,19,1,1731.11,1802.57,3,Yes
3337,1421,2023-03-28,10,Online,21,3,2018.96,5889.53,5,Yes
3338,1801,2023-10-02,8,Online,6,2,1450.79,2916.84,3,Yes
3339,1996,2023-05-21,1,Boutique,23,1,395.7,364.48,4,Yes
3340,1968,2024-09-16,6,Online,10,1,8420.05,8297.21,3,Yes
3341,390,2025-07-04,2,Boutique,15,1,3992.76,4027.95,3,Yes
3342,1367,2023-12-19,3,Private Client,18,2,1879.61,3767.89,3,Yes
3343,773,2025-10-25,6,Boutique,21,1,2018.96,1988.54,4,Yes
3344,394,2024-01-17,8,Online,7,1,4390.12,4592.35,3,Yes
3345,683,2024-04-19,7,Boutique,23,1,395.7,395.8,4,Yes
3346,270,2025-07-16,1,Boutique,28,1,488.98,499.63,2,Yes
3347,149,2023-01-30,6,Online,3,1,2487.59,2362.06,3,Yes
3348,811,2025-07-10,6,Boutique,24,1,426.87,451.56,3,Yes
3349,28,2024-08-16,9,Private Client,16,3,4000.34,11737.64,3,Yes
3350,1206,2024-05-07,1,Boutique,13,2,7115.72,14190.69,3,Yes
3351,166,2024-05-09,6,Private Client,17,1,1526.79,1490.68,4,Yes
3352,2065,2024-01-23,1,Private Client,4,1,2247.59,2388.53,3,Yes
3353,1174,2025-05-22,1,Boutique,19,2,1731.11,3684.21,3,Yes
3354,339,2025-04-14,10,Boutique,4,1,2247.59,2148.44,4,Yes
3355,1069,2024-09-21,1,Online,27,2,356.86,742.58,3,Yes
3356,842,2025-07-27,10,Boutique,25,3,464.55,1305.1,5,Yes
3357,189,2023-01-30,2,Online,27,2,356.86,660.03,1,Yes
3358,651,2024-09-14,10,Online,12,1,7775.57,8194.31,3,Yes
3359,294,2025-03-17,6,Online,24,1,426.87,401.68,3,Yes
3360,1858,2023-12-08,4,Boutique,27,2,356.86,674.3,3,Yes
3361,1323,2025-09-27,8,Online,4,2,2247.59,4571.84,3,Yes
3362,1648,2023-09-01,2,Boutique,24,1,426.87,448.51,4,Yes
3363,803,2023-08-09,1,Online,17,1,1526.79,1450.96,3,Yes
3364,431,2024-01-08,1,Boutique,28,2,488.98,917.59,4,Yes
3365,1519,2024-06-14,8,Boutique,24,2,426.87,796.0,4,Yes
3366,487,2023-08-03,1,Private Client,26,2,602.77,1113.89,4,Yes
3367,89,2024-01-02,8,Online,18,3,1879.61,5292.81,2,Yes
3368,271,2023-04-24,6,Private Client,22,1,1263.19,1352.66,4,Yes
3369,1957,2023-01-25,1,Boutique,6,1,1450.79,1356.84,4,Yes
3370,1773,2025-07-22,10,Online,19,1,1731.11,1758.13,2,Yes
3371,900,2024-09-02,5,Online,5,1,1450.83,1548.55,3,Yes
3372,1745,2025-05-07,9,Online,2,2,2881.29,5880.43,3,Yes
3373,278,2025-10-23,10,Boutique,11,1,3218.81,2978.17,4,Yes
3374,2001,2025-06-16,2,Boutique,24,1,426.87,433.45,4,Yes
3375,1634,2025-02-11,5,Private Client,24,1,426.87,454.4,4,Yes
3376,862,2024-03-20,1,Boutique,13,1,7115.72,6913.7,5,Yes
3377,606,2023-01-20,5,Private Client,5,1,1450.83,1407.57,4,Yes
3378,1062,2025-03-16,1,Boutique,23,1,395.7,379.8,4,Yes
3379,1014,2023-05-08,8,Private Client,8,2,9400.29,18817.26,4,Yes
3380,1507,2023-12-24,4,Online,11,1,3218.81,3083.85,2,Yes
3381,708,2025-05-30,8,Online,4,1,2247.59,2328.07,3,Yes
3382,978,2025-11-26,6,Boutique,18,1,1879.61,1923.18,5,Yes
3383,1818,2025-07-05,1,Private Client,15,2,3992.76,7858.74,4,Yes
3384,806,2024-05-24,1,Boutique,5,1,1450.83,1502.49,4,Yes
3385,1534,2024-03-19,1,Online,23,1,395.7,370.28,3,Yes
3386,720,2025-02-17,5,Boutique,12,2,7775.57,16172.01,2,Yes
3387,949,2023-09-09,6,Online,4,1,2247.59,2284.6,3,Yes
3388,474,2025-11-20,5,Online,4,2,2247.59,4588.74,3,Yes
3389,568,2024-02-25,5,Boutique,20,1,1505.97,1401.07,3,Yes
3390,1082,2023-03-02,1,Online,9,1,7756.91,7903.53,4,Yes
3391,215,2024-08-01,9,Boutique,9,1,7756.91,7749.61,3,Yes
3392,900,2024-08-01,5,Private Client,14,1,4139.23,4129.87,3,Yes
3393,1802,2024-10-01,2,Private Client,27,1,356.86,346.69,3,Yes
3394,1983,2023-04-21,1,Boutique,26,3,602.77,1665.85,4,Yes
3395,1097,2024-05-05,6,Boutique,24,1,426.87,421.59,4,Yes
3396,1295,2023-02-03,8,Online,27,1,356.86,351.2,3,Yes
3397,1258,2023-07-31,5,Boutique,8,1,9400.29,9284.19,4,Yes
3398,184,2023-05-05,6,Boutique,23,1,395.7,402.79,2,No
3399,674,2025-06-12,1,Boutique,1,2,1844.17,3570.26,3,Yes
3400,1682,2023-11-27,6,Boutique,24,1,426.87,411.12,3,Yes
3401,435,2024-02-16,7,Boutique,11,1,3218.81,3217.67,2,Yes
3402,1067,2025-07-22,1,Boutique,27,1,356.86,362.13,4,Yes
3403,1337,2024-10-25,7,Boutique,4,1,2247.59,2271.8,4,Yes
3404,688,2025-12-24,9,Online,17,3,1526.79,4860.06,3,Yes
3405,888,2024-08-25,4,Boutique,17,1,1526.79,1592.54,4,Yes
3406,69,2023-01-26,5,Boutique,19,1,1731.11,1607.08,3,Yes
3407,2104,2024-10-30,1,Online,13,2,7115.72,14375.98,2,Yes
3408,420,2024-08-06,7,Private Client,19,1,1731.11,1708.35,3,Yes
3409,243,2025-12-03,8,Boutique,26,1,602.77,589.37,3,Yes
3410,1498,2024-01-15,2,Online,17,1,1526.79,1638.65,3,Yes
3411,1680,2024-01-04,1,Online,24,2,426.87,847.84,4,Yes
3412,2125,2023-07-28,6,Boutique,20,2,1505.97,3117.69,2,Yes
3413,2009,2025-11-02,1,Boutique,12,2,7775.57,16713.34,3,Yes
3414,1502,2023-01-25,5,Boutique,20,2,1505.97,2843.75,4,Yes
3415,440,2024-06-29,8,Online,14,2,4139.23,7688.53,4,Yes
3416,1287,2023-10-02,4,Boutique,22,1,1263.19,1225.52,3,Yes
3417,1209,2025-05-23,8,Private Client,9,1,7756.91,7191.52,5,Yes
3418,1079,2023-08-10,3,Online,25,2,464.55,872.13,3,Yes
3419,1332,2025-11-26,6,Boutique,12,1,7775.57,8387.3,4,Yes
3420,1254,2025-05-24,6,Boutique,24,3,426.87,1374.9,3,Yes
3421,615,2023-08-06,1,Boutique,17,1,1526.79,1573.52,3,Yes
3422,420,2023-04-21,7,Boutique,16,3,4000.34,12486.8,5,Yes
3423,1901,2025-03-26,6,Boutique,12,1,7775.57,7328.31,4,Yes
3424,276,2024-12-08,6,Online,10,3,8420.05,25645.06,4,Yes
3425,1585,2023-05-27,5,Online,26,1,602.77,569.44,3,Yes
3426,1767,2024-07-05,1,Boutique,2,1,2881.29,2825.23,4,Yes
3427,1713,2023-05-14,8,Online,3,1,2487.59,2426.04,4,Yes
3428,2138,2024-04-08,10,Boutique,27,3,356.86,1090.1,4,Yes
3429,1195,2025-05-13,4,Boutique,5,2,1450.83,2706.53,4,Yes
3430,811,2024-03-31,6,Online,16,2,4000.34,7493.07,3,Yes
3431,1379,2025-12-20,8,Boutique,21,2,2018.96,4108.94,5,Yes
3432,1313,2025-10-25,2,Online,13,2,7115.72,14541.38,4,Yes
3433,750,2025-11-26,6,Private Client,26,1,602.77,587.33,3,Yes
3434,1197,2024-04-04,4,Online,24,1,426.87,402.75,4,Yes
3435,301,2023-05-19,4,Boutique,18,1,1879.61,1995.72,4,Yes
3436,600,2024-09-09,7,Boutique,2,3,2881.29,8025.59,4,Yes
3437,529,2024-11-10,1,Boutique,24,1,426.87,441.72,5,Yes
3438,2188,2025-08-18,2,Online,1,1,1844.17,1737.96,4,Yes
3439,278,2024-08-21,10,Online,9,2,7756.91,15854.81,4,Yes
3440,663,2024-08-18,2,Online,18,3,1879.61,5786.48,3,Yes
3441,1370,2023-01-11,1,Online,28,1,488.98,512.78,4,Yes
3442,2162,2023-11-23,6,Online,5,1,1450.83,1426.46,3,Yes
3443,580,2024-01-14,3,Online,3,1,2487.59,2297.26,4,Yes
3444,1531,2023-08-19,8,Boutique,5,1,1450.83,1523.03,4,Yes
3445,1390,2024-09-09,1,Online,12,1,7775.57,7705.99,3,Yes
3446,691,2025-02-03,1,Online,8,3,9400.29,29766.99,3,Yes
3447,637,2023-02-18,1,Boutique,8,1,9400.29,9815.38,4,Yes
3448,1849,2024-03-26,6,Private Client,22,2,1263.19,2525.7,4,Yes
3449,2046,2024-05-05,8,Private Client,25,3,464.55,1505.01,3,Yes
3450,823,2024-02-11,1,Boutique,7,1,4390.12,4363.48,3,Yes
3451,1874,2025-12-10,1,Online,2,3,2881.29,8915.64,4,Yes
3452,875,2023-06-24,1,Boutique,1,1,1844.17,1894.27,5,Yes
3453,940,2024-04-24,2,Boutique,24,2,426.87,856.21,3,Yes
3454,1683,2023-08-11,1,Boutique,1,1,1844.17,1869.35,2,Yes
3455,942,2023-09-26,5,Boutique,8,1,9400.29,9849.41,3,Yes
3456,1899,2025-03-20,6,Boutique,28,1,488.98,494.58,2,Yes
3457,2051,2025-06-11,10,Boutique,25,3,464.55,1382.53,2,Yes
3458,1747,2025-06-19,8,Online,17,2,1526.79,3132.77,4,Yes
3459,25,2025-07-07,9,Boutique,23,2,395.7,732.58,3,Yes
3460,1867,2023-11-14,6,Boutique,5,2,1450.83,2720.22,3,Yes
3461,61,2024-01-20,9,Boutique,14,2,4139.23,7782.32,4,Yes
3462,123,2024-09-17,9,Boutique,8,1,9400.29,9288.64,3,Yes
3463,1521,2025-12-13,1,Boutique,20,2,1505.97,3191.1,3,Yes
3464,2103,2024-10-04,1,Boutique,18,2,1879.61,3845.41,5,Yes
3465,1187,2024-12-04,6,Boutique,23,3,395.7,1276.87,4,Yes
3466,1723,2023-11-01,5,Boutique,7,1,4390.12,4066.97,3,Yes
3467,1063,2025-04-21,10,Boutique,24,2,426.87,884.07,4,Yes
3468,1107,2024-05-25,6,Private Client,14,1,4139.23,4016.18,4,Yes
3469,1731,2023-06-12,1,Boutique,25,3,464.55,1287.35,3,Yes
3470,546,2025-01-07,6,Online,14,1,4139.23,4355.08,4,Yes
3471,2161,2023-12-07,8,Boutique,6,1,1450.79,1372.49,3,Yes
3472,1311,2025-07-20,1,Boutique,3,1,2487.59,2373.79,4,Yes
3473,155,2024-06-13,9,Boutique,21,1,2018.96,1967.43,4,Yes
3474,1263,2023-02-03,3,Private Client,14,2,4139.23,8660.4,3,Yes
3475,1363,2025-09-24,1,Boutique,14,1,4139.23,4221.74,3,Yes
3476,938,2023-11-19,3,Online,3,3,2487.59,7182.0,4,Yes
3477,512,2023-12-13,1,Online,10,2,8420.05,15946.87,4,Yes
3478,932,2024-12-21,7,Boutique,9,1,7756.91,7272.32,3,Yes
3479,187,2023-09-02,6,Private Client,21,1,2018.96,1905.84,4,Yes
3480,1846,2024-11-08,8,Boutique,7,2,4390.12,9297.42,3,Yes
3481,1703,2025-07-03,2,Boutique,26,2,602.77,1287.07,3,Yes
3482,391,2024-12-23,6,Boutique,7,1,4390.12,4718.82,4,Yes
3483,1284,2025-09-30,9,Boutique,7,1,4390.12,4625.24,4,Yes
3484,655,2023-05-13,1,Boutique,12,1,7775.57,8257.52,4,Yes
3485,1740,2025-06-28,5,Online,26,1,602.77,633.26,3,Yes
3486,176,2023-02-18,9,Boutique,4,2,2247.59,4824.63,3,Yes
3487,764,2025-12-23,6,Online,20,2,1505.97,3178.51,4,Yes
3488,931,2023-08-01,1,Boutique,13,1,7115.72,7072.46,3,Yes
3489,1224,2023-04-29,5,Private Client,3,3,2487.59,7251.73,4,Yes
3490,711,2025-05-05,4,Boutique,20,3,1505.97,4578.78,3,Yes
3491,1086,2025-01-30,5,Online,9,1,7756.91,7891.18,4,Yes
3492,1351,2024-11-09,3,Online,21,2,2018.96,4086.32,4,Yes
3493,1930,2025-06-13,4,Boutique,22,1,1263.19,1304.97,3,Yes
3494,281,2023-10-07,8,Boutique,20,2,1505.97,3107.83,4,Yes
3495,1964,2024-02-28,1,Boutique,13,1,7115.72,6645.73,3,Yes
3496,1786,2023-12-29,1,Boutique,1,2,1844.17,3561.77,4,Yes
3497,1082,2025-10-17,1,Boutique,23,3,395.7,1261.15,3,Yes
3498,477,2023-11-10,6,Online,23,1,395.7,401.4,4,Yes
3499,716,2025-02-08,5,Boutique,6,3,1450.79,4232.96,4,Yes
3500,243,2025-12-22,8,Boutique,20,1,1505.97,1590.41,3,Yes
3501,936,2023-09-29,3,Boutique,26,1,602.77,578.57,5,Yes
3502,1524,2025-11-26,6,Online,24,2,426.87,841.34,4,Yes
3503,838,2025-11-05,6,Boutique,28,1,488.98,471.47,3,Yes
3504,1346,2023-12-09,5,Boutique,8,2,9400.29,19917.64,3,Yes
3505,2029,2023-12-12,4,Boutique,17,1,1526.79,1582.56,5,Yes
3506,1433,2023-08-21,3,Boutique,25,1,464.55,461.59,3,Yes
3507,240,2025-09-16,6,Online,24,2,426.87,912.79,4,Yes
3508,139,2024-07-29,2,Online,18,1,1879.61,2008.16,3,Yes
3509,420,2024-02-20,7,Online,25,1,464.55,480.27,3,Yes
3510,1585,2025-06-23,5,Boutique,4,2,2247.59,4777.11,4,Yes
3511,304,2023-09-24,7,Private Client,26,2,602.77,1247.86,4,Yes
3512,2163,2025-09-23,2,Boutique,12,1,7775.57,7935.08,3,Yes
3513,1275,2025-01-13,1,Boutique,22,1,1263.19,1247.18,5,Yes
3514,2027,2025-06-29,8,Boutique,16,2,4000.34,7710.7,3,Yes
3515,7,2024-03-18,10,Boutique,18,1,1879.61,1747.36,4,Yes
3516,1169,2024-07-13,10,Boutique,10,1,8420.05,8825.38,4,Yes
3517,416,2023-03-17,3,Boutique,4,3,2247.59,6335.14,3,Yes
3518,1145,2023-09-04,6,Boutique,2,1,2881.29,2839.96,5,Yes
3519,1148,2024-08-02,5,Boutique,28,1,488.98,468.22,4,Yes
3520,150,2023-11-09,3,Online,25,2,464.55,922.35,4,Yes
3521,1804,2024-07-29,6,Private Client,15,1,3992.76,3874.56,4,Yes
3522,839,2023-12-09,1,Boutique,9,1,7756.91,8166.09,3,Yes
3523,2049,2024-12-15,1,Online,15,2,3992.76,8596.48,2,Yes
3524,1697,2025-09-10,6,Online,5,2,1450.83,3106.66,4,Yes
3525,244,2024-12-26,8,Private Client,19,1,1731.11,1765.0,4,Yes
3526,1911,2024-09-23,5,Boutique,3,1,2487.59,2678.35,3,Yes
3527,1422,2024-02-03,6,Online,17,2,1526.79,3005.08,2,Yes
3528,1275,2024-12-14,1,Boutique,13,2,7115.72,14282.64,5,Yes
3529,879,2025-07-12,8,Online,24,2,426.87,820.53,3,Yes
3530,1321,2023-10-19,10,Online,3,2,2487.59,5291.99,4,Yes
3531,977,2023-02-23,8,Online,28,3,488.98,1391.76,3,Yes
3532,1524,2025-09-09,6,Boutique,4,1,2247.59,2287.32,2,Yes
3533,1139,2024-04-21,8,Online,18,2,1879.61,3939.33,5,Yes
3534,2049,2023-01-22,1,Boutique,24,1,426.87,433.39,4,Yes
3535,553,2025-11-18,4,Boutique,3,2,2487.59,4639.87,4,Yes
3536,482,2024-11-25,6,Boutique,14,3,4139.23,12639.12,3,Yes
3537,600,2023-06-09,7,Online,16,3,4000.34,12513.86,3,Yes
3538,1165,2025-06-28,3,Private Client,12,1,7775.57,7387.2,4,Yes
3539,583,2024-06-13,1,Online,11,3,3218.81,10022.53,4,Yes
3540,137,2023-04-11,1,Boutique,2,1,2881.29,3055.82,4,Yes
3541,1004,2023-12-09,6,Boutique,1,1,1844.17,1987.71,4,Yes
3542,1983,2024-08-01,1,Boutique,13,1,7115.72,7013.32,3,Yes
3543,1635,2025-02-28,9,Boutique,26,2,602.77,1113.95,3,Yes
3544,687,2025-04-24,3,Boutique,18,2,1879.61,3710.55,3,Yes
3545,1434,2023-05-05,6,Boutique,18,2,1879.61,3855.59,4,Yes
3546,1793,2025-06-08,1,Boutique,13,1,7115.72,7561.3,4,Yes
3547,910,2024-10-30,9,Private Client,4,2,2247.59,4810.28,3,Yes
3548,1760,2024-05-17,6,Online,27,1,356.86,380.25,4,Yes
3549,2035,2023-06-22,8,Online,1,1,1844.17,1890.78,2,Yes
3550,842,2025-06-05,10,Boutique,15,2,3992.76,8218.73,4,Yes
3551,2113,2023-04-30,8,Boutique,17,2,1526.79,2810.46,3,Yes
3552,1605,2023-09-30,6,Boutique,6,1,1450.79,1419.16,3,Yes
3553,1338,2025-07-01,1,Boutique,5,3,1450.83,4635.82,3,Yes
3554,115,2025-05-25,5,Online,1,1,1844.17,1900.12,4,Yes
3555,569,2025-05-07,6,Boutique,22,1,1263.19,1256.71,4,Yes
3556,1554,2023-09-18,3,Online,16,1,4000.34,3747.04,5,Yes
3557,495,2023-10-05,10,Private Client,14,1,4139.23,3971.22,4,Yes
3558,822,2023-04-03,6,Boutique,24,2,426.87,861.24,4,Yes
3559,1609,2025-08-16,3,Boutique,5,2,1450.83,3086.21,2,Yes
3560,560,2025-04-02,1,Private Client,3,1,2487.59,2326.72,3,Yes
3561,1042,2023-05-08,2,Online,3,2,2487.59,4699.56,2,Yes
3562,1470,2024-06-15,4,Online,27,2,356.86,731.42,3,Yes
3563,340,2025-02-11,9,Online,12,3,7775.57,22558.42,3,Yes
3564,1555,2023-06-16,6,Boutique,18,2,1879.61,3560.56,4,Yes
3565,612,2025-04-10,3,Boutique,9,3,7756.91,22073.45,3,Yes
3566,2164,2023-08-24,9,Boutique,25,3,464.55,1392.0,4,Yes
3567,1882,2025-11-21,1,Boutique,23,2,395.7,802.0,4,Yes
3568,74,2023-07-10,6,Boutique,17,1,1526.79,1625.57,5,Yes
3569,2164,2024-10-18,9,Boutique,17,1,1526.79,1534.07,4,Yes
3570,1710,2024-09-04,1,Online,20,1,1505.97,1552.06,3,Yes
3571,1762,2023-09-12,5,Boutique,28,2,488.98,928.0,3,Yes
3572,1693,2025-08-30,1,Boutique,18,3,1879.61,5831.42,3,Yes
3573,2035,2025-12-15,8,Boutique,3,3,2487.59,7640.32,3,Yes
3574,1246,2024-10-10,1,Online,18,1,1879.61,1794.26,2,No
3575,126,2023-04-16,5,Boutique,15,3,3992.76,12302.9,4,Yes
3576,657,2023-07-11,9,Online,1,1,1844.17,1759.04,4,Yes
3577,1200,2025-09-29,2,Online,3,1,2487.59,2524.84,4,Yes
3578,1997,2023-06-24,4,Boutique,7,1,4390.12,4508.72,2,Yes
3579,991,2024-09-26,9,Boutique,10,2,8420.05,17361.07,3,Yes
3580,859,2023-03-26,6,Online,9,1,7756.91,8264.85,3,Yes
3581,1522,2025-08-05,6,Boutique,26,2,602.77,1291.92,5,Yes
3582,2133,2024-12-28,6,Boutique,9,1,7756.91,8141.9,2,Yes
3583,1900,2025-11-03,5,Boutique,8,3,9400.29,29909.83,3,Yes
3584,1407,2025-11-26,1,Private Client,6,1,1450.79,1339.21,4,Yes
3585,633,2025-11-16,3,Boutique,1,2,1844.17,3607.3,3,Yes
3586,1665,2023-03-11,3,Private Client,16,1,4000.34,3705.74,5,Yes
3587,1487,2023-06-03,1,Boutique,24,3,426.87,1224.23,5,Yes
3588,695,2025-02-03,1,Boutique,24,2,426.87,837.58,4,Yes
3589,929,2023-09-28,5,Online,28,1,488.98,517.74,3,Yes
3590,116,2024-06-24,2,Boutique,25,1,464.55,465.42,5,Yes
3591,1032,2024-07-24,6,Boutique,10,1,8420.05,8620.6,4,Yes
3592,1242,2023-05-29,2,Boutique,11,3,3218.81,9444.48,4,Yes
3593,1743,2023-01-10,4,Boutique,12,3,7775.57,23710.82,4,Yes
3594,1614,2024-10-05,8,Boutique,22,1,1263.19,1326.96,3,Yes
3595,1904,2023-03-03,6,Online,3,1,2487.59,2408.48,5,Yes
3596,304,2025-02-12,7,Online,6,1,1450.79,1551.13,4,Yes
3597,1491,2024-06-11,1,Private Client,8,3,9400.29,26907.3,4,Yes
3598,1976,2024-03-20,1,Online,23,1,395.7,422.25,4,Yes
3599,88,2023-01-17,8,Online,13,2,7115.72,13157.36,3,Yes
3600,1034,2024-01-04,10,Online,24,3,426.87,1289.37,4,Yes
3601,308,2024-11-14,1,Private Client,19,1,1731.11,1865.49,5,Yes
3602,802,2025-06-26,4,Boutique,8,1,9400.29,9565.4,3,Yes
3603,164,2024-08-05,9,Boutique,21,1,2018.96,2036.68,3,Yes
3604,996,2023-09-12,10,Online,23,1,395.7,407.25,3,Yes
3605,1359,2024-03-31,7,Boutique,13,1,7115.72,6875.84,5,Yes
3606,2066,2024-10-04,5,Private Client,4,1,2247.59,2087.17,3,Yes
3607,1095,2024-07-14,8,Boutique,3,1,2487.59,2388.51,3,Yes
3608,1199,2024-06-16,3,Boutique,22,1,1263.19,1197.76,4,Yes
3609,1878,2023-11-16,1,Online,25,1,464.55,496.03,4,Yes
3610,1824,2023-08-08,8,Boutique,20,1,1505.97,1590.85,4,Yes
3611,811,2024-11-29,6,Private Client,28,1,488.98,474.72,4,Yes
3612,1349,2023-02-01,4,Private Client,25,2,464.55,979.06,4,Yes
3613,1804,2024-12-15,6,Online,3,1,2487.59,2372.86,4,Yes
3614,1594,2025-01-23,1,Boutique,22,1,1263.19,1202.47,4,Yes
3615,433,2025-11-05,1,Boutique,12,1,7775.57,8108.41,4,Yes
3616,1648,2024-02-13,2,Boutique,5,2,1450.83,2821.31,3,Yes
3617,1152,2025-04-07,5,Online,25,1,464.55,432.2,4,Yes
3618,822,2023-06-22,6,Boutique,6,3,1450.79,4505.56,3,Yes
3619,1071,2025-07-24,7,Boutique,18,1,1879.61,2026.85,5,Yes
3620,505,2024-12-07,10,Boutique,20,1,1505.97,1521.87,3,Yes
3621,115,2025-09-02,5,Boutique,14,1,4139.23,3982.71,4,Yes
3622,1440,2025-02-21,4,Private Client,5,3,1450.83,4263.98,4,Yes
3623,1791,2023-05-12,6,Boutique,11,1,3218.81,3295.37,4,Yes
3624,995,2024-10-24,9,Boutique,27,1,356.86,368.36,4,Yes
3625,223,2023-12-25,2,Online,9,2,7756.91,16472.78,4,Yes
3626,636,2025-01-29,1,Online,17,1,1526.79,1626.66,3,Yes
3627,1973,2023-06-14,2,Online,12,3,7775.57,24675.1,4,Yes
3628,672,2024-12-17,5,Online,25,1,464.55,475.59,3,Yes
3629,958,2024-03-02,5,Boutique,26,2,602.77,1195.87,5,Yes
3630,933,2024-11-07,1,Boutique,1,1,1844.17,1897.08,5,Yes
3631,96,2024-05-02,1,Private Client,1,1,1844.17,1893.32,5,Yes
3632,2155,2023-08-01,1,Private Client,4,1,2247.59,2146.17,5,Yes
3633,632,2025-02-04,6,Online,22,2,1263.19,2529.43,2,Yes
3634,1702,2023-06-06,6,Online,18,1,1879.61,1791.86,3,Yes
3635,1950,2024-03-10,4,Private Client,17,3,1526.79,4872.87,4,Yes
3636,698,2025-04-21,8,Boutique,12,2,7775.57,15111.35,2,Yes
3637,32,2024-10-06,2,Boutique,20,1,1505.97,1579.56,3,Yes
3638,2114,2023-11-08,5,Online,24,2,426.87,836.97,2,Yes
3639,1203,2023-05-07,9,Private Client,22,1,1263.19,1316.49,3,Yes
3640,779,2024-01-12,9,Online,12,1,7775.57,7428.36,4,Yes
3641,1467,2023-08-13,6,Online,5,1,1450.83,1512.05,5,Yes
3642,916,2025-11-06,8,Boutique,1,2,1844.17,3499.22,3,Yes
3643,549,2024-05-11,1,Boutique,19,2,1731.11,3457.13,3,Yes
3644,1894,2024-04-17,1,Boutique,7,2,4390.12,8237.45,3,Yes
3645,2097,2024-04-19,10,Private Client,15,1,3992.76,4010.58,4,Yes
3646,1704,2023-08-05,6,Boutique,14,1,4139.23,4351.63,3,Yes
3647,1157,2023-07-15,1,Boutique,26,1,602.77,627.42,3,Yes
3648,2031,2023-07-20,6,Private Client,3,1,2487.59,2308.77,4,Yes
3649,1834,2024-01-01,6,Boutique,5,2,1450.83,2898.03,3,Yes
3650,344,2024-12-19,1,Online,6,2,1450.79,3065.1,4,Yes
3651,1200,2024-02-04,2,Boutique,25,1,464.55,475.71,4,Yes
3652,2059,2024-08-12,1,Boutique,11,1,3218.81,2991.79,3,Yes
3653,945,2023-08-02,7,Online,19,3,1731.11,5048.44,3,Yes
3654,926,2023-12-07,9,Private Client,22,1,1263.19,1274.63,4,Yes
3655,2051,2025-08-16,10,Boutique,27,1,356.86,338.17,3,Yes
3656,1331,2023-04-29,2,Online,2,1,2881.29,2965.15,5,Yes
3657,2004,2025-04-15,6,Boutique,25,3,464.55,1423.72,2,Yes
3658,1788,2025-04-21,10,Boutique,12,1,7775.57,7405.38,3,Yes
3659,1940,2025-05-16,3,Boutique,25,2,464.55,936.59,4,Yes
3660,2157,2025-08-02,6,Private Client,23,1,395.7,415.44,3,Yes
3661,2156,2024-02-06,2,Boutique,14,1,4139.23,4056.33,4,Yes
3662,52,2025-06-01,1,Boutique,27,1,356.86,342.41,4,Yes
3663,2160,2024-07-19,7,Online,9,1,7756.91,8006.65,4,Yes
3664,295,2024-02-28,6,Boutique,20,1,1505.97,1402.55,3,Yes
3665,2113,2023-04-28,8,Boutique,16,1,4000.34,4213.27,3,Yes
3666,465,2024-01-03,2,Boutique,26,1,602.77,645.54,3,Yes
3667,1670,2024-09-21,1,Online,17,2,1526.79,3280.66,4,Yes
3668,634,2023-05-28,10,Boutique,17,1,1526.79,1510.31,4,Yes
3669,1355,2023-05-30,10,Online,2,2,2881.29,5876.17,3,Yes
3670,1525,2025-03-26,8,Boutique,10,2,8420.05,17802.99,3,Yes
3671,210,2023-09-13,1,Boutique,11,1,3218.81,3076.37,4,Yes
3672,2137,2023-03-23,5,Online,3,1,2487.59,2299.61,4,Yes
3673,2076,2023-01-16,6,Boutique,2,1,2881.29,2828.07,4,Yes
3674,238,2025-06-19,7,Private Client,4,1,2247.59,2385.82,4,Yes
3675,336,2023-07-12,5,Boutique,8,3,9400.29,28223.76,3,Yes
3676,2111,2024-12-23,1,Boutique,19,1,1731.11,1739.48,4,Yes
3677,1577,2025-12-20,1,Boutique,20,1,1505.97,1552.11,5,Yes
3678,500,2025-08-30,2,Boutique,18,2,1879.61,3804.04,3,No
3679,1565,2025-08-08,1,Boutique,1,2,1844.17,3425.42,4,Yes
3680,791,2024-06-19,1,Boutique,24,1,426.87,431.03,5,Yes
3681,1136,2023-12-09,7,Boutique,23,1,395.7,405.07,3,Yes
3682,229,2024-01-30,9,Boutique,26,1,602.77,616.43,3,Yes
3683,150,2025-07-31,3,Boutique,2,1,2881.29,2986.56,5,Yes
3684,1779,2023-09-15,6,Boutique,8,2,9400.29,18860.5,4,Yes
3685,1625,2023-02-22,2,Boutique,10,2,8420.05,17918.02,4,Yes
3686,333,2024-10-12,3,Boutique,19,2,1731.11,3442.42,4,Yes
3687,174,2023-09-28,1,Boutique,7,2,4390.12,8805.79,3,Yes
3688,1367,2023-07-20,3,Online,17,3,1526.79,4785.79,4,Yes
3689,2109,2024-01-31,1,Online,28,2,488.98,1030.1,3,Yes
3690,1085,2024-01-13,1,Boutique,3,1,2487.59,2546.64,4,Yes
3691,819,2024-11-06,1,Boutique,25,1,464.55,436.78,3,Yes
3692,1702,2024-06-18,6,Boutique,15,2,3992.76,7770.81,2,Yes
3693,1613,2025-07-11,5,Private Client,4,1,2247.59,2075.03,2,Yes
3694,624,2024-02-02,5,Boutique,17,3,1526.79,4430.46,3,Yes
3695,578,2025-05-16,4,Boutique,11,1,3218.81,3254.99,4,Yes
3696,423,2024-07-14,7,Boutique,6,1,1450.79,1521.64,2,Yes
3697,1395,2023-07-09,1,Private Client,17,2,1526.79,3095.43,4,Yes
3698,1230,2023-07-24,5,Online,10,1,8420.05,7800.19,3,Yes
3699,754,2025-08-25,5,Boutique,1,1,1844.17,1773.09,4,Yes
3700,747,2023-02-13,8,Boutique,18,2,1879.61,3806.17,4,Yes
3701,688,2025-09-30,9,Private Client,14,3,4139.23,12833.03,3,Yes
3702,723,2025-10-15,1,Boutique,19,3,1731.11,5497.83,4,Yes
3703,1567,2024-10-01,6,Boutique,18,1,1879.61,2020.25,4,Yes
3704,747,2025-09-20,8,Online,24,1,426.87,453.63,3,Yes
3705,242,2024-12-01,2,Boutique,22,2,1263.19,2513.17,4,Yes
3706,708,2024-12-13,8,Boutique,1,3,1844.17,5751.09,3,Yes
3707,435,2024-09-28,7,Boutique,22,1,1263.19,1210.75,4,Yes
3708,781,2025-03-14,4,Private Client,1,1,1844.17,1715.47,3,Yes
3709,484,2023-11-07,4,Boutique,9,1,7756.91,7204.7,3,Yes
3710,1534,2025-05-27,1,Online,14,1,4139.23,3967.9,4,Yes
3711,170,2025-05-06,9,Boutique,3,2,2487.59,4607.05,4,Yes
3712,1021,2023-10-01,8,Private Client,12,1,7775.57,8211.34,4,Yes
3713,869,2024-06-14,2,Private Client,17,2,1526.79,3048.66,3,Yes
3714,848,2023-01-17,1,Boutique,17,1,1526.79,1602.74,4,Yes
3715,1498,2024-12-18,2,Boutique,2,1,2881.29,3084.09,5,Yes
3716,696,2025-11-19,7,Online,6,2,1450.79,3130.88,4,Yes
3717,32,2024-04-14,2,Online,1,1,1844.17,1973.16,3,Yes
3718,177,2025-03-21,6,Boutique,23,1,395.7,409.41,3,Yes
3719,2113,2024-07-08,8,Online,27,1,356.86,353.55,3,Yes
3720,2075,2023-04-03,1,Boutique,12,1,7775.57,7897.47,3,Yes
3721,1503,2025-05-31,2,Boutique,4,1,2247.59,2361.41,2,Yes
3722,66,2024-07-31,6,Online,23,1,395.7,420.87,3,Yes
3723,133,2024-09-22,3,Boutique,16,1,4000.34,4292.5,2,Yes
3724,1929,2025-03-31,6,Boutique,20,3,1505.97,4684.61,3,Yes
3725,916,2024-08-06,8,Private Client,11,2,3218.81,6478.77,3,Yes
3726,2130,2025-04-25,3,Online,20,1,1505.97,1618.83,3,Yes
3727,1917,2025-04-21,8,Private Client,20,1,1505.97,1616.48,2,Yes
3728,1855,2023-11-24,6,Online,26,1,602.77,600.61,3,Yes
3729,1352,2024-12-30,6,Online,28,2,488.98,1001.22,3,Yes
3730,585,2023-09-11,6,Online,10,3,8420.05,26510.09,4,Yes
3731,1149,2024-07-24,7,Boutique,8,1,9400.29,9299.64,4,Yes
3732,1749,2024-06-27,6,Boutique,2,1,2881.29,3033.14,4,Yes
3733,2181,2025-04-30,2,Boutique,8,2,9400.29,17631.8,4,Yes
3734,1893,2023-04-30,6,Private Client,26,1,602.77,600.95,4,Yes
3735,974,2025-09-01,5,Boutique,27,1,356.86,355.87,3,Yes
3736,1443,2025-04-01,6,Boutique,1,2,1844.17,3797.31,4,Yes
3737,234,2024-05-28,10,Online,23,2,395.7,742.83,3,Yes
3738,1478,2025-09-05,3,Boutique,7,1,4390.12,4111.41,4,Yes
3739,1594,2023-04-07,1,Boutique,22,1,1263.19,1344.15,3,Yes
3740,771,2025-05-20,6,Boutique,14,1,4139.23,4009.25,2,Yes
3741,306,2023-09-14,1,Online,4,2,2247.59,4370.7,4,Yes
3742,2,2023-05-08,1,Boutique,21,1,2018.96,2108.4,3,Yes
3743,271,2023-02-26,6,Boutique,17,1,1526.79,1506.0,4,Yes
3744,421,2024-08-04,3,Boutique,2,1,2881.29,3034.77,5,Yes
3745,864,2024-07-09,8,Boutique,26,1,602.77,593.27,3,Yes
3746,1877,2024-12-24,7,Boutique,23,1,395.7,412.2,4,Yes
3747,1010,2024-10-14,6,Private Client,2,2,2881.29,5785.92,4,Yes
3748,1061,2023-06-07,10,Boutique,8,2,9400.29,20111.59,4,Yes
3749,107,2023-03-26,10,Boutique,7,2,4390.12,8537.75,3,Yes
3750,1849,2023-11-18,6,Private Client,26,2,602.77,1179.05,4,Yes
3751,1134,2023-11-05,1,Online,8,1,9400.29,10107.17,3,Yes
3752,549,2023-10-11,1,Boutique,20,2,1505.97,3126.41,4,Yes
3753,1621,2025-12-01,8,Boutique,17,1,1526.79,1593.37,4,Yes
3754,1838,2025-09-29,9,Online,23,2,395.7,765.57,3,Yes
3755,1512,2023-05-14,5,Boutique,17,2,1526.79,3069.24,4,Yes
3756,1378,2024-09-05,5,Boutique,7,1,4390.12,4259.15,3,Yes
3757,19,2024-10-10,2,Boutique,25,3,464.55,1340.1,4,Yes
3758,859,2023-08-17,6,Boutique,5,2,1450.83,2918.02,4,Yes
3759,1417,2025-09-24,8,Online,15,1,3992.76,4304.36,4,Yes
3760,1285,2023-04-29,5,Boutique,2,1,2881.29,2749.73,4,Yes
3761,410,2025-07-26,8,Boutique,11,2,3218.81,6172.41,3,Yes
3762,1427,2023-11-20,1,Online,17,1,1526.79,1464.04,4,Yes
3763,1694,2025-07-09,1,Boutique,24,3,426.87,1340.38,4,Yes
3764,624,2023-06-08,5,Boutique,13,1,7115.72,7127.65,2,Yes
3765,656,2023-08-27,6,Boutique,4,2,2247.59,4412.3,4,Yes
3766,768,2024-01-31,8,Online,24,1,426.87,450.35,2,Yes
3767,18,2023-11-16,6,Boutique,18,1,1879.61,1818.71,3,Yes
3768,1817,2023-11-05,10,Online,14,2,4139.23,8135.7,3,Yes
3769,1781,2023-09-06,1,Boutique,19,2,1731.11,3226.02,4,Yes
3770,8,2024-06-21,8,Online,3,2,2487.59,4671.82,3,Yes
3771,705,2024-12-01,6,Online,4,1,2247.59,2116.95,4,Yes
3772,1342,2024-01-29,1,Private Client,25,1,464.55,453.18,4,Yes
3773,1160,2024-10-13,1,Boutique,9,1,7756.91,7786.8,3,Yes
3774,531,2025-10-14,7,Boutique,21,2,2018.96,3715.37,3,Yes
3775,2022,2024-02-10,1,Boutique,23,2,395.7,752.14,2,Yes
3776,1716,2025-09-26,1,Boutique,14,2,4139.23,7848.84,4,Yes
3777,1761,2023-01-21,1,Boutique,25,2,464.55,892.43,4,Yes
3778,1347,2023-06-04,1,Boutique,17,2,1526.79,2890.44,3,Yes
3779,1797,2025-05-16,6,Private Client,2,2,2881.29,5481.48,5,Yes
3780,1686,2024-07-12,4,Private Client,14,2,4139.23,8919.39,3,Yes
3781,1803,2023-07-13,10,Boutique,22,3,1263.19,3847.01,4,Yes
3782,44,2024-02-03,1,Boutique,16,1,4000.34,4168.48,3,Yes
3783,489,2023-10-07,3,Online,19,2,1731.11,3639.12,3,Yes
3784,181,2025-09-06,1,Boutique,16,2,4000.34,8215.33,3,Yes
3785,628,2025-10-30,1,Boutique,11,1,3218.81,3323.91,3,Yes
3786,957,2024-04-16,6,Boutique,28,1,488.98,499.33,4,Yes
3787,2115,2023-06-01,6,Boutique,27,2,356.86,730.78,3,Yes
3788,1549,2025-03-12,1,Online,14,1,4139.23,4422.98,3,Yes
3789,1116,2024-07-06,6,Private Client,7,3,4390.12,12508.13,4,Yes
3790,1782,2024-12-30,1,Boutique,5,2,1450.83,2797.07,5,Yes
3791,651,2024-05-27,10,Boutique,26,3,602.77,1690.63,3,Yes
3792,1877,2025-10-09,7,Boutique,8,1,9400.29,9907.64,3,Yes
3793,1268,2023-06-20,1,Online,17,3,1526.79,4542.81,3,Yes
3794,341,2025-04-29,1,Online,25,1,464.55,494.81,3,Yes
3795,1809,2025-03-04,1,Boutique,14,2,4139.23,8161.47,4,Yes
3796,2145,2023-05-05,1,Private Client,27,3,356.86,1060.75,4,Yes
3797,1355,2023-06-24,10,Boutique,10,2,8420.05,16700.95,3,Yes
3798,449,2024-05-18,1,Boutique,22,2,1263.19,2571.85,3,Yes
3799,1442,2024-12-11,8,Online,12,1,7775.57,8106.65,4,Yes
3800,77,2023-04-16,9,Boutique,5,3,1450.83,4248.93,3,Yes
3801,896,2024-06-11,8,Boutique,8,1,9400.29,9596.06,3,Yes
3802,549,2023-02-07,1,Online,28,1,488.98,465.82,4,Yes
3803,798,2024-01-30,9,Boutique,12,1,7775.57,7842.81,4,Yes
3804,1453,2025-07-09,8,Boutique,4,1,2247.59,2264.34,4,Yes
3805,1509,2024-04-21,1,Boutique,28,2,488.98,1038.78,3,Yes
3806,815,2024-12-22,1,Boutique,13,1,7115.72,7566.4,4,Yes
3807,2183,2023-11-11,7,Boutique,25,2,464.55,927.2,4,Yes
3808,1584,2023-12-31,6,Boutique,21,1,2018.96,1865.39,3,Yes
3809,646,2023-06-30,5,Online,17,1,1526.79,1610.98,2,Yes
3810,1826,2025-01-03,8,Private Client,24,1,426.87,392.76,3,Yes
3811,720,2025-05-25,5,Boutique,25,2,464.55,925.87,3,Yes
3812,1523,2025-09-20,10,Boutique,21,1,2018.96,1863.84,3,Yes
3813,1070,2024-10-22,1,Online,5,2,1450.83,2833.22,5,Yes
3814,1467,2023-09-01,6,Private Client,6,1,1450.79,1482.54,4,Yes
3815,648,2023-11-09,10,Boutique,9,2,7756.91,15194.11,3,Yes
3816,792,2023-03-17,3,Online,5,1,1450.83,1549.93,2,Yes
3817,579,2023-09-19,1,Boutique,2,2,2881.29,5892.37,3,Yes
3818,2049,2023-08-19,1,Private Client,3,2,2487.59,5091.75,4,Yes
3819,2157,2024-12-03,6,Boutique,11,3,3218.81,9462.43,4,Yes
3820,460,2024-10-07,2,Private Client,10,1,8420.05,7798.37,4,Yes
3821,1162,2025-01-26,6,Boutique,3,2,2487.59,5164.78,5,Yes
3822,44,2025-04-21,1,Private Client,9,2,7756.91,16050.59,2,Yes
3823,1534,2025-05-28,1,Boutique,8,1,9400.29,9445.6,4,Yes
3824,983,2024-05-30,1,Boutique,16,3,4000.34,11840.24,2,Yes
3825,633,2024-03-17,3,Online,22,1,1263.19,1270.93,4,Yes
3826,2200,2024-08-05,6,Online,21,1,2018.96,2098.69,2,Yes
3827,1258,2023-09-19,5,Online,26,1,602.77,623.29,4,Yes
3828,623,2025-01-18,1,Boutique,2,1,2881.29,2954.18,3,Yes
3829,1978,2025-03-29,7,Online,25,2,464.55,989.12,4,Yes
3830,361,2025-09-28,7,Private Client,10,1,8420.05,8568.09,4,Yes
3831,210,2025-05-16,1,Boutique,24,1,426.87,393.71,4,Yes
3832,931,2024-08-30,1,Online,14,2,4139.23,8434.84,2,Yes
3833,1607,2025-06-28,9,Online,5,2,1450.83,2953.92,3,Yes
3834,489,2024-06-06,3,Online,22,2,1263.19,2352.42,3,Yes
3835,601,2025-11-02,1,Online,25,1,464.55,459.18,4,Yes
3836,774,2023-06-11,1,Private Client,1,1,1844.17,1888.75,4,Yes
3837,878,2023-01-05,9,Online,13,3,7115.72,22045.64,4,Yes
3838,1488,2023-07-21,1,Online,4,3,2247.59,7166.81,2,No
3839,700,2024-02-20,8,Private Client,21,1,2018.96,2129.24,4,Yes
3840,1958,2025-11-01,1,Online,9,1,7756.91,7281.01,3,Yes
3841,256,2025-08-05,1,Online,16,1,4000.34,4069.97,3,Yes
3842,1174,2025-01-21,1,Boutique,28,1,488.98,496.53,3,Yes
3843,2175,2025-08-07,4,Boutique,21,2,2018.96,3911.13,3,Yes
3844,392,2024-01-08,7,Boutique,21,1,2018.96,1916.92,4,Yes
3845,993,2024-03-06,6,Online,28,1,488.98,465.47,4,Yes
3846,845,2024-11-20,6,Boutique,28,1,488.98,463.75,4,Yes
3847,139,2023-04-28,2,Boutique,19,1,1731.11,1815.94,4,Yes
3848,103,2024-08-10,4,Boutique,24,2,426.87,805.71,5,Yes
3849,1266,2025-12-05,6,Online,14,1,4139.23,3983.19,4,Yes
3850,1141,2023-08-15,1,Online,23,1,395.7,377.83,4,Yes
3851,1238,2023-12-14,1,Private Client,24,1,426.87,441.41,4,Yes
3852,484,2023-05-21,4,Boutique,20,2,1505.97,2847.32,4,Yes
3853,224,2023-07-23,3,Boutique,8,1,9400.29,8684.46,3,No
3854,1294,2025-09-30,1,Boutique,10,2,8420.05,16501.21,3,Yes
3855,1849,2025-05-10,6,Boutique,20,2,1505.97,2918.01,5,Yes
3856,1885,2025-04-24,10,Online,1,1,1844.17,1813.99,4,Yes
3857,2162,2025-09-21,6,Boutique,20,2,1505.97,3134.26,4,Yes
3858,1465,2023-11-09,1,Boutique,5,1,1450.83,1337.63,4,Yes
3859,644,2023-05-17,9,Boutique,26,1,602.77,558.19,3,Yes
3860,1256,2023-12-17,1,Boutique,15,1,3992.76,3836.66,3,Yes
3861,458,2023-06-22,9,Boutique,8,2,9400.29,19971.36,5,Yes
3862,1628,2023-03-20,9,Boutique,28,2,488.98,926.18,3,Yes
3863,611,2025-09-05,2,Boutique,10,2,8420.05,18179.33,2,Yes
3864,207,2024-07-22,1,Boutique,6,3,1450.79,4565.25,3,Yes
3865,1544,2025-05-12,1,Boutique,15,2,3992.76,7929.48,4,Yes
3866,1467,2023-02-26,6,Online,15,2,3992.76,8302.21,4,Yes
3867,917,2023-12-29,1,Private Client,27,1,356.86,357.93,3,Yes
3868,2141,2023-05-14,6,Boutique,10,1,8420.05,8508.96,4,No
3869,1432,2023-01-14,6,Online,21,1,2018.96,2045.05,3,Yes
3870,1182,2023-10-10,10,Private Client,19,1,1731.11,1772.3,5,Yes
3871,2147,2025-03-16,1,Boutique,4,2,2247.59,4179.27,5,Yes
3872,852,2023-05-07,1,Boutique,22,1,1263.19,1286.74,4,Yes
3873,441,2023-08-06,1,Boutique,6,1,1450.79,1501.15,3,Yes
3874,720,2025-01-14,5,Boutique,15,2,3992.76,7743.68,3,Yes
3875,585,2024-11-10,6,Online,6,2,1450.79,3123.76,4,Yes
3876,2015,2025-09-23,5,Boutique,18,1,1879.61,1772.68,4,Yes
3877,64,2023-09-17,6,Online,11,2,3218.81,6860.38,4,Yes
3878,768,2023-04-09,8,Boutique,12,1,7775.57,7995.09,3,Yes
3879,560,2023-07-01,1,Private Client,8,2,9400.29,19294.85,4,Yes
3880,1734,2023-06-18,8,Private Client,24,1,426.87,452.55,5,Yes
3881,670,2023-08-21,6,Private Client,22,3,1263.19,3990.71,3,Yes
3882,1543,2025-08-13,6,Online,14,2,4139.23,8073.73,4,Yes
3883,1272,2024-04-16,6,Boutique,4,1,2247.59,2321.44,3,Yes
3884,618,2024-11-09,9,Online,18,1,1879.61,1744.46,3,Yes
3885,1995,2024-01-16,9,Boutique,6,3,1450.79,4327.31,3,Yes
3886,1122,2023-09-08,8,Private Client,6,2,1450.79,3104.82,4,Yes
3887,1292,2023-11-15,1,Boutique,26,1,602.77,580.98,5,Yes
3888,1084,2023-07-12,1,Boutique,19,1,1731.11,1606.46,2,Yes
3889,1164,2025-07-25,6,Private Client,2,1,2881.29,2919.53,2,Yes
3890,1933,2024-08-23,1,Boutique,4,2,2247.59,4390.96,4,Yes
3891,1352,2024-08-29,6,Boutique,24,2,426.87,837.3,4,Yes
3892,464,2025-02-03,6,Boutique,5,3,1450.83,4409.91,4,Yes
3893,1661,2025-06-03,6,Online,15,1,3992.76,4070.44,3,Yes
3894,1949,2025-09-17,2,Online,3,2,2487.59,4925.29,2,Yes
3895,60,2024-05-20,6,Online,16,2,4000.34,8010.34,3,Yes
3896,333,2023-03-06,3,Private Client,13,2,7115.72,15354.6,5,Yes
3897,76,2023-08-10,5,Boutique,12,2,7775.57,16688.61,4,Yes
3898,1779,2024-04-10,6,Boutique,21,1,2018.96,2085.93,3,Yes
3899,190,2023-03-13,7,Online,9,3,7756.91,22010.31,2,No
3900,1913,2025-06-06,1,Online,11,2,3218.81,6293.38,2,Yes
3901,296,2024-04-18,2,Boutique,8,1,9400.29,9976.47,5,Yes
3902,177,2024-10-16,6,Boutique,28,1,488.98,483.0,3,Yes
3903,800,2023-01-19,3,Boutique,26,2,602.77,1293.37,4,Yes
3904,806,2024-06-05,1,Boutique,7,1,4390.12,4381.9,3,Yes
3905,1743,2025-02-22,4,Boutique,4,1,2247.59,2377.69,2,Yes
3906,215,2024-02-19,9,Boutique,2,1,2881.29,2667.1,4,Yes
3907,1880,2023-12-30,3,Boutique,28,1,488.98,483.83,3,Yes
3908,597,2024-06-11,6,Boutique,25,1,464.55,479.44,4,Yes
3909,1718,2025-03-06,5,Online,19,1,1731.11,1831.81,3,Yes
3910,1356,2024-03-18,2,Online,22,2,1263.19,2570.7,3,Yes
3911,128,2023-09-22,1,Boutique,23,1,395.7,375.01,3,Yes
3912,1293,2024-10-11,1,Boutique,12,1,7775.57,8255.53,3,Yes
3913,1559,2024-05-23,6,Private Client,3,1,2487.59,2517.37,5,Yes
3914,1778,2024-04-10,7,Boutique,19,1,1731.11,1622.54,3,Yes
3915,619,2023-12-31,6,Private Client,3,3,2487.59,7419.6,5,Yes
3916,142,2024-05-07,6,Boutique,19,1,1731.11,1786.21,3,Yes
3917,245,2024-06-25,8,Online,19,2,1731.11,3435.08,4,Yes
3918,1314,2024-12-23,4,Boutique,7,1,4390.12,4650.57,4,Yes
3919,1715,2025-04-21,7,Boutique,14,2,4139.23,8177.39,3,Yes
3920,1136,2023-10-27,7,Private Client,21,2,2018.96,4091.84,3,Yes
3921,1910,2023-06-23,8,Private Client,4,1,2247.59,2143.72,2,Yes
3922,421,2024-10-07,3,Boutique,6,1,1450.79,1453.73,4,Yes
3923,7,2023-01-24,10,Private Client,14,1,4139.23,3955.68,4,Yes
3924,1549,2024-12-31,1,Boutique,8,2,9400.29,17973.92,4,Yes
3925,671,2023-01-07,1,Online,18,2,1879.61,3626.84,4,Yes
3926,416,2025-10-26,3,Boutique,28,1,488.98,453.32,4,Yes
3927,1007,2025-05-27,1,Boutique,15,2,3992.76,7555.34,3,Yes
3928,1737,2023-06-15,1,Online,19,2,1731.11,3420.32,2,Yes
3929,428,2024-03-03,5,Boutique,18,1,1879.61,1768.66,2,Yes
3930,334,2023-05-25,6,Boutique,15,3,3992.76,11275.65,3,Yes
3931,527,2025-07-21,8,Boutique,23,3,395.7,1275.98,2,Yes
3932,1196,2024-05-23,10,Boutique,12,1,7775.57,7684.87,3,Yes
3933,1754,2025-06-25,9,Online,18,3,1879.61,5551.98,3,Yes
3934,1673,2024-10-06,10,Boutique,5,1,1450.83,1396.91,3,Yes
3935,1556,2023-03-17,5,Online,27,1,356.86,357.57,3,Yes
3936,2029,2025-04-03,4,Boutique,15,2,3992.76,8108.26,4,Yes
3937,1655,2025-11-27,6,Boutique,26,3,602.77,1784.64,4,Yes
3938,454,2024-07-19,6,Boutique,9,2,7756.91,15250.23,4,Yes
3939,746,2024-09-08,3,Online,8,1,9400.29,9701.74,2,Yes
3940,1904,2024-01-16,6,Boutique,8,2,9400.29,20153.55,3,Yes
3941,929,2025-04-27,5,Boutique,3,1,2487.59,2637.97,3,Yes
3942,848,2023-10-30,1,Boutique,13,1,7115.72,6681.51,3,Yes
3943,868,2025-01-25,1,Private Client,13,1,7115.72,7289.13,4,Yes
3944,774,2023-06-13,1,Boutique,12,1,7775.57,7162.29,4,Yes
3945,2131,2023-04-11,4,Online,15,1,3992.76,4077.78,4,Yes
3946,543,2025-06-16,5,Boutique,14,2,4139.23,8231.24,3,Yes
3947,322,2025-02-21,6,Boutique,1,3,1844.17,5524.64,3,Yes
3948,786,2024-01-03,9,Boutique,2,2,2881.29,5843.74,3,Yes
3949,540,2024-12-27,4,Boutique,23,1,395.7,411.06,3,Yes
3950,1789,2024-01-07,2,Boutique,4,3,2247.59,6990.32,3,Yes
3951,449,2025-05-11,1,Private Client,13,1,7115.72,6597.1,4,Yes
3952,490,2023-10-07,8,Boutique,10,1,8420.05,8738.66,2,Yes
3953,1906,2023-11-12,6,Boutique,21,1,2018.96,2125.5,3,Yes
3954,464,2025-03-26,6,Boutique,13,1,7115.72,6624.08,3,Yes
3955,314,2023-05-31,5,Boutique,1,2,1844.17,3583.85,4,Yes
3956,1956,2025-10-05,5,Boutique,11,1,3218.81,3369.23,3,Yes
3957,385,2024-10-30,10,Private Client,18,3,1879.61,5632.61,2,Yes
3958,295,2024-02-11,6,Boutique,9,3,7756.91,23996.37,3,Yes
3959,1239,2023-10-14,3,Online,6,1,1450.79,1451.33,3,Yes
3960,762,2025-07-05,10,Boutique,23,1,395.7,425.98,4,Yes
3961,1099,2024-05-06,1,Boutique,13,1,7115.72,7612.33,4,Yes
3962,1738,2025-10-29,2,Boutique,5,1,1450.83,1400.03,3,Yes
3963,2190,2025-01-07,2,Boutique,25,1,464.55,456.07,4,Yes
3964,1223,2023-05-11,8,Boutique,10,1,8420.05,8327.56,5,Yes
3965,1943,2025-09-23,1,Boutique,5,1,1450.83,1358.95,4,Yes
3966,228,2024-05-12,6,Boutique,22,1,1263.19,1243.8,4,Yes
3967,411,2024-09-13,6,Online,10,3,8420.05,26370.98,2,Yes
3968,691,2025-06-07,1,Boutique,25,1,464.55,490.33,3,Yes
3969,878,2023-12-20,9,Online,5,2,1450.83,3080.93,2,Yes
3970,787,2023-09-28,8,Boutique,20,1,1505.97,1389.0,4,Yes
3971,2110,2024-03-07,7,Private Client,28,2,488.98,1023.15,3,Yes
3972,1351,2025-01-08,3,Boutique,21,1,2018.96,2019.81,3,Yes
3973,1740,2024-04-16,5,Boutique,11,1,3218.81,3067.48,3,Yes
3974,1987,2024-05-22,5,Private Client,5,1,1450.83,1450.54,4,Yes
3975,879,2023-02-24,8,Boutique,5,1,1450.83,1530.74,2,Yes
3976,1608,2023-02-06,1,Boutique,17,2,1526.79,3021.46,3,Yes
3977,1614,2025-06-18,8,Boutique,21,1,2018.96,2177.4,4,Yes
3978,71,2023-02-24,1,Boutique,5,2,1450.83,2955.83,2,Yes
3979,306,2024-06-07,1,Private Client,1,3,1844.17,5523.45,4,Yes
3980,762,2025-07-03,10,Online,13,1,7115.72,6882.2,3,Yes
3981,588,2024-04-07,9,Online,4,2,2247.59,4143.51,3,Yes
3982,2122,2024-11-27,8,Private Client,8,3,9400.29,28699.68,4,Yes
3983,2190,2024-12-16,2,Boutique,20,1,1505.97,1524.64,4,Yes
3984,1609,2025-10-27,3,Boutique,23,2,395.7,793.53,3,Yes
3985,102,2025-01-01,5,Online,6,1,1450.79,1459.54,3,Yes
3986,1630,2025-09-15,2,Boutique,15,1,3992.76,4212.22,3,Yes
3987,1605,2023-07-31,6,Boutique,15,2,3992.76,7751.54,3,Yes
3988,193,2025-01-23,6,Boutique,21,3,2018.96,6105.58,4,Yes
3989,1086,2024-03-11,5,Private Client,16,1,4000.34,4115.52,4,Yes
3990,300,2023-03-25,6,Boutique,9,1,7756.91,7396.76,4,Yes
3991,454,2025-02-17,6,Online,24,1,426.87,455.88,4,Yes
3992,619,2025-04-13,6,Boutique,5,3,1450.83,4517.62,5,Yes
3993,637,2024-04-05,1,Boutique,26,1,602.77,559.69,4,Yes
3994,779,2023-06-26,9,Online,23,2,395.7,837.63,4,Yes
3995,1480,2023-11-08,5,Private Client,16,3,4000.34,12826.44,4,Yes
3996,2045,2023-07-05,1,Boutique,27,1,356.86,373.63,4,Yes
3997,1648,2023-09-03,2,Boutique,25,1,464.55,459.07,3,Yes
3998,337,2025-10-13,10,Boutique,7,1,4390.12,4737.38,5,Yes
3999,2080,2024-01-19,9,Online,3,2,2487.59,4676.22,4,Yes
4000,1995,2025-12-01,9,Boutique,10,2,8420.05,16938.73,3,Yes
4001,2008,2023-10-12,3,Boutique,27,1,356.86,338.04,4,Yes
4002,1783,2025-09-06,6,Online,16,3,4000.34,11884.56,3,Yes
4003,1072,2025-09-14,3,Boutique,21,1,2018.96,2157.03,2,Yes
4004,2032,2023-10-27,5,Boutique,12,2,7775.57,16283.32,4,Yes
4005,1274,2025-06-19,9,Online,9,1,7756.91,8107.0,2,Yes
4006,1250,2025-05-23,10,Private Client,16,2,4000.34,7813.6,3,Yes
4007,1296,2024-04-30,1,Private Client,9,1,7756.91,8295.89,5,Yes
4008,328,2024-03-11,6,Boutique,24,2,426.87,835.74,3,Yes
4009,797,2025-03-16,5,Private Client,22,1,1263.19,1170.21,4,Yes
4010,1204,2023-06-30,1,Online,23,3,395.7,1213.27,5,Yes
4011,665,2025-06-01,5,Boutique,7,2,4390.12,8587.28,4,Yes
4012,963,2025-05-26,8,Online,11,1,3218.81,3040.47,3,Yes
4013,1630,2024-11-24,2,Boutique,17,3,1526.79,4898.91,3,Yes
4014,1394,2023-12-06,5,Online,24,1,426.87,436.24,4,Yes
4015,1269,2024-05-05,1,Online,22,2,1263.19,2704.45,3,Yes
4016,1184,2024-05-09,4,Online,23,2,395.7,801.91,4,Yes
4017,373,2024-12-30,1,Boutique,10,1,8420.05,7832.48,4,Yes
4018,285,2024-03-31,1,Online,15,1,3992.76,3692.47,3,Yes
4019,807,2023-04-15,5,Boutique,10,1,8420.05,8959.69,4,Yes
4020,647,2024-12-19,4,Private Client,27,2,356.86,661.04,4,Yes
4021,1605,2024-03-14,6,Online,2,2,2881.29,5868.77,3,Yes
4022,2184,2024-10-12,8,Boutique,16,2,4000.34,7742.07,4,Yes
4023,96,2024-05-23,1,Boutique,7,1,4390.12,4521.93,4,Yes
4024,274,2023-09-08,5,Online,24,1,426.87,412.17,4,Yes
4025,1201,2025-08-22,10,Boutique,28,1,488.98,452.77,3,Yes
4026,1773,2023-02-16,10,Online,21,1,2018.96,2093.53,3,Yes
4027,784,2025-05-28,8,Boutique,15,3,3992.76,11615.87,3,Yes
4028,1301,2025-10-14,6,Online,17,1,1526.79,1539.2,4,Yes
4029,132,2025-02-13,6,Boutique,22,3,1263.19,3955.62,4,Yes
4030,1391,2025-06-03,4,Boutique,13,1,7115.72,7346.64,4,Yes
4031,1150,2023-03-05,1,Private Client,19,1,1731.11,1689.17,3,Yes
4032,1811,2023-11-16,9,Online,21,2,2018.96,4198.03,3,Yes
4033,2031,2025-05-09,6,Boutique,25,3,464.55,1488.57,4,Yes
4034,808,2025-02-18,4,Private Client,23,1,395.7,402.66,4,Yes
4035,744,2023-01-29,8,Boutique,8,2,9400.29,19412.75,3,Yes
4036,51,2024-03-12,3,Online,22,2,1263.19,2674.29,3,Yes
4037,1182,2025-02-01,10,Boutique,9,2,7756.91,16366.81,3,Yes
4038,56,2025-01-05,1,Boutique,19,1,1731.11,1690.01,3,Yes
4039,744,2025-12-06,8,Boutique,17,1,1526.79,1646.91,3,Yes
4040,443,2024-03-26,1,Boutique,10,1,8420.05,7784.93,3,Yes
4041,1935,2024-09-24,8,Online,14,1,4139.23,4461.57,4,Yes
4042,1662,2025-12-12,7,Online,28,2,488.98,938.22,3,Yes
4043,80,2023-08-21,7,Boutique,28,3,488.98,1452.96,3,Yes
4044,377,2023-07-19,2,Boutique,12,1,7775.57,8252.91,5,Yes
4045,441,2024-11-04,1,Private Client,27,3,356.86,1026.79,5,Yes
4046,126,2024-07-02,5,Boutique,20,3,1505.97,4318.96,3,Yes
4047,1718,2025-07-25,5,Boutique,24,1,426.87,436.64,3,Yes
4048,219,2023-04-07,4,Boutique,22,1,1263.19,1304.71,3,Yes
4049,948,2023-02-18,2,Boutique,7,3,4390.12,12132.47,4,Yes
4050,278,2025-06-14,10,Boutique,9,1,7756.91,7695.41,2,Yes
4051,595,2024-06-05,3,Online,18,1,1879.61,1876.33,3,Yes
4052,935,2023-02-09,1,Boutique,7,1,4390.12,4229.85,4,Yes
4053,2019,2025-07-02,1,Private Client,28,1,488.98,492.59,5,Yes
4054,141,2024-07-06,1,Boutique,4,1,2247.59,2123.37,4,Yes
4055,1631,2024-11-06,3,Boutique,23,1,395.7,384.53,2,Yes
4056,877,2025-02-08,4,Boutique,8,2,9400.29,19442.02,4,Yes
4057,1730,2023-07-30,5,Online,28,1,488.98,518.22,3,Yes
4058,110,2024-03-08,6,Boutique,18,2,1879.61,3812.98,4,Yes
4059,1076,2024-12-07,9,Boutique,15,3,3992.76,11163.46,3,Yes
4060,1994,2024-07-18,6,Online,7,1,4390.12,4515.67,3,Yes
4061,1223,2023-05-27,8,Boutique,8,3,9400.29,29994.89,3,Yes
4062,796,2023-10-09,3,Online,28,1,488.98,489.32,5,Yes
4063,2030,2025-01-24,4,Private Client,1,1,1844.17,1842.31,3,Yes
4064,729,2025-12-10,6,Boutique,11,1,3218.81,3471.89,3,Yes
4065,1538,2024-05-09,4,Boutique,10,1,8420.05,8603.67,3,Yes
4066,1041,2024-02-13,3,Boutique,5,1,1450.83,1521.87,3,Yes
4067,315,2023-09-30,1,Online,25,3,464.55,1426.32,4,Yes
4068,77,2024-04-02,9,Boutique,2,1,2881.29,2752.63,4,Yes
4069,1641,2023-02-15,1,Online,22,2,1263.19,2439.1,4,Yes
4070,712,2023-11-07,3,Online,2,2,2881.29,5915.36,4,Yes
4071,1538,2024-07-15,4,Boutique,19,1,1731.11,1718.94,4,Yes
4072,1868,2023-11-27,7,Online,16,3,4000.34,11817.35,4,Yes
4073,854,2023-01-11,6,Boutique,11,2,3218.81,5945.74,3,Yes
4074,1162,2025-06-26,6,Boutique,14,1,4139.23,4393.79,4,Yes
4075,1598,2025-12-07,6,Online,22,2,1263.19,2681.8,4,Yes
4076,1913,2023-01-08,1,Boutique,5,1,1450.83,1441.77,4,Yes
4077,265,2025-09-10,8,Boutique,4,1,2247.59,2319.78,4,Yes
4078,333,2024-07-19,3,Online,23,1,395.7,375.3,4,Yes
4079,1087,2023-09-30,6,Online,19,2,1731.11,3464.33,4,Yes
4080,820,2025-07-29,10,Boutique,10,1,8420.05,8337.69,4,Yes
4081,1303,2025-06-19,6,Online,23,2,395.7,811.23,5,Yes
4082,1566,2023-05-11,1,Boutique,28,1,488.98,486.61,3,Yes
4083,1195,2024-12-24,4,Private Client,9,3,7756.91,23264.9,5,Yes
4084,1527,2024-09-25,1,Online,18,3,1879.61,5454.52,2,Yes
4085,299,2023-04-24,6,Boutique,5,2,1450.83,2692.01,4,Yes
4086,1159,2024-06-15,6,Boutique,17,3,1526.79,4885.99,3,Yes
4087,272,2025-11-10,1,Online,23,1,395.7,364.82,4,Yes
4088,535,2023-02-02,1,Private Client,18,1,1879.61,1813.85,5,Yes
4089,2079,2023-05-13,8,Boutique,27,1,356.86,353.87,4,Yes
4090,1145,2025-07-08,6,Boutique,21,3,2018.96,5881.56,4,Yes
4091,69,2025-09-01,5,Boutique,1,1,1844.17,1859.49,2,Yes
4092,827,2023-01-26,1,Boutique,14,1,4139.23,4113.81,4,Yes
4093,1170,2024-08-23,10,Online,27,1,356.86,342.9,4,Yes
4094,984,2024-06-28,10,Boutique,14,1,4139.23,3866.39,4,Yes
4095,481,2023-01-18,10,Online,14,2,4139.23,7798.36,3,Yes
4096,2016,2025-07-22,1,Private Client,1,1,1844.17,1840.13,3,No
4097,1453,2023-10-16,8,Private Client,4,2,2247.59,4743.99,3,Yes
4098,2134,2025-11-16,6,Boutique,23,2,395.7,740.83,4,Yes
4099,1040,2025-03-27,1,Online,7,2,4390.12,9029.19,3,Yes
4100,628,2023-04-18,1,Private Client,24,1,426.87,446.82,3,Yes
4101,118,2025-08-30,1,Boutique,12,3,7775.57,22493.56,5,Yes
4102,162,2025-08-05,1,Boutique,13,2,7115.72,14614.53,3,Yes
4103,1677,2025-01-07,4,Private Client,25,1,464.55,478.42,3,Yes
4104,167,2023-11-20,3,Boutique,15,1,3992.76,4125.51,4,Yes
4105,300,2025-05-16,6,Private Client,20,1,1505.97,1600.14,4,Yes
4106,2076,2025-01-04,6,Boutique,2,1,2881.29,2834.51,3,Yes
4107,562,2025-03-03,1,Boutique,26,2,602.77,1156.1,3,Yes
4108,1348,2023-10-16,8,Boutique,28,2,488.98,984.82,3,Yes
4109,1145,2025-11-26,6,Boutique,14,1,4139.23,3849.52,5,Yes
4110,1552,2025-06-10,5,Boutique,12,1,7775.57,7568.95,4,Yes
4111,561,2023-02-12,1,Boutique,13,2,7115.72,15104.06,4,Yes
4112,1188,2023-01-09,1,Boutique,14,1,4139.23,4160.46,3,Yes
4113,1690,2023-07-03,6,Boutique,26,3,602.77,1789.99,5,Yes
4114,312,2025-06-13,1,Boutique,3,2,2487.59,4788.66,4,Yes
4115,1370,2025-12-12,1,Online,25,1,464.55,446.0,4,Yes
4116,2198,2025-05-19,4,Boutique,27,1,356.86,341.82,4,Yes
4117,1912,2024-06-16,1,Online,13,1,7115.72,7490.56,4,Yes
4118,581,2025-09-26,5,Online,8,2,9400.29,20259.57,3,Yes
4119,977,2024-10-24,8,Boutique,16,1,4000.34,4022.61,3,Yes
4120,177,2025-08-11,6,Boutique,6,1,1450.79,1353.26,4,Yes
4121,514,2023-03-10,6,Private Client,11,2,3218.81,6696.2,5,Yes
4122,119,2023-10-28,6,Online,15,1,3992.76,4233.64,4,Yes
4123,1543,2023-01-27,6,Boutique,19,3,1731.11,5551.65,4,Yes
4124,767,2025-07-18,1,Online,26,3,602.77,1845.57,4,Yes
4125,973,2024-10-15,1,Boutique,24,1,426.87,427.34,4,Yes
4126,916,2024-07-06,8,Boutique,2,2,2881.29,5873.71,5,Yes
4127,1438,2023-04-16,1,Boutique,11,1,3218.81,2967.97,2,Yes
4128,587,2024-08-08,8,Boutique,20,2,1505.97,3086.84,2,Yes
4129,351,2024-07-25,8,Private Client,20,1,1505.97,1556.49,5,Yes
4130,1530,2025-03-20,4,Private Client,9,2,7756.91,16064.95,3,Yes
4131,1474,2024-09-25,5,Online,24,3,426.87,1293.53,4,Yes
4132,496,2025-10-31,8,Boutique,23,1,395.7,408.37,5,Yes
4133,1871,2025-07-19,3,Boutique,4,1,2247.59,2297.52,4,Yes
4134,273,2024-10-20,1,Boutique,23,2,395.7,742.72,5,Yes
4135,2100,2025-06-04,1,Boutique,17,1,1526.79,1624.11,3,Yes
4136,263,2023-11-17,1,Boutique,27,2,356.86,727.73,4,Yes
4137,2181,2024-04-04,2,Boutique,24,1,426.87,442.43,3,Yes
4138,1597,2024-08-01,1,Boutique,8,3,9400.29,27491.96,5,Yes
4139,2064,2025-05-26,10,Private Client,25,1,464.55,495.71,3,Yes
4140,1765,2025-01-23,5,Private Client,25,1,464.55,464.74,3,Yes
4141,195,2023-06-09,1,Boutique,16,2,4000.34,8229.83,3,Yes
4142,1787,2024-04-08,1,Online,1,1,1844.17,1977.59,3,Yes
4143,1467,2025-09-24,6,Boutique,10,1,8420.05,8980.6,3,Yes
4144,1072,2023-08-29,3,Boutique,7,1,4390.12,4491.83,3,Yes
4145,1771,2025-07-24,1,Private Client,15,2,3992.76,7558.44,4,Yes
4146,1145,2025-08-21,6,Online,1,1,1844.17,1977.12,5,Yes
4147,1523,2025-08-16,10,Boutique,22,1,1263.19,1361.04,4,Yes
4148,832,2025-05-14,1,Boutique,16,1,4000.34,3746.49,3,Yes
4149,562,2024-10-11,1,Private Client,21,1,2018.96,2002.9,3,Yes
4150,41,2023-11-23,1,Boutique,27,1,356.86,359.62,2,Yes
4151,1480,2025-05-14,5,Boutique,2,1,2881.29,2693.24,3,Yes
4152,371,2024-06-12,7,Private Client,3,1,2487.59,2364.08,3,Yes
4153,1206,2025-05-28,1,Boutique,15,1,3992.76,4016.85,5,Yes
4154,657,2023-11-30,9,Boutique,24,1,426.87,458.5,3,Yes
4155,590,2025-10-23,2,Boutique,18,1,1879.61,1737.6,3,Yes
4156,231,2025-12-10,6,Private Client,15,1,3992.76,4256.25,3,Yes
4157,809,2025-05-31,9,Online,27,1,356.86,379.62,5,Yes
4158,1372,2023-12-16,6,Boutique,4,1,2247.59,2376.04,4,Yes
4159,479,2023-06-23,9,Boutique,3,1,2487.59,2438.85,2,Yes
4160,1233,2023-04-26,2,Boutique,28,1,488.98,488.26,3,Yes
4161,1773,2023-12-27,10,Boutique,7,2,4390.12,8644.81,2,Yes
4162,2101,2023-03-17,9,Boutique,24,1,426.87,457.44,4,Yes
4163,1885,2025-01-25,10,Boutique,20,1,1505.97,1511.11,4,Yes
4164,1034,2023-03-13,10,Boutique,22,2,1263.19,2356.85,3,Yes
4165,1763,2024-03-27,1,Private Client,19,1,1731.11,1668.53,4,Yes
4166,748,2025-06-29,1,Boutique,23,3,395.7,1179.89,3,Yes
4167,464,2024-01-02,6,Boutique,8,1,9400.29,10082.46,3,Yes
4168,754,2025-04-05,5,Boutique,7,3,4390.12,13315.66,3,Yes
4169,1841,2024-10-31,1,Online,4,2,2247.59,4636.2,4,Yes
4170,583,2025-11-13,1,Boutique,10,1,8420.05,7865.7,3,Yes
4171,19,2023-04-20,2,Boutique,28,3,488.98,1555.5,5,Yes
4172,55,2023-02-21,3,Online,25,1,464.55,467.45,3,Yes
4173,1751,2024-04-11,2,Private Client,10,3,8420.05,26962.6,3,Yes
4174,721,2025-03-28,9,Online,15,1,3992.76,3957.93,5,Yes
4175,1564,2025-02-25,10,Boutique,24,3,426.87,1318.12,5,Yes
4176,1556,2024-07-09,5,Boutique,22,2,1263.19,2514.59,5,Yes
4177,1420,2025-07-17,8,Online,18,1,1879.61,1772.11,3,Yes
4178,2168,2023-09-16,4,Boutique,10,2,8420.05,16225.91,3,Yes
4179,2145,2023-03-06,1,Boutique,23,1,395.7,368.3,4,Yes
4180,2168,2023-06-12,4,Private Client,9,1,7756.91,7682.77,4,Yes
4181,1561,2023-02-08,4,Online,25,2,464.55,951.3,4,Yes
4182,1177,2024-10-26,5,Online,25,1,464.55,445.5,2,Yes
4183,1269,2023-11-16,1,Online,9,2,7756.91,15489.96,3,Yes
4184,1796,2023-12-26,7,Online,22,1,1263.19,1254.9,4,Yes
4185,1167,2023-09-26,1,Online,16,1,4000.34,4021.73,3,Yes
4186,1871,2023-11-20,3,Boutique,17,1,1526.79,1449.74,3,Yes
4187,160,2023-11-22,6,Private Client,16,1,4000.34,4022.09,4,Yes
4188,639,2023-09-14,1,Boutique,6,1,1450.79,1419.27,2,Yes
4189,1056,2023-07-19,8,Online,5,2,1450.83,2802.33,4,Yes
4190,334,2024-09-01,6,Boutique,7,2,4390.12,8901.03,3,Yes
4191,892,2025-06-23,1,Boutique,13,1,7115.72,6715.0,4,Yes
4192,2017,2023-06-13,8,Boutique,8,3,9400.29,30008.7,4,Yes
4193,352,2024-09-06,2,Boutique,1,1,1844.17,1972.48,3,Yes
4194,1363,2023-04-16,1,Online,10,2,8420.05,17272.85,4,Yes
4195,926,2024-11-29,9,Boutique,20,1,1505.97,1458.54,4,Yes
4196,1424,2023-12-30,6,Boutique,20,2,1505.97,3072.66,2,Yes
4197,1420,2025-11-10,8,Boutique,1,1,1844.17,1874.13,4,Yes
4198,60,2024-10-21,6,Boutique,27,1,356.86,350.65,3,Yes
4199,1,2024-11-29,6,Online,20,2,1505.97,2909.41,2,Yes
4200,1579,2025-01-16,1,Boutique,23,2,395.7,749.42,4,Yes
4201,311,2025-08-18,5,Boutique,14,3,4139.23,11856.18,3,Yes
4202,708,2025-07-18,8,Boutique,15,3,3992.76,12271.57,4,Yes
4203,1182,2023-07-28,10,Online,6,1,1450.79,1540.37,3,Yes
4204,1781,2025-12-25,1,Online,20,1,1505.97,1478.25,4,Yes
4205,1524,2024-05-05,6,Boutique,2,2,2881.29,5413.97,3,Yes
4206,1364,2024-12-03,1,Online,28,3,488.98,1352.59,4,Yes
4207,858,2024-05-16,1,Online,7,2,4390.12,8648.05,4,Yes
4208,2162,2024-10-27,6,Online,24,1,426.87,408.6,3,Yes
4209,919,2023-08-09,1,Boutique,25,2,464.55,902.72,4,Yes
4210,609,2024-03-10,5,Online,25,1,464.55,445.35,5,Yes
4211,309,2023-10-07,8,Boutique,20,2,1505.97,3091.04,4,No
4212,1344,2024-06-07,1,Online,19,1,1731.11,1769.48,2,Yes
4213,212,2024-10-28,1,Private Client,5,2,1450.83,3093.08,4,Yes
4214,185,2025-11-12,6,Private Client,22,1,1263.19,1303.56,4,Yes
4215,1229,2025-01-01,1,Boutique,28,1,488.98,462.77,4,Yes
4216,1388,2023-12-14,9,Online,8,2,9400.29,19557.4,4,Yes
4217,1240,2025-02-03,5,Boutique,3,2,2487.59,4721.46,3,Yes
4218,246,2025-07-22,9,Boutique,13,2,7115.72,14364.88,3,Yes
4219,239,2023-07-02,6,Boutique,6,1,1450.79,1352.62,3,Yes
4220,1829,2024-05-22,7,Online,21,2,2018.96,3745.46,3,Yes
4221,1415,2023-07-17,6,Boutique,23,3,395.7,1180.31,4,Yes
4222,520,2024-01-16,6,Boutique,14,2,4139.23,7755.24,4,Yes
4223,1614,2025-04-04,8,Boutique,25,2,464.55,900.36,5,Yes
4224,277,2025-10-26,6,Online,7,3,4390.12,12830.74,4,Yes
4225,1006,2023-07-11,1,Online,11,2,3218.81,6715.13,5,Yes
4226,214,2024-06-08,10,Online,22,1,1263.19,1229.37,2,Yes
4227,606,2025-11-25,5,Boutique,9,2,7756.91,15499.67,3,Yes
4228,478,2025-12-29,1,Private Client,10,3,8420.05,26361.84,4,Yes
4229,508,2023-10-16,10,Online,20,1,1505.97,1434.86,3,Yes
4230,1099,2023-04-15,1,Online,17,3,1526.79,4803.82,5,Yes
4231,1978,2023-11-09,7,Online,8,1,9400.29,9899.32,3,Yes
4232,142,2025-12-14,6,Private Client,22,2,1263.19,2723.98,4,Yes
4233,1718,2023-11-03,5,Online,6,1,1450.79,1437.8,3,Yes
4234,461,2025-03-31,10,Boutique,21,1,2018.96,1977.18,4,Yes
4235,670,2023-02-05,6,Boutique,26,1,602.77,622.25,3,Yes
4236,2102,2025-06-05,4,Online,11,1,3218.81,2991.25,3,Yes
4237,1845,2025-11-14,5,Online,3,2,2487.59,4608.81,2,Yes
4238,1619,2025-11-26,1,Online,6,2,1450.79,2824.97,4,Yes
4239,400,2025-11-08,9,Boutique,17,1,1526.79,1582.86,4,Yes
4240,668,2023-02-04,6,Boutique,7,2,4390.12,8241.42,3,Yes
4241,1523,2024-04-11,10,Boutique,6,1,1450.79,1482.25,4,Yes
4242,1335,2025-06-15,6,Online,21,3,2018.96,5833.51,4,Yes
4243,1295,2023-07-18,8,Online,13,1,7115.72,7288.4,3,Yes
4244,1473,2025-02-06,5,Boutique,14,1,4139.23,4110.74,3,Yes
4245,2160,2023-08-29,7,Boutique,19,2,1731.11,3249.03,2,Yes
4246,239,2023-10-21,6,Boutique,8,1,9400.29,9020.19,3,Yes
4247,1044,2025-07-10,1,Boutique,13,1,7115.72,6796.61,3,Yes
4248,1313,2024-04-12,2,Boutique,20,1,1505.97,1425.15,3,Yes
4249,1617,2024-01-02,1,Online,9,1,7756.91,7717.62,3,Yes
4250,1722,2025-11-10,1,Private Client,25,1,464.55,498.34,3,Yes
4251,1741,2023-11-12,3,Boutique,5,1,1450.83,1487.53,5,Yes
4252,1516,2025-01-27,2,Boutique,11,2,3218.81,6783.71,3,Yes
4253,1273,2024-03-26,1,Online,7,2,4390.12,9456.08,3,Yes
4254,1045,2025-02-16,1,Private Client,6,1,1450.79,1460.22,3,Yes
4255,1536,2025-06-26,2,Private Client,12,3,7775.57,22349.12,4,Yes
4256,536,2024-03-21,1,Boutique,12,1,7775.57,8307.81,3,Yes
4257,2159,2025-08-14,8,Boutique,6,1,1450.79,1496.98,3,Yes
4258,949,2023-03-21,6,Boutique,4,3,2247.59,7237.9,4,Yes
4259,863,2025-11-06,6,Online,26,2,602.77,1234.67,4,Yes
4260,1022,2023-05-18,1,Online,13,2,7115.72,14857.95,3,Yes
4261,434,2024-10-13,6,Boutique,12,2,7775.57,16523.11,4,Yes
4262,1404,2025-04-30,5,Online,15,1,3992.76,4158.38,3,Yes
4263,783,2024-07-05,10,Boutique,8,1,9400.29,9494.51,3,Yes
4264,988,2023-03-15,9,Private Client,13,1,7115.72,7083.75,3,Yes
4265,169,2023-02-19,6,Boutique,11,1,3218.81,3385.35,3,Yes
4266,709,2025-10-30,3,Boutique,11,2,3218.81,6717.77,3,Yes
4267,965,2024-01-23,2,Boutique,11,2,3218.81,6300.04,3,Yes
4268,1603,2024-01-20,7,Boutique,26,2,602.77,1205.22,3,Yes
4269,229,2023-10-26,9,Online,19,1,1731.11,1768.5,3,Yes
4270,1185,2023-12-05,1,Boutique,21,3,2018.96,5599.82,5,Yes
4271,427,2024-04-18,1,Online,17,1,1526.79,1465.12,3,Yes
4272,122,2024-09-07,2,Boutique,1,3,1844.17,5311.4,4,Yes
4273,2197,2025-08-19,1,Boutique,13,1,7115.72,7552.03,3,Yes
4274,111,2025-03-02,3,Online,25,1,464.55,452.02,3,Yes
4275,1245,2023-01-13,7,Private Client,20,2,1505.97,3033.7,4,Yes
4276,1928,2024-03-24,9,Boutique,9,3,7756.91,24505.33,3,Yes
4277,64,2023-06-23,6,Private Client,23,3,395.7,1141.46,5,Yes
4278,1378,2024-08-17,5,Online,26,1,602.77,566.48,2,Yes
4279,909,2025-07-20,1,Boutique,24,1,426.87,457.49,4,Yes
4280,1772,2023-09-26,1,Online,11,1,3218.81,3324.22,3,Yes
4281,1509,2024-09-09,1,Boutique,9,1,7756.91,7356.1,3,Yes
4282,13,2025-02-11,1,Boutique,17,1,1526.79,1604.89,3,Yes
4283,1177,2025-05-14,5,Online,7,3,4390.12,13775.41,4,Yes
4284,239,2024-06-09,6,Boutique,8,1,9400.29,9907.97,2,Yes
4285,663,2025-06-06,2,Boutique,2,1,2881.29,2778.12,4,Yes
4286,1110,2024-11-02,5,Boutique,14,2,4139.23,8210.35,4,Yes
4287,694,2023-06-27,1,Online,10,1,8420.05,8680.97,3,Yes
4288,1182,2023-09-16,10,Online,9,1,7756.91,7621.22,3,Yes
4289,1505,2023-09-17,6,Boutique,28,2,488.98,910.67,2,Yes
4290,1903,2024-10-04,6,Private Client,1,2,1844.17,3473.8,3,Yes
4291,76,2023-03-22,5,Boutique,12,1,7775.57,7896.39,4,Yes
4292,329,2025-12-18,1,Online,14,3,4139.23,12169.67,4,Yes
4293,1440,2023-05-09,4,Private Client,19,1,1731.11,1594.11,4,Yes
4294,1253,2024-02-16,6,Online,11,3,3218.81,10068.73,2,Yes
4295,2200,2023-11-11,6,Boutique,9,1,7756.91,7653.53,3,Yes
4296,72,2024-03-30,1,Online,17,2,1526.79,2962.59,5,Yes
4297,225,2024-09-06,8,Boutique,20,1,1505.97,1557.42,4,Yes
4298,811,2025-06-17,6,Online,26,2,602.77,1196.88,2,Yes
4299,2049,2025-06-21,1,Boutique,6,3,1450.79,4488.05,3,Yes
4300,678,2025-10-29,10,Boutique,6,1,1450.79,1337.79,3,Yes
4301,291,2023-08-20,1,Boutique,20,2,1505.97,2775.52,4,Yes
4302,1482,2024-09-02,7,Boutique,10,3,8420.05,25502.25,4,Yes
4303,1226,2024-12-30,1,Online,10,3,8420.05,27209.07,5,Yes
4304,566,2025-08-22,3,Online,26,1,602.77,580.82,3,Yes
4305,1816,2025-05-31,6,Boutique,26,1,602.77,620.41,5,No
4306,511,2023-11-14,4,Boutique,17,1,1526.79,1446.73,3,Yes
4307,924,2024-06-05,6,Boutique,21,3,2018.96,5874.25,3,Yes
4308,16,2024-12-16,9,Online,14,1,4139.23,3859.8,5,Yes
4309,356,2025-12-15,8,Boutique,5,2,1450.83,3078.45,4,Yes
4310,830,2025-12-08,5,Boutique,3,1,2487.59,2412.14,2,Yes
4311,1102,2025-11-05,2,Boutique,11,1,3218.81,3080.0,3,Yes
4312,1091,2025-06-02,2,Online,19,2,1731.11,3589.96,2,Yes
4313,1747,2023-07-21,8,Boutique,20,3,1505.97,4300.65,3,Yes
4314,214,2023-04-03,10,Boutique,19,1,1731.11,1659.17,3,Yes
4315,1721,2025-11-22,7,Online,14,1,4139.23,3876.71,3,Yes
4316,449,2024-02-23,1,Boutique,15,2,3992.76,8576.92,2,Yes
4317,1569,2024-07-04,2,Boutique,3,1,2487.59,2387.15,2,Yes
4318,710,2024-09-17,8,Boutique,3,1,2487.59,2684.87,2,Yes
4319,380,2025-04-24,1,Private Client,23,2,395.7,750.39,3,Yes
4320,1889,2025-05-31,9,Boutique,9,2,7756.91,14323.98,4,Yes
4321,1048,2024-12-20,4,Boutique,11,3,3218.81,10267.79,3,Yes
4322,539,2025-08-01,3,Boutique,15,3,3992.76,12131.64,3,Yes
4323,753,2024-01-29,6,Private Client,17,1,1526.79,1490.49,2,Yes
4324,535,2025-03-19,1,Boutique,24,2,426.87,855.56,3,Yes
4325,673,2025-05-21,5,Boutique,26,1,602.77,579.69,4,Yes
4326,1065,2025-05-16,6,Online,12,1,7775.57,7943.22,4,Yes
4327,568,2024-07-24,5,Private Client,17,1,1526.79,1555.24,3,Yes
4328,1437,2024-09-25,10,Online,9,1,7756.91,7235.88,4,Yes
4329,415,2024-09-23,3,Boutique,13,1,7115.72,7583.29,2,Yes
4330,449,2025-03-19,1,Boutique,8,2,9400.29,18681.84,3,Yes
4331,610,2023-11-18,1,Boutique,22,1,1263.19,1201.58,4,Yes
4332,2002,2024-07-27,6,Online,6,1,1450.79,1406.08,3,Yes
4333,1798,2025-11-29,5,Online,27,1,356.86,377.77,4,Yes
4334,705,2025-11-29,6,Online,26,2,602.77,1183.01,4,Yes
4335,1066,2025-05-19,5,Boutique,23,2,395.7,799.25,4,Yes
4336,734,2025-01-15,2,Online,24,1,426.87,457.45,3,Yes
4337,800,2025-11-04,3,Private Client,7,2,4390.12,8993.38,5,Yes
4338,2058,2025-07-25,5,Private Client,1,1,1844.17,1896.02,4,Yes
4339,1861,2025-08-16,6,Online,10,2,8420.05,16162.64,4,Yes
4340,2187,2023-02-17,6,Online,15,2,3992.76,8200.55,4,Yes
4341,1891,2023-07-08,3,Boutique,14,2,4139.23,8137.8,3,Yes
4342,731,2023-10-31,9,Boutique,4,1,2247.59,2395.41,3,Yes
4343,196,2024-01-04,3,Boutique,4,1,2247.59,2114.37,2,Yes
4344,1098,2024-04-04,6,Boutique,9,1,7756.91,7490.87,3,Yes
4345,1639,2023-09-04,1,Boutique,15,2,3992.76,7431.01,3,Yes
4346,1659,2023-09-21,9,Boutique,12,1,7775.57,7627.4,4,Yes
4347,1126,2024-06-13,6,Online,9,1,7756.91,7320.5,3,No
4348,264,2025-01-19,1,Boutique,3,1,2487.59,2624.96,4,Yes
4349,920,2024-02-11,9,Boutique,27,1,356.86,381.13,2,Yes
4350,161,2024-03-28,5,Boutique,15,1,3992.76,4101.0,5,Yes
4351,1257,2025-03-24,2,Boutique,25,1,464.55,435.07,4,Yes
4352,1811,2024-07-31,9,Boutique,21,3,2018.96,5903.4,3,Yes
4353,770,2025-08-22,6,Private Client,11,1,3218.81,3458.03,3,Yes
4354,311,2023-05-27,5,Boutique,6,1,1450.79,1366.37,3,Yes
4355,227,2024-02-10,1,Boutique,15,3,3992.76,12086.54,3,Yes
4356,273,2023-07-02,1,Boutique,7,1,4390.12,4286.81,3,Yes
4357,317,2023-08-24,3,Online,19,1,1731.11,1869.37,4,Yes
4358,1923,2024-09-29,1,Online,14,2,4139.23,7994.2,3,Yes
4359,1493,2025-08-15,1,Boutique,4,2,2247.59,4169.92,2,Yes
4360,1895,2023-06-28,6,Private Client,21,2,2018.96,4168.54,4,Yes
4361,1602,2024-03-07,4,Online,1,1,1844.17,1793.05,3,Yes
4362,1793,2024-06-08,1,Boutique,24,1,426.87,437.63,3,Yes
4363,1451,2025-01-12,8,Boutique,27,1,356.86,334.29,4,Yes
4364,1926,2023-11-19,7,Boutique,23,1,395.7,397.16,4,Yes
4365,567,2024-02-03,9,Boutique,13,2,7115.72,13947.34,3,Yes
4366,252,2023-12-03,8,Online,11,2,3218.81,6475.49,2,Yes
4367,1557,2023-04-29,10,Boutique,28,2,488.98,1033.27,4,Yes
4368,675,2024-02-17,3,Boutique,18,3,1879.61,6065.35,4,Yes
4369,2116,2024-08-02,2,Boutique,23,3,395.7,1235.18,3,Yes
4370,1603,2023-11-01,7,Boutique,28,2,488.98,1019.72,2,Yes
4371,514,2023-07-15,6,Online,9,1,7756.91,7792.82,4,Yes
4372,442,2023-11-29,10,Boutique,21,1,2018.96,1888.91,4,Yes
4373,1,2025-11-09,6,Boutique,11,1,3218.81,3304.85,3,Yes
4374,1139,2024-09-14,8,Online,6,3,1450.79,4107.09,3,Yes
4375,903,2024-10-19,1,Boutique,16,1,4000.34,3837.55,3,Yes
4376,1624,2024-12-04,2,Boutique,5,1,1450.83,1499.02,5,Yes
4377,1221,2025-06-01,9,Boutique,1,1,1844.17,1890.49,4,Yes
4378,856,2024-06-07,1,Boutique,22,2,1263.19,2451.33,4,Yes
4379,1018,2023-08-05,6,Boutique,14,3,4139.23,12958.2,4,Yes
4380,1184,2025-09-16,4,Boutique,23,2,395.7,847.03,5,Yes
4381,585,2024-01-10,6,Boutique,21,2,2018.96,4067.16,4,Yes
4382,455,2023-02-05,4,Boutique,19,2,1731.11,3560.65,3,Yes
4383,196,2025-02-14,3,Boutique,6,3,1450.79,4193.44,3,Yes
4384,599,2023-01-28,4,Private Client,28,1,488.98,525.81,4,Yes
4385,1333,2023-03-27,9,Boutique,12,1,7775.57,7494.04,2,Yes
4386,1760,2023-07-07,6,Online,27,1,356.86,378.98,2,Yes
4387,556,2023-11-01,2,Online,7,2,4390.12,9381.33,3,Yes
4388,1518,2025-02-04,5,Boutique,10,1,8420.05,8715.94,3,Yes
4389,439,2023-03-21,2,Online,10,3,8420.05,26519.47,3,Yes
4390,359,2023-07-05,2,Online,28,1,488.98,485.68,4,Yes
4391,1058,2025-10-25,4,Boutique,25,3,464.55,1487.2,4,Yes
4392,1112,2024-07-11,6,Private Client,13,1,7115.72,7391.98,4,Yes
4393,2064,2024-05-23,10,Boutique,7,1,4390.12,4268.42,4,Yes
4394,421,2025-08-28,3,Boutique,19,1,1731.11,1602.3,2,Yes
4395,553,2025-10-22,4,Online,1,1,1844.17,1856.2,3,Yes
4396,1150,2023-08-05,1,Boutique,15,2,3992.76,8420.76,3,Yes
4397,1032,2023-09-14,6,Online,14,3,4139.23,13134.28,2,Yes
4398,1492,2023-11-20,9,Online,13,1,7115.72,7497.26,3,Yes
4399,880,2023-07-16,3,Private Client,7,1,4390.12,4189.75,4,No
4400,1886,2024-05-18,3,Boutique,12,1,7775.57,7683.69,4,Yes
4401,852,2024-11-24,1,Private Client,8,2,9400.29,19142.98,3,Yes
4402,510,2025-08-16,1,Boutique,15,1,3992.76,4099.8,4,Yes
4403,1860,2023-01-18,1,Boutique,27,2,356.86,694.83,4,Yes
4404,1764,2023-04-17,7,Boutique,17,3,1526.79,4721.55,4,Yes
4405,966,2023-05-05,6,Online,21,1,2018.96,2048.32,3,Yes
4406,1859,2024-04-27,1,Boutique,12,1,7775.57,7858.64,5,Yes
4407,914,2025-10-24,6,Boutique,28,1,488.98,501.73,3,Yes
4408,1391,2024-09-18,4,Boutique,13,3,7115.72,21700.22,3,Yes
4409,1512,2023-12-17,5,Boutique,8,3,9400.29,26697.76,5,Yes
4410,2066,2023-12-17,5,Private Client,10,1,8420.05,8924.47,5,Yes
4411,2104,2024-10-10,1,Boutique,7,1,4390.12,4207.89,3,Yes
4412,1059,2025-06-19,6,Boutique,2,3,2881.29,8982.0,5,Yes
4413,794,2023-08-16,1,Online,16,1,4000.34,3793.25,3,Yes
4414,1597,2023-01-16,1,Boutique,4,1,2247.59,2305.48,4,Yes
4415,1807,2024-02-29,8,Online,6,1,1450.79,1542.64,3,Yes
4416,347,2024-04-08,1,Boutique,7,1,4390.12,4045.73,3,Yes
4417,1056,2024-12-24,8,Boutique,23,1,395.7,426.07,5,Yes
4418,908,2025-03-04,2,Boutique,19,2,1731.11,3201.68,5,Yes
4419,1024,2023-06-26,5,Boutique,28,1,488.98,450.75,4,Yes
4420,576,2024-06-26,1,Online,24,1,426.87,451.29,3,Yes
4421,199,2024-05-23,10,Boutique,23,1,395.7,408.91,4,Yes
4422,1366,2024-07-17,5,Online,4,1,2247.59,2105.83,2,Yes
4423,1999,2023-08-21,7,Boutique,10,2,8420.05,18018.68,3,Yes
4424,1255,2025-11-27,6,Boutique,4,1,2247.59,2309.42,2,Yes
4425,1017,2024-05-05,9,Online,20,2,1505.97,2824.5,3,Yes
4426,26,2025-10-13,9,Online,5,1,1450.83,1534.53,3,Yes
4427,1559,2024-03-19,6,Online,14,1,4139.23,4126.58,3,Yes
4428,471,2023-01-20,10,Online,11,3,3218.81,9313.64,3,Yes
4429,651,2023-04-21,10,Boutique,2,1,2881.29,3031.14,3,Yes
4430,886,2024-05-01,4,Online,9,1,7756.91,8052.85,3,Yes
4431,930,2023-03-30,1,Boutique,22,2,1263.19,2576.12,4,Yes
4432,1745,2024-03-09,9,Boutique,12,3,7775.57,24814.07,4,Yes
4433,876,2023-03-13,6,Private Client,24,2,426.87,903.09,5,Yes
4434,942,2025-04-01,5,Boutique,27,1,356.86,341.26,4,Yes
4435,1309,2025-03-26,1,Online,1,1,1844.17,1955.91,3,Yes
4436,572,2024-02-08,1,Boutique,22,3,1263.19,3713.2,3,Yes
4437,54,2023-09-08,6,Boutique,15,1,3992.76,3949.17,3,Yes
4438,605,2025-05-18,5,Boutique,6,3,1450.79,4681.29,3,Yes
4439,325,2025-05-17,6,Online,24,2,426.87,889.24,4,Yes
4440,885,2025-06-14,6,Boutique,17,1,1526.79,1483.18,2,Yes
4441,265,2023-09-13,8,Boutique,21,2,2018.96,4133.49,3,Yes
4442,382,2025-05-22,1,Online,15,1,3992.76,4017.88,3,Yes
4443,1237,2024-05-06,1,Boutique,14,1,4139.23,3885.32,3,Yes
4444,1382,2023-12-02,8,Boutique,19,1,1731.11,1838.51,3,Yes
4445,2106,2024-09-24,5,Online,22,1,1263.19,1328.25,5,Yes
4446,1518,2023-12-28,5,Private Client,9,1,7756.91,8101.58,3,Yes
4447,1534,2025-11-19,1,Boutique,26,1,602.77,608.47,4,Yes
4448,1792,2025-07-07,3,Private Client,3,1,2487.59,2376.48,3,Yes
4449,547,2025-06-12,8,Boutique,25,1,464.55,493.08,4,Yes
4450,871,2024-09-28,1,Boutique,28,1,488.98,477.48,3,Yes
4451,2151,2025-01-16,6,Online,25,2,464.55,857.76,3,Yes
4452,1224,2024-11-13,5,Private Client,15,1,3992.76,4300.54,4,Yes
4453,865,2025-09-29,8,Boutique,17,1,1526.79,1615.02,3,Yes
4454,1966,2025-10-03,1,Boutique,2,2,2881.29,5875.69,2,Yes
4455,398,2024-11-23,5,Boutique,27,3,356.86,987.06,4,No
4456,1762,2023-08-03,5,Boutique,4,1,2247.59,2149.67,4,Yes
4457,392,2023-04-28,7,Online,14,3,4139.23,12322.42,3,Yes
4458,2154,2023-08-15,1,Boutique,11,2,3218.81,6569.55,3,No
4459,1613,2025-06-09,5,Boutique,27,1,356.86,368.75,4,Yes
4460,1078,2024-03-19,1,Online,12,1,7775.57,8134.21,3,Yes
4461,1301,2024-07-02,6,Private Client,23,3,395.7,1197.67,4,Yes
4462,2159,2025-04-08,8,Boutique,16,1,4000.34,4100.31,5,Yes
4463,2123,2023-01-12,3,Online,12,2,7775.57,16325.57,3,Yes
4464,364,2024-05-03,4,Private Client,2,1,2881.29,2982.64,3,Yes
4465,1425,2024-08-01,8,Boutique,7,3,4390.12,14128.77,3,Yes
4466,846,2025-01-11,4,Online,21,2,2018.96,4279.97,4,Yes
4467,1328,2023-06-17,8,Online,26,1,602.77,570.88,3,Yes
4468,392,2025-08-18,7,Boutique,23,2,395.7,848.05,4,Yes
4469,1041,2023-07-19,3,Boutique,28,2,488.98,931.67,4,Yes
4470,2060,2025-05-13,6,Online,25,2,464.55,1002.13,3,Yes
4471,2047,2025-01-23,8,Boutique,25,2,464.55,959.03,4,Yes
4472,146,2025-11-02,1,Boutique,3,1,2487.59,2538.35,3,Yes
4473,1306,2025-02-12,10,Boutique,3,1,2487.59,2417.67,5,Yes
4474,1573,2023-04-07,1,Online,13,1,7115.72,6698.01,2,Yes
4475,2033,2023-03-12,1,Boutique,7,1,4390.12,4127.54,3,Yes
4476,765,2025-09-19,5,Boutique,5,1,1450.83,1535.92,4,Yes
4477,1370,2023-12-23,1,Boutique,21,1,2018.96,1997.14,4,Yes
4478,499,2025-03-22,4,Online,5,1,1450.83,1464.72,4,Yes
4479,1967,2024-06-27,7,Boutique,25,1,464.55,496.65,3,Yes
4480,1166,2023-09-11,6,Boutique,20,1,1505.97,1447.02,3,Yes
4481,1761,2025-09-14,1,Boutique,22,3,1263.19,3949.6,4,Yes
4482,118,2023-01-04,1,Boutique,6,1,1450.79,1443.93,4,Yes
4483,365,2023-05-25,3,Boutique,13,2,7115.72,13577.37,4,Yes
4484,1982,2023-06-14,5,Online,7,1,4390.12,4638.05,3,Yes
4485,136,2023-12-10,5,Online,2,2,2881.29,5928.5,3,Yes
4486,1101,2024-06-03,3,Online,22,1,1263.19,1181.32,3,Yes
4487,1872,2025-07-14,8,Boutique,9,2,7756.91,15617.47,2,Yes
4488,18,2024-08-31,6,Boutique,19,2,1731.11,3657.08,4,Yes
4489,1891,2024-05-26,3,Private Client,2,2,2881.29,5363.29,3,Yes
4490,205,2024-02-13,6,Boutique,13,1,7115.72,7020.4,4,Yes
4491,499,2024-03-11,4,Online,8,2,9400.29,19718.69,4,Yes
4492,595,2024-06-25,3,Private Client,16,2,4000.34,8459.42,3,Yes
4493,562,2024-09-04,1,Online,1,1,1844.17,1925.42,4,Yes
4494,1305,2025-06-18,1,Boutique,11,2,3218.81,6237.5,3,Yes
4495,640,2025-12-22,1,Boutique,8,1,9400.29,9410.71,4,Yes
4496,1927,2025-11-21,10,Boutique,21,2,2018.96,4193.8,4,Yes
4497,315,2024-07-16,1,Online,25,3,464.55,1316.18,3,Yes
4498,901,2024-07-28,6,Online,25,2,464.55,943.22,3,Yes
4499,1751,2025-10-18,2,Online,20,1,1505.97,1559.07,2,Yes
4500,804,2023-12-09,4,Boutique,1,1,1844.17,1947.44,3,Yes
4501,1561,2024-09-04,4,Online,21,2,2018.96,3787.03,3,Yes
4502,1453,2023-05-09,8,Online,7,2,4390.12,8540.96,3,Yes
4503,1244,2025-11-08,8,Boutique,25,1,464.55,467.65,4,Yes
4504,1671,2023-12-23,10,Boutique,26,1,602.77,622.16,4,Yes
4505,2028,2025-08-16,6,Online,25,1,464.55,481.65,3,Yes
4506,1769,2023-03-22,6,Boutique,9,1,7756.91,7450.68,2,No
4507,2001,2024-10-27,2,Boutique,22,1,1263.19,1164.94,4,Yes
4508,1090,2025-02-19,8,Boutique,2,1,2881.29,2970.64,3,Yes
4509,1447,2025-03-01,2,Online,21,1,2018.96,2151.12,5,Yes
4510,2173,2024-05-06,10,Boutique,19,1,1731.11,1813.52,3,Yes
4511,1170,2023-08-13,10,Boutique,28,1,488.98,498.56,4,Yes
4512,615,2025-09-13,1,Online,6,1,1450.79,1561.65,2,Yes
4513,387,2024-02-23,6,Online,27,2,356.86,706.08,2,Yes
4514,1406,2025-02-18,6,Online,5,1,1450.83,1456.64,2,Yes
4515,124,2023-05-17,1,Boutique,13,3,7115.72,19681.35,4,Yes
4516,1814,2023-08-14,4,Boutique,10,1,8420.05,9020.84,4,Yes
4517,1625,2023-11-19,2,Online,27,1,356.86,361.62,4,Yes
4518,1182,2025-03-22,10,Private Client,1,1,1844.17,1811.95,5,Yes
4519,728,2024-03-20,8,Boutique,26,3,602.77,1676.54,4,Yes
4520,1142,2023-01-07,2,Boutique,26,1,602.77,589.5,3,Yes
4521,359,2023-05-08,2,Boutique,28,1,488.98,450.14,4,Yes
4522,443,2023-09-24,1,Online,18,1,1879.61,1826.78,3,Yes
4523,973,2024-11-15,1,Boutique,27,1,356.86,382.64,3,Yes
4524,361,2025-07-16,7,Boutique,21,1,2018.96,1907.28,4,Yes
4525,853,2023-08-02,1,Boutique,14,2,4139.23,8338.61,4,Yes
4526,1625,2023-09-04,2,Boutique,12,1,7775.57,7385.69,3,Yes
4527,1612,2024-02-25,9,Boutique,6,1,1450.79,1516.57,3,Yes
4528,1757,2025-11-30,6,Private Client,14,1,4139.23,4180.55,4,Yes
4529,1024,2024-12-17,5,Online,17,3,1526.79,4362.15,3,Yes
4530,1908,2023-05-23,8,Boutique,7,1,4390.12,4647.37,3,Yes
4531,1931,2023-05-21,6,Boutique,3,1,2487.59,2600.64,3,Yes
4532,241,2024-07-18,3,Boutique,17,1,1526.79,1637.04,3,Yes
4533,666,2023-04-17,1,Online,23,1,395.7,364.08,3,Yes
4534,1166,2023-02-02,6,Boutique,23,1,395.7,392.98,4,Yes
4535,976,2023-04-29,7,Private Client,10,2,8420.05,18186.88,4,Yes
4536,2040,2023-08-17,2,Online,3,3,2487.59,7834.34,4,Yes
4537,2079,2024-11-18,8,Boutique,16,3,4000.34,12637.14,4,Yes
4538,223,2025-04-09,2,Online,6,3,1450.79,4436.72,5,Yes
4539,1828,2025-10-07,2,Online,4,1,2247.59,2324.15,5,Yes
4540,1306,2025-04-29,10,Boutique,20,3,1505.97,4738.62,3,Yes
4541,788,2025-01-02,5,Boutique,9,3,7756.91,21752.66,4,Yes
4542,556,2025-04-24,2,Boutique,7,1,4390.12,4525.39,3,Yes
4543,2110,2023-09-29,7,Boutique,16,1,4000.34,4202.22,3,Yes
4544,847,2024-09-26,1,Boutique,6,1,1450.79,1344.21,3,Yes
4545,1095,2025-10-28,8,Boutique,12,2,7775.57,15046.17,4,Yes
4546,1560,2024-02-07,4,Boutique,25,2,464.55,902.94,3,Yes
4547,140,2025-07-16,1,Boutique,3,1,2487.59,2628.72,5,Yes
4548,1364,2024-09-18,1,Private Client,12,1,7775.57,8124.35,4,Yes
4549,590,2024-09-08,2,Online,20,1,1505.97,1543.66,3,Yes
4550,1750,2025-09-07,4,Online,14,2,4139.23,8682.08,3,Yes
4551,541,2024-06-20,9,Boutique,14,1,4139.23,4108.39,4,No
4552,291,2025-12-12,1,Online,9,1,7756.91,8222.18,5,Yes
4553,2091,2023-09-04,1,Private Client,4,1,2247.59,2152.01,4,Yes
4554,1256,2023-12-03,1,Boutique,23,1,395.7,408.65,5,Yes
4555,1236,2023-02-02,4,Online,25,3,464.55,1336.06,4,Yes
4556,8,2025-03-09,8,Boutique,20,2,1505.97,2790.19,3,Yes
4557,1658,2024-07-01,8,Online,25,1,464.55,448.51,4,Yes
4558,483,2025-06-09,6,Online,15,2,3992.76,7976.46,3,Yes
4559,2090,2024-12-29,6,Private Client,7,1,4390.12,4631.36,3,Yes
4560,333,2023-02-13,3,Boutique,20,2,1505.97,3016.21,4,Yes
4561,1257,2023-10-31,2,Boutique,19,1,1731.11,1642.24,3,Yes
4562,1040,2023-09-26,1,Boutique,6,2,1450.79,3130.35,3,Yes
4563,2117,2024-11-13,5,Boutique,19,1,1731.11,1667.43,3,Yes
4564,2101,2024-02-04,9,Boutique,7,1,4390.12,4731.0,4,Yes
4565,685,2024-08-25,5,Boutique,1,2,1844.17,3945.84,3,Yes
4566,994,2025-07-10,2,Online,7,2,4390.12,8839.86,5,Yes
4567,1798,2025-08-28,5,Boutique,3,2,2487.59,4650.37,4,Yes
4568,1825,2024-03-06,8,Online,25,1,464.55,479.07,3,Yes
4569,1806,2024-02-25,7,Boutique,6,3,1450.79,4593.12,5,Yes
4570,1703,2023-05-11,2,Boutique,23,2,395.7,784.47,3,Yes
4571,63,2024-07-31,1,Online,25,1,464.55,445.15,3,Yes
4572,261,2024-06-23,2,Online,6,2,1450.79,3042.17,3,Yes
4573,858,2023-05-05,1,Boutique,26,1,602.77,607.12,5,Yes
4574,1264,2025-07-22,1,Online,11,1,3218.81,3063.09,3,Yes
4575,1489,2024-08-14,6,Online,2,1,2881.29,3088.53,3,Yes
4576,1131,2024-10-05,8,Online,6,1,1450.79,1554.81,2,Yes
4577,2031,2023-11-24,6,Online,22,1,1263.19,1236.32,3,Yes
4578,180,2025-03-22,6,Boutique,18,2,1879.61,3496.98,3,Yes
4579,355,2023-02-15,6,Private Client,23,2,395.7,807.96,4,Yes
4580,934,2023-03-25,6,Online,14,1,4139.23,4018.18,2,Yes
4581,589,2025-03-04,1,Private Client,12,1,7775.57,7236.08,4,Yes
4582,1761,2023-12-18,1,Online,9,1,7756.91,8243.18,3,Yes
4583,605,2025-11-02,5,Online,13,1,7115.72,7682.83,3,Yes
4584,174,2024-09-28,1,Boutique,26,1,602.77,588.34,4,Yes
4585,354,2023-08-22,6,Boutique,20,1,1505.97,1564.94,3,Yes
4586,1339,2025-12-10,6,Private Client,27,1,356.86,332.07,5,Yes
4587,434,2025-02-19,6,Online,21,2,2018.96,3953.74,3,Yes
4588,259,2024-11-11,4,Boutique,22,2,1263.19,2368.23,4,Yes
4589,868,2025-07-21,1,Boutique,1,1,1844.17,1712.97,5,Yes
4590,2053,2025-05-10,1,Online,8,1,9400.29,9533.84,3,Yes
4591,2004,2023-05-28,6,Boutique,28,1,488.98,512.61,5,Yes
4592,596,2023-10-27,5,Boutique,9,1,7756.91,7698.54,3,Yes
4593,1669,2024-07-02,1,Boutique,17,1,1526.79,1532.7,3,Yes
4594,394,2025-09-04,8,Online,13,1,7115.72,6854.69,3,Yes
4595,336,2024-01-18,5,Boutique,4,3,2247.59,6997.79,3,Yes
4596,2111,2025-03-10,1,Boutique,6,1,1450.79,1418.54,4,Yes
4597,44,2024-06-17,1,Online,13,3,7115.72,19869.93,4,Yes
4598,854,2024-07-23,6,Online,26,1,602.77,570.51,4,Yes
4599,275,2025-07-19,5,Boutique,17,2,1526.79,2872.06,2,Yes
4600,426,2023-08-25,9,Boutique,19,1,1731.11,1713.35,3,Yes
4601,483,2025-08-23,6,Online,23,2,395.7,736.35,2,Yes
4602,214,2024-12-01,10,Online,24,2,426.87,895.61,4,Yes
4603,2127,2025-01-23,1,Boutique,8,2,9400.29,20027.9,4,Yes
4604,139,2024-07-28,2,Boutique,21,1,2018.96,1937.68,4,Yes
4605,950,2025-08-14,1,Online,17,1,1526.79,1523.25,4,Yes
4606,98,2025-10-13,4,Private Client,17,1,1526.79,1531.45,3,Yes
4607,664,2025-02-09,4,Boutique,24,2,426.87,919.99,4,Yes
4608,1074,2023-08-11,10,Boutique,21,1,2018.96,1878.64,4,Yes
4609,479,2024-07-10,9,Boutique,15,1,3992.76,4100.01,3,Yes
4610,2197,2025-06-29,1,Boutique,27,1,356.86,348.05,2,Yes
4611,1082,2023-09-30,1,Boutique,25,2,464.55,929.37,4,Yes
4612,162,2024-03-05,1,Boutique,1,1,1844.17,1760.68,3,Yes
4613,1501,2024-06-06,8,Online,2,1,2881.29,2724.66,4,Yes
4614,1451,2025-08-17,8,Boutique,20,1,1505.97,1444.18,3,Yes
4615,395,2025-06-28,1,Private Client,10,1,8420.05,7842.45,3,Yes
4616,801,2024-03-26,7,Online,27,1,356.86,344.19,3,Yes
4617,186,2025-10-08,1,Online,16,2,4000.34,8244.35,2,Yes
4618,558,2023-02-11,1,Private Client,23,1,395.7,405.29,4,Yes
4619,1981,2023-04-04,1,Online,4,2,2247.59,4534.38,4,Yes
4620,446,2024-04-30,9,Private Client,8,1,9400.29,8648.85,5,Yes
4621,830,2024-05-31,5,Boutique,16,1,4000.34,3760.82,3,Yes
4622,2135,2024-12-17,3,Boutique,7,1,4390.12,4630.96,4,Yes
4623,1273,2024-05-13,1,Boutique,5,2,1450.83,2795.69,4,Yes
4624,1814,2024-01-06,4,Boutique,23,1,395.7,421.8,5,Yes
4625,516,2025-09-07,6,Boutique,8,1,9400.29,9963.62,3,Yes
4626,1601,2024-11-29,1,Online,3,2,2487.59,4700.49,3,Yes
4627,947,2024-04-29,1,Boutique,3,2,2487.59,5292.12,4,Yes
4628,1226,2024-10-26,1,Online,18,3,1879.61,5754.16,3,Yes
4629,1599,2024-09-19,1,Boutique,4,1,2247.59,2294.44,4,Yes
4630,1679,2025-01-01,6,Online,27,2,356.86,753.99,3,Yes
4631,756,2023-07-11,3,Boutique,4,1,2247.59,2213.45,4,Yes
4632,325,2025-04-15,6,Private Client,15,1,3992.76,4143.06,4,Yes
4633,687,2025-12-06,3,Boutique,15,1,3992.76,4099.93,4,Yes
4634,1499,2023-05-07,2,Private Client,4,2,2247.59,4690.46,4,Yes
4635,1689,2024-12-27,1,Boutique,2,1,2881.29,2955.14,5,Yes
4636,2000,2025-10-27,10,Online,23,1,395.7,369.11,4,Yes
4637,868,2024-11-26,1,Boutique,26,1,602.77,582.78,4,Yes
4638,217,2024-07-17,1,Online,3,1,2487.59,2662.68,4,Yes
4639,1001,2024-01-01,2,Online,28,2,488.98,934.68,5,Yes
4640,1989,2025-12-05,3,Online,10,3,8420.05,25148.04,5,Yes
4641,932,2024-01-28,7,Boutique,1,2,1844.17,3603.91,3,Yes
4642,2013,2025-08-11,8,Online,18,1,1879.61,1755.19,3,Yes
4643,240,2023-01-23,6,Boutique,5,2,1450.83,2753.65,4,Yes
4644,1210,2024-03-20,5,Boutique,9,1,7756.91,7492.14,2,Yes
4645,48,2025-02-15,6,Boutique,20,1,1505.97,1497.13,3,Yes
4646,1249,2024-12-08,1,Boutique,6,1,1450.79,1537.73,3,Yes
4647,1168,2024-03-08,8,Online,19,1,1731.11,1735.44,4,Yes
4648,875,2024-04-17,1,Boutique,9,1,7756.91,7945.44,4,Yes
4649,1898,2023-02-17,1,Boutique,18,1,1879.61,1857.34,2,Yes
4650,2180,2023-09-20,8,Online,24,2,426.87,904.29,3,Yes
4651,625,2025-11-20,6,Private Client,15,1,3992.76,4096.65,4,Yes
4652,1860,2023-12-24,1,Online,15,2,3992.76,7462.48,2,Yes
4653,1971,2024-07-21,1,Online,27,2,356.86,711.15,4,Yes
4654,601,2024-04-24,1,Boutique,14,1,4139.23,4355.95,3,Yes
4655,1944,2025-05-16,8,Online,3,1,2487.59,2580.59,2,Yes
4656,1817,2025-10-25,10,Private Client,8,1,9400.29,10009.9,4,Yes
4657,2084,2024-12-08,1,Boutique,19,2,1731.11,3311.36,3,Yes
4658,1649,2024-03-01,1,Boutique,11,1,3218.81,3464.56,4,Yes
4659,1828,2025-11-16,2,Online,28,2,488.98,944.33,4,Yes
4660,223,2023-05-07,2,Private Client,28,1,488.98,453.79,4,Yes
4661,1747,2023-05-15,8,Boutique,4,1,2247.59,2246.03,4,Yes
4662,530,2023-11-27,1,Boutique,15,1,3992.76,3743.83,3,Yes
4663,134,2024-01-27,6,Online,24,1,426.87,439.25,3,Yes
4664,391,2023-01-08,6,Boutique,10,1,8420.05,8959.68,3,Yes
4665,102,2024-09-04,5,Boutique,20,1,1505.97,1607.49,4,Yes
4666,2041,2024-08-20,1,Online,11,1,3218.81,3273.94,4,Yes
4667,2001,2024-01-21,2,Boutique,25,1,464.55,467.17,4,Yes
4668,949,2024-04-16,6,Boutique,9,1,7756.91,8370.01,3,Yes
4669,1569,2023-06-28,2,Private Client,22,1,1263.19,1279.24,3,Yes
4670,841,2024-03-25,8,Online,17,2,1526.79,3262.42,5,Yes
4671,2054,2025-03-25,1,Online,9,2,7756.91,16547.9,3,Yes
4672,194,2023-12-24,6,Online,25,1,464.55,448.9,2,Yes
4673,742,2024-01-11,8,Online,23,1,395.7,364.91,4,Yes
4674,473,2024-12-02,6,Online,9,3,7756.91,23044.23,3,Yes
4675,38,2025-04-17,5,Boutique,24,1,426.87,451.55,4,Yes
4676,1699,2024-06-21,5,Online,25,1,464.55,489.53,4,Yes
4677,471,2025-02-20,10,Online,9,3,7756.91,23656.72,5,Yes
4678,1514,2023-03-23,1,Online,23,2,395.7,747.92,3,Yes
4679,1013,2023-07-04,5,Boutique,22,1,1263.19,1183.88,4,Yes
4680,1784,2023-10-15,7,Boutique,2,1,2881.29,3090.9,4,Yes
4681,1967,2025-12-21,7,Boutique,13,1,7115.72,7026.23,4,Yes
4682,103,2025-06-01,4,Online,23,3,395.7,1215.24,3,Yes
4683,1735,2024-05-21,1,Private Client,1,1,1844.17,1963.93,3,Yes
4684,1736,2023-01-30,5,Private Client,6,1,1450.79,1536.65,5,Yes
4685,42,2025-07-24,10,Boutique,6,2,1450.79,2932.64,3,Yes
4686,2114,2023-01-31,5,Boutique,16,3,4000.34,11977.8,3,Yes
4687,193,2023-03-27,6,Boutique,12,1,7775.57,8068.25,5,Yes
4688,1062,2023-01-28,1,Boutique,15,1,3992.76,3896.71,3,Yes
4689,1677,2023-05-02,4,Online,7,1,4390.12,4478.2,3,Yes
4690,326,2024-07-26,1,Private Client,2,1,2881.29,2661.46,4,Yes
4691,1121,2024-02-07,8,Boutique,12,1,7775.57,8179.04,5,Yes
4692,108,2024-11-13,2,Boutique,20,1,1505.97,1625.97,4,Yes
4693,2199,2023-09-29,2,Boutique,2,1,2881.29,3090.91,3,Yes
4694,1098,2025-04-16,6,Boutique,4,1,2247.59,2197.21,3,Yes
4695,335,2023-04-23,4,Online,3,1,2487.59,2499.97,4,Yes
4696,1943,2023-01-19,1,Online,2,2,2881.29,5519.37,4,Yes
4697,2040,2024-08-27,2,Online,18,2,1879.61,3640.72,3,Yes
4698,804,2024-04-09,4,Online,3,1,2487.59,2470.61,4,Yes
4699,1849,2024-11-21,6,Boutique,10,3,8420.05,26258.76,5,Yes
4700,767,2025-10-07,1,Boutique,12,1,7775.57,7175.77,1,Yes
4701,1278,2025-10-10,8,Boutique,4,2,2247.59,4418.78,4,Yes
4702,1409,2023-06-12,2,Online,23,1,395.7,399.28,5,Yes
4703,1489,2024-11-29,6,Online,20,1,1505.97,1437.34,2,Yes
4704,34,2023-10-22,2,Online,27,3,356.86,998.38,3,Yes
4705,837,2024-08-01,4,Boutique,7,1,4390.12,4417.92,3,Yes
4706,2025,2024-12-01,1,Online,20,1,1505.97,1539.18,3,Yes
4707,1640,2023-10-29,9,Boutique,19,1,1731.11,1770.16,3,Yes
4708,739,2023-05-04,7,Boutique,8,2,9400.29,18369.17,3,Yes
4709,1490,2024-10-30,9,Boutique,3,2,2487.59,4766.11,4,Yes
4710,1328,2023-07-14,8,Boutique,27,3,356.86,1022.68,4,Yes
4711,1886,2025-04-21,3,Online,15,1,3992.76,3699.23,5,Yes
4712,117,2023-12-17,2,Online,8,1,9400.29,8926.04,4,Yes
4713,1505,2024-05-03,6,Boutique,18,1,1879.61,1975.43,4,Yes
4714,2034,2023-07-19,5,Boutique,14,3,4139.23,11430.34,4,Yes
4715,1700,2025-06-02,10,Boutique,19,1,1731.11,1604.78,3,Yes
4716,1924,2024-05-22,1,Boutique,4,2,2247.59,4226.92,4,Yes
4717,1611,2025-06-16,10,Boutique,3,2,2487.59,4911.69,4,No
4718,1308,2024-03-21,6,Online,22,2,1263.19,2459.17,3,Yes
4719,976,2023-03-21,7,Boutique,9,1,7756.91,7357.07,3,Yes
4720,2057,2025-01-14,5,Online,10,2,8420.05,15791.84,4,Yes
4721,715,2024-11-28,7,Boutique,8,1,9400.29,10060.36,4,Yes
4722,1926,2025-07-19,7,Boutique,20,2,1505.97,3210.13,4,Yes
4723,844,2024-10-15,2,Boutique,2,1,2881.29,3006.64,3,Yes
4724,360,2025-06-20,1,Online,26,1,602.77,578.85,3,Yes
4725,485,2023-09-29,9,Boutique,1,1,1844.17,1792.15,3,Yes
4726,1429,2023-05-04,6,Boutique,27,2,356.86,732.66,4,Yes
4727,2081,2024-11-16,2,Private Client,4,3,2247.59,6518.05,4,Yes
4728,1489,2024-10-13,6,Boutique,16,1,4000.34,4019.94,3,Yes
4729,696,2023-10-24,7,Private Client,5,1,1450.83,1485.95,4,Yes
4730,565,2025-02-25,1,Boutique,18,1,1879.61,1885.38,3,Yes
4731,1832,2024-09-12,6,Online,14,2,4139.23,8163.6,2,Yes
4732,202,2025-08-30,6,Boutique,13,1,7115.72,6942.55,3,Yes
4733,1199,2025-05-30,3,Boutique,16,1,4000.34,4178.12,5,Yes
4734,1268,2023-12-17,1,Boutique,15,1,3992.76,4145.44,3,Yes
4735,1470,2023-09-12,4,Boutique,19,1,1731.11,1785.46,3,Yes
4736,74,2024-11-09,6,Online,4,1,2247.59,2202.52,4,Yes
4737,96,2023-01-29,1,Private Client,19,1,1731.11,1807.48,4,Yes
4738,1897,2024-04-11,8,Boutique,24,3,426.87,1374.39,4,Yes
4739,173,2025-11-24,6,Boutique,13,2,7115.72,14661.75,4,Yes
4740,1923,2025-01-18,1,Boutique,11,1,3218.81,3171.38,4,Yes
4741,258,2024-08-24,1,Online,28,2,488.98,1024.35,3,Yes
4742,330,2025-01-09,6,Boutique,18,2,1879.61,3824.96,4,Yes
4743,1255,2025-07-19,6,Boutique,25,2,464.55,985.24,4,Yes
4744,161,2025-12-27,5,Online,11,3,3218.81,9985.8,4,Yes
4745,186,2023-05-11,1,Boutique,22,2,1263.19,2635.49,3,Yes
4746,143,2023-04-21,6,Boutique,1,1,1844.17,1893.58,3,Yes
4747,640,2024-06-07,1,Boutique,15,3,3992.76,11196.38,3,Yes
4748,2075,2024-11-17,1,Online,24,1,426.87,425.85,3,Yes
4749,202,2025-04-10,6,Boutique,10,2,8420.05,15645.1,4,Yes
4750,1615,2024-10-27,5,Online,22,1,1263.19,1252.59,4,Yes
4751,472,2025-12-02,10,Boutique,4,3,2247.59,6976.26,3,Yes
4752,2103,2025-05-24,1,Boutique,6,2,1450.79,2865.02,3,Yes
4753,911,2023-10-12,1,Online,2,1,2881.29,2651.54,3,No
4754,1572,2025-04-02,9,Boutique,17,1,1526.79,1494.86,2,Yes
4755,1030,2024-07-17,4,Boutique,12,2,7775.57,14475.65,3,Yes
4756,1074,2023-01-19,10,Boutique,22,2,1263.19,2639.8,3,Yes
4757,2160,2024-06-30,7,Boutique,24,2,426.87,892.5,4,Yes
4758,2194,2023-02-17,5,Online,5,1,1450.83,1521.95,3,Yes
4759,230,2023-08-07,6,Boutique,24,1,426.87,394.79,3,Yes
4760,1747,2025-02-04,8,Online,19,3,1731.11,4804.68,3,Yes
4761,1330,2023-01-31,4,Online,6,1,1450.79,1544.44,3,No
4762,461,2023-09-16,10,Online,17,1,1526.79,1434.86,4,Yes
4763,807,2023-11-04,5,Online,19,1,1731.11,1778.22,2,Yes
4764,1932,2025-12-30,8,Online,20,2,1505.97,3154.32,3,Yes
4765,59,2023-11-03,6,Boutique,21,1,2018.96,2002.12,5,Yes
4766,1100,2024-07-21,4,Boutique,3,1,2487.59,2506.09,4,Yes
4767,728,2023-01-21,8,Boutique,8,3,9400.29,26970.77,5,Yes
4768,1156,2025-10-26,9,Online,5,1,1450.83,1549.16,4,Yes
4769,498,2023-08-19,4,Online,23,1,395.7,383.15,5,Yes
4770,910,2023-03-23,9,Boutique,5,1,1450.83,1385.32,2,Yes
4771,1329,2025-08-15,9,Online,24,2,426.87,857.21,4,Yes
4772,2115,2023-08-05,6,Online,17,1,1526.79,1451.19,2,Yes
4773,230,2023-12-01,6,Boutique,19,1,1731.11,1782.82,4,Yes
4774,333,2024-07-12,3,Boutique,19,1,1731.11,1735.3,4,Yes
4775,1897,2025-05-13,8,Boutique,26,1,602.77,568.8,4,Yes
4776,1608,2025-05-23,1,Online,10,2,8420.05,15674.08,2,Yes
4777,721,2025-01-22,9,Boutique,3,1,2487.59,2343.09,2,Yes
4778,2192,2024-08-16,1,Boutique,22,1,1263.19,1189.75,4,Yes
4779,1275,2024-12-04,1,Private Client,25,1,464.55,450.64,4,Yes
4780,691,2025-07-13,1,Online,13,2,7115.72,14990.31,3,Yes
4781,57,2024-07-06,2,Boutique,16,2,4000.34,7433.97,3,Yes
4782,1486,2025-02-21,1,Boutique,12,2,7775.57,14625.76,1,Yes
4783,750,2023-03-28,6,Boutique,22,1,1263.19,1223.35,4,Yes
4784,678,2024-05-27,10,Private Client,21,2,2018.96,4072.38,3,Yes
4785,560,2025-09-10,1,Private Client,28,1,488.98,509.55,3,Yes
4786,1663,2025-10-05,1,Online,17,1,1526.79,1629.68,3,Yes
4787,1705,2024-08-09,5,Boutique,2,2,2881.29,5681.52,5,Yes
4788,1979,2024-05-12,4,Boutique,16,2,4000.34,7496.11,3,Yes
4789,349,2025-06-25,8,Boutique,11,1,3218.81,3071.27,3,Yes
4790,1091,2025-08-13,2,Boutique,1,1,1844.17,1781.39,5,Yes
4791,1179,2025-01-12,6,Boutique,12,1,7775.57,8131.5,3,Yes
4792,1720,2024-03-24,2,Online,6,1,1450.79,1494.11,3,Yes
4793,2193,2024-08-10,6,Boutique,19,1,1731.11,1650.51,4,Yes
4794,886,2023-09-17,4,Boutique,28,1,488.98,515.48,3,Yes
4795,865,2024-04-07,8,Online,5,1,1450.83,1534.2,4,Yes
4796,786,2023-04-04,9,Boutique,22,2,1263.19,2680.97,3,Yes
4797,457,2025-10-17,6,Online,21,3,2018.96,5838.84,4,Yes
4798,345,2023-12-21,1,Boutique,3,1,2487.59,2341.81,3,No
4799,554,2024-04-13,10,Boutique,18,1,1879.61,1760.51,4,Yes
4800,1021,2023-04-05,8,Boutique,18,1,1879.61,1849.56,4,Yes
4801,788,2025-05-17,5,Private Client,12,2,7775.57,15375.29,4,Yes
4802,1820,2023-04-01,1,Online,18,3,1879.61,5971.03,4,Yes
4803,705,2025-12-03,6,Boutique,10,1,8420.05,8107.17,3,Yes
4804,1128,2025-08-12,7,Boutique,4,1,2247.59,2293.22,2,Yes
4805,812,2024-01-19,6,Online,20,2,1505.97,3150.83,4,Yes
4806,953,2023-01-23,3,Boutique,28,1,488.98,470.92,4,Yes
4807,815,2023-01-23,1,Private Client,19,2,1731.11,3333.23,3,Yes
4808,1549,2023-11-07,1,Private Client,24,2,426.87,876.85,3,Yes
4809,144,2024-07-28,1,Online,4,1,2247.59,2328.91,3,Yes
4810,863,2023-04-13,6,Private Client,24,3,426.87,1374.81,5,Yes
4811,1217,2024-05-14,7,Boutique,11,1,3218.81,3399.03,5,Yes
4812,1808,2025-04-07,6,Boutique,3,1,2487.59,2615.77,5,Yes
4813,375,2023-07-08,5,Boutique,27,2,356.86,735.68,4,Yes
4814,677,2024-04-04,1,Boutique,15,1,3992.76,3749.03,4,Yes
4815,1290,2023-07-08,7,Private Client,16,2,4000.34,8396.54,4,Yes
4816,556,2023-12-17,2,Boutique,12,1,7775.57,8317.15,3,Yes
4817,863,2024-08-03,6,Online,18,1,1879.61,1846.74,4,Yes
4818,2122,2023-04-24,8,Online,24,1,426.87,414.14,5,Yes
4819,881,2023-04-14,2,Boutique,6,1,1450.79,1456.01,3,Yes
4820,1843,2024-09-11,8,Boutique,15,2,3992.76,8568.73,4,Yes
4821,966,2025-11-10,6,Boutique,2,1,2881.29,2674.22,4,Yes
4822,476,2024-01-22,8,Boutique,23,1,395.7,408.92,4,Yes
4823,1339,2025-08-01,6,Boutique,12,2,7775.57,16334.09,2,Yes
4824,525,2025-05-04,6,Boutique,10,1,8420.05,8809.06,5,Yes
4825,1449,2024-04-27,8,Online,23,1,395.7,399.93,4,Yes
4826,562,2024-04-17,1,Online,4,2,2247.59,4797.66,5,Yes
4827,569,2025-05-08,6,Boutique,8,1,9400.29,8850.6,3,Yes
4828,1206,2025-07-30,1,Boutique,15,2,3992.76,7659.9,3,Yes
4829,106,2024-01-28,3,Online,19,2,1731.11,3355.28,3,Yes
4830,1161,2024-05-30,2,Boutique,16,1,4000.34,3685.87,3,Yes
4831,700,2023-12-12,8,Boutique,13,3,7115.72,20905.42,3,Yes
4832,1144,2024-06-24,10,Online,25,1,464.55,439.33,5,Yes
4833,72,2023-02-16,1,Private Client,15,1,3992.76,4136.26,4,Yes
4834,755,2023-12-09,2,Private Client,14,1,4139.23,4082.91,3,Yes
4835,905,2024-06-26,10,Boutique,15,1,3992.76,4123.38,3,Yes
4836,52,2025-03-29,1,Boutique,12,1,7775.57,7518.86,5,Yes
4837,1004,2025-11-25,6,Boutique,11,1,3218.81,3029.24,3,Yes
4838,1288,2025-01-26,6,Private Client,21,1,2018.96,1900.08,4,Yes
4839,1263,2023-12-17,3,Boutique,3,1,2487.59,2369.48,2,Yes
4840,685,2023-07-07,5,Boutique,25,1,464.55,435.95,3,Yes
4841,1773,2023-11-30,10,Private Client,14,2,4139.23,7908.31,3,Yes
4842,1631,2024-04-27,3,Private Client,2,1,2881.29,2917.73,4,Yes
4843,2105,2024-10-28,6,Online,18,2,1879.61,3612.66,4,Yes
4844,950,2023-10-23,1,Boutique,3,2,2487.59,4850.16,5,Yes
4845,1674,2023-02-14,4,Boutique,9,1,7756.91,7201.81,2,Yes
4846,1426,2024-05-09,6,Online,11,2,3218.81,6841.6,3,Yes
4847,1585,2023-06-24,5,Boutique,26,1,602.77,567.87,3,Yes
4848,1047,2025-09-30,10,Boutique,3,2,2487.59,4854.71,4,Yes
4849,1291,2023-02-25,1,Boutique,5,3,1450.83,4268.56,3,Yes
4850,2166,2023-12-07,6,Online,9,1,7756.91,8094.65,4,Yes
4851,1624,2023-08-02,2,Boutique,10,2,8420.05,16795.76,5,Yes
4852,1177,2025-01-27,5,Online,6,3,1450.79,4270.86,2,Yes
4853,2161,2024-07-03,8,Boutique,6,1,1450.79,1496.26,4,Yes
4854,1032,2024-05-11,6,Boutique,11,1,3218.81,3268.77,3,Yes
4855,431,2023-06-22,1,Private Client,17,1,1526.79,1423.73,5,Yes
4856,1316,2023-04-15,6,Boutique,27,2,356.86,692.33,3,Yes
4857,893,2024-04-23,8,Online,2,1,2881.29,3101.93,4,Yes
4858,1074,2024-03-09,10,Boutique,9,1,7756.91,7736.23,4,Yes
4859,107,2024-10-03,10,Boutique,24,2,426.87,843.38,4,Yes
4860,745,2024-11-23,1,Online,18,1,1879.61,1774.33,2,Yes
4861,1480,2025-09-17,5,Online,5,1,1450.83,1529.54,3,Yes
4862,622,2025-07-10,5,Online,21,1,2018.96,1900.51,4,Yes
4863,995,2023-07-13,9,Boutique,6,1,1450.79,1359.12,4,Yes
4864,145,2025-04-22,5,Boutique,4,2,2247.59,4451.31,2,Yes
4865,821,2025-03-11,5,Private Client,9,1,7756.91,7678.28,4,Yes
4866,412,2023-02-28,1,Boutique,5,3,1450.83,4687.78,4,Yes
4867,114,2024-04-22,2,Online,4,1,2247.59,2113.65,4,Yes
4868,124,2024-06-16,1,Boutique,9,1,7756.91,7736.84,4,Yes
4869,86,2024-08-14,8,Private Client,18,2,1879.61,3579.53,5,Yes
4870,47,2025-04-18,6,Private Client,27,3,356.86,1105.14,5,Yes
4871,1900,2024-07-02,5,Boutique,11,1,3218.81,3163.03,4,Yes
4872,1573,2025-11-03,1,Online,16,2,4000.34,8190.74,2,Yes
4873,1739,2023-08-09,7,Boutique,2,1,2881.29,2806.8,3,Yes
4874,2006,2025-05-25,10,Boutique,16,3,4000.34,12124.96,3,Yes
4875,804,2024-11-08,4,Boutique,19,1,1731.11,1722.56,4,Yes
4876,1990,2024-10-23,9,Boutique,10,2,8420.05,16501.59,3,Yes
4877,1070,2024-11-14,1,Boutique,4,3,2247.59,6783.25,4,Yes
4878,1192,2023-12-02,2,Boutique,12,1,7775.57,7631.0,2,Yes
4879,46,2023-08-13,8,Boutique,26,2,602.77,1264.57,4,Yes
4880,540,2025-05-20,4,Boutique,9,1,7756.91,7751.0,4,Yes
4881,87,2023-02-04,6,Boutique,13,1,7115.72,7574.69,3,Yes
4882,1409,2023-07-07,2,Boutique,5,1,1450.83,1386.48,4,Yes
4883,265,2024-10-04,8,Online,2,1,2881.29,2702.48,3,Yes
4884,703,2025-08-20,1,Online,3,1,2487.59,2440.21,3,Yes
4885,1474,2025-08-25,5,Private Client,8,3,9400.29,26773.5,3,Yes
4886,186,2024-05-08,1,Boutique,6,1,1450.79,1425.98,3,Yes
4887,326,2023-11-07,1,Boutique,5,2,1450.83,2765.82,3,Yes
4888,1207,2024-06-04,6,Online,4,2,2247.59,4760.01,4,Yes
4889,397,2024-01-04,1,Online,20,1,1505.97,1522.33,4,Yes
4890,1505,2025-01-15,6,Boutique,16,2,4000.34,7997.59,4,Yes
4891,1427,2023-01-31,1,Online,8,1,9400.29,9833.07,4,Yes
4892,1441,2025-09-24,8,Boutique,12,1,7775.57,7315.71,3,Yes
4893,1089,2024-05-11,1,Boutique,22,1,1263.19,1335.35,4,Yes
4894,956,2025-08-21,1,Online,5,1,1450.83,1446.95,3,Yes
4895,555,2023-10-25,5,Boutique,5,2,1450.83,2732.87,2,Yes
4896,1041,2024-07-30,3,Boutique,22,1,1263.19,1327.75,4,Yes
4897,44,2023-02-23,1,Boutique,13,3,7115.72,21213.19,3,Yes
4898,901,2023-08-17,6,Boutique,11,1,3218.81,3272.68,2,Yes
4899,1724,2025-02-17,1,Online,11,3,3218.81,10264.57,4,Yes
4900,482,2025-09-11,6,Boutique,19,1,1731.11,1839.32,2,Yes
4901,2037,2024-01-08,1,Private Client,7,1,4390.12,4666.04,4,Yes
4902,1287,2024-04-13,4,Online,17,1,1526.79,1506.49,3,Yes
4903,1198,2024-02-24,6,Boutique,5,1,1450.83,1508.77,3,Yes
4904,1465,2024-06-15,1,Boutique,6,2,1450.79,2777.75,3,Yes
4905,566,2025-09-14,3,Boutique,18,3,1879.61,5937.62,4,Yes
4906,772,2024-07-15,9,Online,18,2,1879.61,3664.02,2,Yes
4907,1219,2023-03-31,1,Boutique,9,1,7756.91,7712.12,2,Yes
4908,471,2024-01-04,10,Boutique,18,1,1879.61,1997.32,3,Yes
4909,1371,2023-01-15,6,Boutique,19,1,1731.11,1815.79,4,Yes
4910,672,2023-12-10,5,Online,17,2,1526.79,3274.66,2,Yes
4911,1175,2025-11-25,1,Online,9,2,7756.91,15174.93,2,Yes
4912,111,2025-07-05,3,Online,1,1,1844.17,1741.22,3,Yes
4913,1027,2023-07-24,10,Online,20,3,1505.97,4814.58,5,Yes
4914,344,2025-02-14,1,Boutique,23,1,395.7,395.27,5,Yes
4915,1473,2025-12-16,5,Online,18,1,1879.61,1996.72,3,Yes
4916,2131,2024-11-16,4,Boutique,24,1,426.87,442.72,3,Yes
4917,777,2024-12-18,4,Boutique,13,1,7115.72,7542.44,3,Yes
4918,1404,2023-08-13,5,Online,8,2,9400.29,19266.0,2,Yes
4919,658,2023-03-05,6,Boutique,28,2,488.98,1026.84,4,Yes
4920,1834,2025-08-05,6,Boutique,14,2,4139.23,7775.57,3,Yes
4921,1833,2025-08-18,7,Online,3,2,2487.59,5347.96,3,Yes
4922,454,2023-11-16,6,Boutique,4,1,2247.59,2132.87,3,Yes
4923,741,2023-12-23,3,Boutique,11,2,3218.81,5947.85,5,Yes
4924,1770,2023-04-03,1,Private Client,7,1,4390.12,4411.76,4,Yes
4925,1444,2024-11-25,7,Boutique,21,2,2018.96,4174.83,3,Yes
4926,1749,2024-03-09,6,Online,5,3,1450.83,4503.2,5,Yes
4927,824,2025-04-20,7,Online,2,1,2881.29,2807.18,2,Yes
4928,145,2025-10-20,5,Boutique,6,1,1450.79,1509.71,3,Yes
4929,2007,2025-06-16,6,Boutique,20,2,1505.97,3177.02,3,Yes
4930,1068,2025-06-02,1,Online,5,3,1450.83,4429.1,3,Yes
4931,1787,2025-02-16,1,Online,15,1,3992.76,3919.93,3,Yes
4932,1410,2024-05-06,6,Boutique,11,3,3218.81,9831.91,3,Yes
4933,1763,2025-12-19,1,Boutique,5,1,1450.83,1534.92,3,Yes
4934,910,2025-03-23,9,Boutique,18,1,1879.61,2000.05,3,Yes
4935,761,2024-01-27,4,Online,8,2,9400.29,17391.34,4,Yes
4936,1517,2023-01-21,10,Boutique,11,2,3218.81,6048.68,5,Yes
4937,531,2024-05-27,7,Private Client,17,3,1526.79,4217.25,4,Yes
4938,1360,2025-06-26,1,Private Client,14,2,4139.23,8268.45,3,Yes
4939,2028,2024-12-15,6,Online,2,2,2881.29,5703.93,2,Yes
4940,2178,2025-08-01,9,Online,7,1,4390.12,4422.29,5,Yes
4941,1008,2023-12-16,6,Boutique,23,1,395.7,407.33,3,Yes
4942,1538,2024-06-29,4,Boutique,18,2,1879.61,3678.49,4,Yes
4943,1274,2024-08-21,9,Boutique,1,3,1844.17,5274.54,5,Yes
4944,947,2023-02-01,1,Boutique,15,3,3992.76,11776.7,4,Yes
4945,1162,2023-09-16,6,Boutique,26,3,602.77,1666.25,4,Yes
4946,1299,2024-04-20,1,Online,1,2,1844.17,3882.76,2,No
4947,1002,2025-04-04,8,Boutique,17,2,1526.79,2996.77,5,Yes
4948,2189,2025-08-29,8,Online,22,3,1263.19,3864.02,3,Yes
4949,1968,2025-07-08,6,Boutique,26,1,602.77,585.87,3,Yes
4950,882,2023-02-02,3,Boutique,28,1,488.98,497.96,4,Yes
4951,1848,2025-06-17,5,Boutique,7,3,4390.12,13255.57,5,Yes
4952,1976,2024-01-23,1,Private Client,16,1,4000.34,3813.8,5,Yes
4953,1631,2025-03-08,3,Online,2,2,2881.29,5878.13,2,Yes
4954,173,2024-03-31,6,Boutique,15,1,3992.76,3743.37,5,Yes
4955,473,2023-08-12,6,Boutique,22,2,1263.19,2518.73,3,Yes
4956,1447,2023-08-05,2,Private Client,20,1,1505.97,1558.95,5,Yes
4957,498,2023-06-05,4,Boutique,25,1,464.55,468.2,5,Yes
4958,989,2025-02-27,1,Boutique,11,2,3218.81,6691.28,4,Yes
4959,1606,2023-02-05,8,Boutique,24,1,426.87,411.38,4,Yes
4960,419,2024-09-27,10,Boutique,24,1,426.87,396.05,2,Yes
4961,1371,2023-01-09,6,Boutique,2,1,2881.29,2676.59,3,Yes
4962,714,2025-11-29,2,Boutique,11,2,3218.81,6199.4,2,Yes
4963,179,2023-06-28,1,Online,21,1,2018.96,1989.13,3,Yes
4964,2105,2025-08-16,6,Boutique,16,1,4000.34,4024.35,3,Yes
4965,1930,2024-05-15,4,Online,2,2,2881.29,6000.15,3,Yes
4966,946,2024-01-08,1,Boutique,19,1,1731.11,1825.17,3,Yes
4967,2019,2025-12-27,1,Boutique,16,1,4000.34,4124.31,3,Yes
4968,739,2025-08-27,7,Boutique,8,1,9400.29,9344.95,3,Yes
4969,1957,2024-05-29,1,Online,21,1,2018.96,1942.88,4,Yes
4970,112,2023-12-30,10,Boutique,20,2,1505.97,2977.15,4,Yes
4971,715,2025-02-15,7,Boutique,5,1,1450.83,1398.23,3,Yes
4972,1402,2025-02-12,8,Online,8,2,9400.29,19174.98,4,Yes
4973,1939,2023-11-25,1,Online,26,1,602.77,633.46,4,Yes
4974,1382,2025-03-04,8,Boutique,14,1,4139.23,4151.28,4,Yes
4975,813,2025-08-19,1,Boutique,14,3,4139.23,11515.35,2,Yes
4976,1209,2024-01-05,8,Boutique,23,1,395.7,423.54,4,Yes
4977,37,2024-08-19,2,Online,22,2,1263.19,2443.23,3,Yes
4978,1829,2024-07-24,7,Boutique,18,1,1879.61,2004.27,2,Yes
4979,1252,2025-11-27,5,Online,26,2,602.77,1265.93,5,Yes
4980,810,2024-01-12,3,Online,5,1,1450.83,1430.66,3,Yes
4981,23,2023-04-10,10,Online,10,2,8420.05,15645.68,5,Yes
4982,1527,2025-03-26,1,Boutique,15,3,3992.76,12836.32,4,Yes
4983,796,2023-04-28,3,Boutique,13,1,7115.72,7296.81,4,Yes
4984,496,2024-02-25,8,Online,9,1,7756.91,7446.2,4,Yes
4985,900,2024-06-24,5,Boutique,25,1,464.55,467.04,4,Yes
4986,425,2025-07-18,4,Boutique,9,1,7756.91,7924.92,2,Yes
4987,2066,2024-11-29,5,Boutique,19,1,1731.11,1655.4,3,Yes
4988,1983,2023-04-23,1,Private Client,25,1,464.55,434.34,4,Yes
4989,1469,2024-01-08,6,Boutique,9,1,7756.91,7468.31,3,Yes
4990,1234,2023-10-26,8,Boutique,5,1,1450.83,1345.81,4,No
4991,1798,2025-11-08,5,Online,6,1,1450.79,1350.97,4,Yes
4992,565,2025-02-14,1,Boutique,23,2,395.7,747.92,4,Yes
4993,1305,2024-11-01,1,Private Client,10,1,8420.05,7959.85,4,Yes
4994,1857,2023-01-11,1,Boutique,26,1,602.77,578.46,4,Yes
4995,133,2023-01-08,3,Online,10,1,8420.05,9009.36,3,Yes
4996,449,2024-04-05,1,Boutique,6,2,1450.79,2936.78,2,Yes
4997,1831,2023-09-12,8,Online,21,3,2018.96,5981.78,3,Yes
4998,2159,2024-08-08,8,Private Client,1,2,1844.17,3725.99,3,Yes
4999,850,2023-12-28,6,Online,20,1,1505.97,1386.87,3,Yes
5000,1262,2025-09-29,1,Online,13,1,7115.72,7565.15,3,Yes
5001,1481,2025-02-26,6,Boutique,8,2,9400.29,18897.78,4,Yes
5002,901,2023-07-28,6,Private Client,24,2,426.87,847.14,3,Yes
5003,759,2023-09-24,6,Online,28,2,488.98,1047.06,4,Yes
5004,1540,2024-10-17,1,Online,13,2,7115.72,14756.09,3,Yes
5005,1900,2025-09-23,5,Online,6,1,1450.79,1413.05,4,Yes
5006,862,2024-07-07,1,Boutique,19,3,1731.11,5555.75,2,Yes
5007,1848,2025-01-05,5,Online,12,1,7775.57,8213.49,4,Yes
5008,515,2024-02-25,1,Boutique,15,2,3992.76,8566.27,5,Yes
5009,968,2023-11-04,1,Online,8,3,9400.29,26378.98,4,Yes
5010,1592,2023-05-17,7,Boutique,23,3,395.7,1273.57,4,Yes
5011,84,2023-07-14,1,Boutique,11,2,3218.81,6481.79,4,Yes
5012,798,2025-11-14,9,Private Client,9,1,7756.91,7970.65,4,Yes
5013,2128,2024-08-28,1,Private Client,19,1,1731.11,1651.41,4,Yes
5014,1602,2025-10-10,4,Private Client,11,1,3218.81,3033.61,5,Yes
5015,522,2025-05-11,7,Online,6,1,1450.79,1353.15,3,Yes
5016,1223,2023-08-09,8,Online,15,1,3992.76,3943.13,4,Yes
5017,1595,2023-10-24,6,Online,17,1,1526.79,1458.72,3,Yes
5018,234,2025-10-07,10,Boutique,12,2,7775.57,14510.14,4,Yes
5019,1843,2023-12-09,8,Private Client,24,3,426.87,1373.85,5,Yes
5020,1417,2024-08-15,8,Private Client,2,1,2881.29,2988.88,4,Yes
5021,1590,2025-06-10,6,Online,21,2,2018.96,4049.46,3,Yes
5022,1470,2023-03-18,4,Private Client,22,1,1263.19,1312.37,3,Yes
5023,393,2024-12-07,8,Boutique,4,1,2247.59,2287.67,4,Yes
5024,9,2025-12-01,2,Boutique,25,2,464.55,881.24,4,Yes
5025,613,2025-01-26,1,Private Client,3,1,2487.59,2540.7,4,Yes
5026,1944,2024-08-12,8,Boutique,2,1,2881.29,2964.74,4,Yes
5027,715,2024-01-23,7,Online,19,1,1731.11,1658.4,3,Yes
5028,1928,2025-07-15,9,Boutique,5,3,1450.83,4227.24,4,Yes
5029,110,2024-09-28,6,Online,17,2,1526.79,2996.56,3,Yes
5030,834,2023-05-21,4,Online,16,2,4000.34,8131.95,3,Yes
5031,266,2025-11-16,3,Online,16,1,4000.34,3761.48,2,Yes
5032,1397,2024-03-23,10,Boutique,26,1,602.77,626.25,3,Yes
5033,2032,2023-10-20,5,Boutique,12,1,7775.57,7584.01,3,Yes
5034,976,2024-12-15,7,Online,4,1,2247.59,2316.55,3,Yes
5035,1619,2024-04-01,1,Private Client,17,2,1526.79,3265.08,4,Yes
5036,955,2025-06-10,1,Boutique,25,2,464.55,984.08,3,Yes
5037,1670,2025-04-18,1,Boutique,19,1,1731.11,1796.91,3,Yes
5038,1350,2024-10-15,5,Boutique,2,2,2881.29,5479.82,3,Yes
5039,1575,2024-10-25,1,Private Client,5,1,1450.83,1504.7,4,Yes
5040,1059,2025-02-03,6,Online,1,1,1844.17,1884.24,4,Yes
5041,1958,2025-12-26,1,Private Client,26,2,602.77,1258.11,4,Yes
5042,849,2023-06-25,6,Online,14,2,4139.23,8766.97,4,Yes
5043,963,2024-05-24,8,Boutique,23,2,395.7,767.53,5,Yes
5044,1826,2024-12-05,8,Online,9,2,7756.91,15872.01,3,Yes
5045,2102,2024-08-24,4,Boutique,17,2,1526.79,2943.72,3,Yes
5046,888,2025-04-17,4,Boutique,12,1,7775.57,7584.33,3,Yes
5047,745,2025-09-28,1,Boutique,24,2,426.87,856.56,4,Yes
5048,1442,2023-02-20,8,Boutique,24,2,426.87,844.75,5,Yes
5049,1249,2024-11-16,1,Boutique,23,1,395.7,402.07,3,Yes
5050,176,2023-09-23,9,Boutique,26,1,602.77,627.73,3,Yes
5051,566,2024-08-28,3,Boutique,20,2,1505.97,3062.55,4,Yes
5052,1688,2025-12-11,10,Boutique,12,1,7775.57,8360.04,3,Yes
5053,1409,2024-08-07,2,Online,15,1,3992.76,4144.88,3,Yes
5054,262,2023-12-05,6,Boutique,16,2,4000.34,8621.55,4,Yes
5055,531,2025-12-31,7,Boutique,23,2,395.7,822.23,5,Yes
5056,1878,2024-01-09,1,Boutique,18,1,1879.61,1881.99,2,Yes
5057,1395,2024-08-02,1,Boutique,22,2,1263.19,2490.41,5,Yes
5058,1707,2024-05-31,1,Online,14,2,4139.23,8590.6,4,Yes
5059,1221,2023-05-01,9,Online,12,3,7775.57,24025.11,2,Yes
5060,948,2025-04-16,2,Online,11,1,3218.81,3305.73,2,Yes
5061,585,2024-07-23,6,Boutique,15,3,3992.76,12403.33,4,Yes
5062,1621,2023-02-12,8,Boutique,21,1,2018.96,2139.18,4,Yes
5063,1156,2023-03-13,9,Boutique,21,1,2018.96,1931.02,4,Yes
5064,1752,2023-04-01,8,Private Client,27,1,356.86,360.57,4,Yes
5065,2082,2024-05-05,10,Online,8,1,9400.29,9555.66,3,Yes
5066,532,2025-01-18,6,Boutique,17,1,1526.79,1476.19,3,Yes
5067,1232,2025-09-24,6,Boutique,8,1,9400.29,10134.19,4,No
5068,1994,2024-01-18,6,Boutique,4,1,2247.59,2350.27,3,Yes
5069,1698,2025-03-15,1,Boutique,10,2,8420.05,16358.52,3,Yes
5070,1546,2023-06-19,8,Online,6,1,1450.79,1417.93,3,Yes
5071,1438,2025-07-06,1,Boutique,6,3,1450.79,4504.36,3,Yes
5072,371,2023-05-31,7,Online,17,2,1526.79,2814.91,3,Yes
5073,409,2024-03-06,1,Boutique,8,1,9400.29,9346.2,3,Yes
5074,1407,2024-03-26,1,Boutique,13,1,7115.72,6937.1,4,Yes
5075,1902,2024-10-04,1,Online,15,1,3992.76,4218.91,4,Yes
5076,1471,2025-02-18,3,Online,4,1,2247.59,2352.34,2,Yes
5077,617,2023-01-23,1,Boutique,28,1,488.98,475.84,4,Yes
5078,71,2024-01-02,1,Boutique,25,1,464.55,491.66,3,Yes
5079,84,2024-10-12,1,Online,15,2,3992.76,8513.97,4,Yes
5080,259,2025-03-30,4,Boutique,23,1,395.7,399.02,4,Yes
5081,1326,2023-08-27,6,Boutique,14,1,4139.23,3913.55,3,Yes
5082,932,2024-03-09,7,Boutique,11,1,3218.81,3358.03,4,Yes
5083,394,2024-12-04,8,Online,20,1,1505.97,1462.44,3,Yes
5084,1335,2025-07-30,6,Boutique,28,1,488.98,491.11,3,Yes
5085,1930,2024-06-24,4,Online,17,3,1526.79,4247.35,2,Yes
5086,1721,2024-09-24,7,Boutique,25,1,464.55,464.56,4,Yes
5087,626,2023-07-17,7,Boutique,10,3,8420.05,24776.22,3,Yes
5088,1893,2024-04-26,6,Online,6,1,1450.79,1493.98,4,Yes
5089,1837,2025-05-18,10,Online,6,1,1450.79,1344.19,4,Yes
5090,562,2024-06-06,1,Private Client,1,1,1844.17,1881.04,4,Yes
5091,1794,2024-10-12,1,Boutique,5,1,1450.83,1513.96,3,Yes
5092,941,2025-08-16,6,Boutique,4,3,2247.59,6217.13,4,No
5093,2110,2024-03-12,7,Online,11,2,3218.81,6695.09,5,Yes
5094,1166,2025-05-06,6,Boutique,17,2,1526.79,2872.91,4,Yes
5095,1866,2023-11-10,1,Boutique,7,1,4390.12,4529.24,3,Yes
5096,1892,2023-01-19,4,Boutique,20,1,1505.97,1495.19,3,Yes
5097,1640,2025-03-28,9,Boutique,3,2,2487.59,5016.57,3,Yes
5098,1551,2023-05-02,6,Boutique,2,2,2881.29,5612.61,3,Yes
5099,782,2023-03-13,1,Private Client,8,1,9400.29,9017.46,5,Yes
5100,1695,2025-12-14,2,Online,5,1,1450.83,1351.26,3,Yes
5101,597,2024-04-04,6,Private Client,26,1,602.77,637.94,4,Yes
5102,2057,2023-06-18,5,Private Client,25,2,464.55,945.52,4,Yes
5103,356,2024-08-04,8,Boutique,5,1,1450.83,1562.9,4,Yes
5104,2041,2024-09-20,1,Boutique,10,3,8420.05,26676.54,3,Yes
5105,392,2023-01-26,7,Boutique,12,1,7775.57,8235.43,3,Yes
5106,579,2024-12-21,1,Private Client,17,2,1526.79,3101.39,4,Yes
5107,1641,2025-10-30,1,Boutique,14,2,4139.23,7723.4,3,Yes
5108,2009,2023-05-01,1,Boutique,26,1,602.77,642.64,2,Yes
5109,1724,2023-05-06,1,Boutique,5,3,1450.83,4086.39,3,Yes
5110,164,2024-07-02,9,Boutique,5,2,1450.83,2909.62,3,Yes
5111,638,2025-12-28,1,Boutique,24,2,426.87,902.49,4,Yes
5112,2065,2023-10-24,1,Boutique,6,2,1450.79,2888.77,4,Yes
5113,170,2024-11-16,9,Private Client,15,1,3992.76,3779.18,5,Yes
5114,340,2025-08-30,9,Boutique,27,1,356.86,349.62,3,Yes
5115,726,2025-12-04,3,Private Client,5,1,1450.83,1564.2,4,Yes
5116,1934,2024-09-26,4,Boutique,8,1,9400.29,10151.95,3,Yes
5117,1035,2024-01-17,7,Private Client,1,1,1844.17,1906.38,4,Yes
5118,1646,2025-11-16,8,Boutique,21,3,2018.96,6432.88,5,Yes
5119,133,2024-12-05,3,Online,3,1,2487.59,2306.18,2,Yes
5120,823,2024-05-11,1,Boutique,21,2,2018.96,3893.18,4,Yes
5121,954,2025-05-01,7,Online,19,1,1731.11,1694.81,4,Yes
5122,2127,2024-12-07,1,Private Client,15,2,3992.76,7362.01,5,Yes
5123,346,2025-12-08,6,Boutique,4,1,2247.59,2203.34,3,Yes
5124,609,2023-05-01,5,Boutique,27,1,356.86,333.62,5,Yes
5125,639,2024-09-17,1,Boutique,25,1,464.55,465.84,4,Yes
5126,1048,2024-06-09,4,Boutique,2,1,2881.29,2652.82,3,Yes
5127,1495,2025-12-02,3,Boutique,26,2,602.77,1161.26,4,Yes
5128,1225,2025-01-21,1,Online,28,1,488.98,517.64,4,Yes
5129,2179,2023-04-06,2,Boutique,17,1,1526.79,1456.69,4,Yes
5130,150,2023-01-27,3,Online,12,1,7775.57,7234.2,3,Yes
5131,1550,2025-04-15,6,Online,20,2,1505.97,2891.33,3,Yes
5132,1328,2024-05-01,8,Online,8,1,9400.29,9892.95,4,Yes
5133,1565,2023-08-28,1,Boutique,5,2,1450.83,2942.14,5,Yes
5134,50,2023-03-08,1,Boutique,25,2,464.55,941.9,3,Yes
5135,1506,2023-08-19,2,Boutique,10,1,8420.05,7747.22,4,Yes
5136,335,2023-12-17,4,Boutique,19,1,1731.11,1723.4,4,Yes
5137,1376,2025-01-30,7,Boutique,9,1,7756.91,7466.02,3,Yes
5138,668,2025-05-12,6,Private Client,16,1,4000.34,3895.5,4,Yes
5139,1673,2023-12-23,10,Online,1,1,1844.17,1873.29,4,Yes
5140,1016,2025-12-01,6,Boutique,15,2,3992.76,8463.81,5,Yes
5141,336,2025-10-26,5,Boutique,2,1,2881.29,2734.53,3,Yes
5142,666,2023-11-25,1,Boutique,25,1,464.55,484.49,5,Yes
5143,81,2025-06-29,1,Private Client,14,2,4139.23,7680.96,4,Yes
5144,2135,2023-12-04,3,Private Client,25,3,464.55,1355.01,4,Yes
5145,1800,2025-12-28,10,Boutique,26,2,602.77,1151.32,3,Yes
5146,258,2025-05-31,1,Boutique,21,1,2018.96,2153.21,3,Yes
5147,991,2024-06-22,9,Online,16,2,4000.34,7588.48,3,Yes
5148,185,2025-01-06,6,Boutique,10,3,8420.05,25577.95,4,Yes
5149,1716,2024-03-18,1,Boutique,12,1,7775.57,7358.53,4,Yes
5150,123,2025-07-12,9,Online,13,1,7115.72,7085.53,3,Yes
5151,605,2025-07-08,5,Boutique,20,2,1505.97,2970.21,2,Yes
5152,904,2023-02-20,8,Online,9,3,7756.91,21563.06,3,Yes
5153,1538,2023-05-29,4,Boutique,28,2,488.98,1028.95,3,Yes
5154,1982,2024-01-03,5,Online,26,2,602.77,1259.57,4,Yes
5155,1395,2024-08-02,1,Online,2,2,2881.29,5557.76,4,Yes
5156,1309,2024-10-17,1,Boutique,19,1,1731.11,1762.68,3,Yes
5157,1866,2023-03-17,1,Online,15,3,3992.76,11715.08,3,Yes
5158,1942,2023-08-15,1,Boutique,15,3,3992.76,12494.26,3,Yes
5159,1598,2025-08-16,6,Boutique,24,1,426.87,440.02,4,Yes
5160,491,2024-08-14,10,Boutique,1,1,1844.17,1723.33,2,Yes
5161,1055,2023-01-24,4,Boutique,18,1,1879.61,1983.12,3,Yes
5162,702,2023-01-28,1,Boutique,21,1,2018.96,1915.4,5,Yes
5163,1292,2023-05-01,1,Online,7,2,4390.12,8322.42,3,Yes
5164,2060,2025-05-02,6,Boutique,10,1,8420.05,8734.96,4,Yes
5165,1215,2024-09-15,7,Boutique,9,3,7756.91,22091.37,4,Yes
5166,1424,2025-06-08,6,Online,19,2,1731.11,3253.04,2,Yes
5167,1561,2023-01-31,4,Online,11,1,3218.81,3134.13,3,Yes
5168,1942,2025-05-19,1,Boutique,4,1,2247.59,2369.4,4,Yes
5169,2139,2023-02-19,6,Boutique,26,1,602.77,571.6,4,Yes
5170,600,2024-12-26,7,Boutique,1,1,1844.17,1796.69,3,Yes
5171,1810,2024-01-24,3,Boutique,12,1,7775.57,7509.65,3,Yes
5172,1135,2025-08-01,3,Private Client,1,1,1844.17,1801.7,4,Yes
5173,80,2025-10-11,7,Boutique,17,2,1526.79,3158.27,4,Yes
5174,836,2024-04-19,4,Boutique,20,1,1505.97,1483.19,3,Yes
5175,652,2025-01-25,8,Private Client,9,1,7756.91,8079.07,4,Yes
5176,417,2024-08-25,8,Online,8,1,9400.29,9611.46,3,Yes
5177,1471,2025-07-14,3,Boutique,4,1,2247.59,2197.64,3,Yes
5178,2066,2025-10-26,5,Online,8,1,9400.29,9298.38,3,Yes
5179,1078,2025-03-03,1,Online,23,1,395.7,408.59,4,Yes
5180,1904,2024-02-16,6,Online,22,3,1263.19,3810.64,4,Yes
5181,746,2024-10-23,3,Online,10,2,8420.05,17832.56,4,Yes
5182,2003,2023-07-10,1,Boutique,28,1,488.98,522.87,4,Yes
5183,240,2025-02-24,6,Online,18,3,1879.61,5835.25,3,Yes
5184,1945,2024-08-07,2,Private Client,15,3,3992.76,12915.86,4,Yes
5185,856,2025-08-16,1,Boutique,19,1,1731.11,1757.85,4,Yes
5186,1797,2024-05-14,6,Online,20,2,1505.97,2790.18,4,Yes
5187,1772,2024-08-02,1,Online,23,1,395.7,396.01,3,Yes
5188,420,2025-03-26,7,Online,24,1,426.87,408.43,4,Yes
5189,709,2025-12-22,3,Online,11,3,3218.81,9399.51,4,Yes
5190,1668,2025-02-18,1,Boutique,24,2,426.87,852.38,3,Yes
5191,1354,2025-07-31,3,Online,4,2,2247.59,4347.77,3,Yes
5192,2036,2023-09-22,4,Online,9,2,7756.91,15041.26,2,Yes
5193,680,2023-01-07,8,Online,8,1,9400.29,9252.92,2,Yes
5194,487,2024-11-25,1,Online,16,2,4000.34,7727.32,3,Yes
5195,623,2025-09-18,1,Boutique,27,1,356.86,337.99,3,Yes
5196,1439,2025-07-06,10,Boutique,13,1,7115.72,7418.06,3,Yes
5197,219,2025-01-17,4,Online,5,1,1450.83,1426.51,3,Yes
5198,2135,2023-05-26,3,Private Client,13,1,7115.72,7493.43,2,Yes
5199,1485,2023-08-29,10,Boutique,19,1,1731.11,1837.11,4,No
5200,691,2025-05-06,1,Boutique,2,1,2881.29,2996.99,4,Yes
5201,2030,2023-10-14,4,Online,12,1,7775.57,7647.02,3,Yes
5202,1013,2025-08-09,5,Online,9,1,7756.91,8031.59,4,Yes
5203,447,2023-01-26,5,Online,1,3,1844.17,5227.31,4,Yes
5204,375,2024-03-27,5,Boutique,23,3,395.7,1217.7,4,Yes
5205,1923,2023-04-16,1,Online,27,1,356.86,351.49,4,Yes
5206,638,2023-08-28,1,Online,14,1,4139.23,4242.31,5,Yes
5207,1771,2023-11-28,1,Online,7,1,4390.12,4569.09,3,Yes
5208,2126,2025-06-30,8,Online,17,2,1526.79,3084.21,4,Yes
5209,1505,2025-12-01,6,Boutique,23,2,395.7,809.44,3,Yes
5210,194,2024-10-06,6,Private Client,14,2,4139.23,7899.01,4,Yes
5211,1400,2023-02-04,10,Online,17,2,1526.79,3098.87,4,Yes
5212,1506,2025-05-25,2,Boutique,2,1,2881.29,2863.07,3,Yes
5213,1747,2024-01-19,8,Private Client,9,1,7756.91,7667.62,3,Yes
5214,250,2025-03-21,6,Private Client,15,1,3992.76,3935.47,4,Yes
5215,1225,2025-01-17,1,Online,24,3,426.87,1241.87,3,Yes
5216,536,2025-08-16,1,Boutique,16,1,4000.34,3875.74,2,Yes
5217,1107,2025-11-22,6,Boutique,9,2,7756.91,16009.53,4,Yes
5218,458,2023-04-05,9,Boutique,28,1,488.98,493.5,4,Yes
5219,1388,2025-10-16,9,Boutique,25,1,464.55,429.61,3,Yes
5220,40,2023-07-24,8,Boutique,4,3,2247.59,6255.7,3,Yes
5221,1540,2025-04-13,1,Boutique,15,2,3992.76,8075.11,3,Yes
5222,2156,2023-01-30,2,Boutique,21,1,2018.96,2130.82,3,Yes
5223,261,2023-09-23,2,Private Client,10,1,8420.05,7805.69,4,Yes
5224,1642,2023-01-23,8,Boutique,7,3,4390.12,13185.55,3,Yes
5225,1248,2024-08-31,1,Boutique,6,1,1450.79,1532.3,5,Yes
5226,126,2023-02-08,5,Boutique,15,1,3992.76,3676.18,3,Yes
5227,1230,2023-06-22,5,Boutique,25,1,464.55,447.89,3,Yes
5228,1307,2025-01-29,10,Private Client,2,1,2881.29,3074.88,4,Yes
5229,2102,2024-02-18,4,Boutique,24,2,426.87,796.57,3,Yes
5230,136,2024-11-22,5,Online,15,3,3992.76,12183.34,3,Yes
5231,1460,2024-09-06,6,Online,18,1,1879.61,1881.83,2,Yes
5232,136,2023-07-28,5,Online,14,3,4139.23,11725.64,2,Yes
5233,813,2023-01-22,1,Boutique,18,1,1879.61,1742.02,3,Yes
5234,852,2023-01-05,1,Boutique,3,3,2487.59,7465.86,4,Yes
5235,1745,2024-10-12,9,Boutique,20,3,1505.97,4687.88,3,Yes
5236,1939,2023-08-02,1,Boutique,22,3,1263.19,3593.87,4,Yes
5237,871,2025-07-08,1,Online,14,2,4139.23,8531.87,2,Yes
5238,1473,2025-06-25,5,Boutique,6,1,1450.79,1461.56,4,Yes
5239,635,2024-11-02,6,Boutique,14,2,4139.23,8090.17,4,Yes
5240,1652,2024-10-28,6,Boutique,2,1,2881.29,2957.09,4,Yes
5241,669,2025-03-10,2,Online,22,3,1263.19,3602.81,3,Yes
5242,1294,2023-11-13,1,Boutique,16,2,4000.34,7945.55,4,Yes
5243,269,2025-03-03,7,Boutique,24,1,426.87,430.24,3,Yes
5244,861,2024-07-29,1,Online,16,2,4000.34,7947.81,3,Yes
5245,482,2023-04-01,6,Boutique,21,2,2018.96,3971.7,3,Yes
5246,1262,2025-12-01,1,Boutique,17,1,1526.79,1585.64,2,Yes
5247,103,2025-01-30,4,Boutique,16,2,4000.34,8200.51,4,Yes
5248,1454,2025-02-08,1,Private Client,16,1,4000.34,4089.6,2,Yes
5249,792,2023-01-01,3,Boutique,8,1,9400.29,9989.58,4,Yes
5250,1678,2023-04-19,1,Boutique,6,3,1450.79,4696.03,3,Yes
5251,239,2025-07-16,6,Private Client,18,3,1879.61,5699.46,3,Yes
5252,1589,2025-12-23,10,Boutique,23,1,395.7,386.09,1,Yes
5253,882,2023-07-25,3,Online,14,1,4139.23,4323.92,3,Yes
5254,888,2025-04-29,4,Boutique,16,1,4000.34,3771.26,3,Yes
5255,1280,2024-08-12,8,Boutique,8,1,9400.29,9419.71,4,Yes
5256,924,2024-09-14,6,Online,18,2,1879.61,3773.96,3,Yes
5257,794,2025-08-22,1,Private Client,14,1,4139.23,4459.42,3,Yes
5258,676,2025-08-22,1,Boutique,17,1,1526.79,1646.74,5,Yes
5259,1682,2024-10-14,6,Online,22,1,1263.19,1323.66,3,Yes
5260,1492,2023-03-20,9,Online,22,1,1263.19,1257.74,4,Yes
5261,1850,2024-02-19,5,Boutique,8,2,9400.29,18942.64,4,Yes
5262,1277,2024-09-30,6,Online,16,1,4000.34,3884.96,3,Yes
5263,672,2025-03-01,5,Boutique,23,1,395.7,416.58,4,Yes
5264,839,2025-11-27,1,Boutique,24,3,426.87,1331.13,4,Yes
5265,1313,2023-11-29,2,Boutique,10,1,8420.05,8785.72,4,Yes
5266,1074,2023-10-15,10,Online,10,1,8420.05,7933.27,3,Yes
5267,4,2025-12-08,1,Boutique,21,1,2018.96,1986.22,4,Yes
5268,1655,2023-06-10,6,Online,18,3,1879.61,5672.53,5,Yes
5269,1909,2023-11-16,2,Boutique,21,1,2018.96,1897.71,4,Yes
5270,1894,2025-07-12,1,Boutique,18,3,1879.61,5520.3,3,Yes
5271,1923,2023-12-30,1,Online,9,1,7756.91,7244.87,4,Yes
5272,1286,2024-04-19,8,Online,21,1,2018.96,2167.18,4,Yes
5273,535,2025-10-19,1,Boutique,1,2,1844.17,3836.62,3,Yes
5274,1085,2025-02-04,1,Boutique,25,2,464.55,947.05,4,Yes
5275,1380,2024-08-24,8,Private Client,16,1,4000.34,3811.43,3,Yes
5276,646,2023-11-08,5,Boutique,10,1,8420.05,8196.59,3,Yes
5277,24,2024-08-11,7,Online,15,1,3992.76,3765.64,4,Yes
5278,1317,2023-12-09,7,Online,5,2,1450.83,2918.43,4,Yes
5279,557,2025-06-24,6,Online,27,1,356.86,375.16,3,Yes
5280,356,2023-06-21,8,Private Client,17,2,1526.79,2818.59,3,Yes
5281,2008,2024-09-17,3,Online,9,2,7756.91,14529.15,4,Yes
5282,870,2025-10-29,9,Boutique,25,3,464.55,1333.3,4,Yes
5283,575,2024-11-12,1,Boutique,26,2,602.77,1246.83,3,Yes
5284,29,2023-11-07,1,Boutique,26,2,602.77,1281.53,3,Yes
5285,365,2025-07-02,3,Boutique,25,2,464.55,966.71,3,Yes
5286,409,2024-03-05,1,Private Client,6,1,1450.79,1456.58,4,Yes
5287,1315,2025-05-07,8,Boutique,26,1,602.77,564.69,4,Yes
5288,1177,2023-10-12,5,Online,26,1,602.77,627.35,3,Yes
5289,219,2024-05-09,4,Online,2,1,2881.29,2699.49,4,Yes
5290,608,2023-12-21,4,Online,28,1,488.98,477.06,4,Yes
5291,1036,2023-08-02,4,Boutique,13,3,7115.72,20691.35,4,Yes
5292,1540,2025-03-27,1,Online,23,1,395.7,386.79,4,Yes
5293,858,2023-07-19,1,Boutique,18,2,1879.61,3656.69,4,Yes
5294,1603,2025-05-02,7,Online,20,2,1505.97,3141.66,4,Yes
5295,969,2023-05-16,9,Boutique,4,3,2247.59,6388.61,3,Yes
5296,1501,2025-08-05,8,Private Client,10,1,8420.05,8885.98,4,Yes
5297,1106,2024-09-19,1,Boutique,23,2,395.7,836.76,3,Yes
5298,1641,2025-07-05,1,Boutique,22,2,1263.19,2522.71,4,Yes
5299,1717,2023-12-08,4,Boutique,28,1,488.98,458.17,4,Yes
5300,617,2024-01-23,1,Online,11,2,3218.81,6515.29,3,Yes
5301,226,2023-01-04,2,Online,28,3,488.98,1542.27,4,Yes
5302,28,2024-11-07,9,Boutique,13,3,7115.72,20628.1,2,Yes
5303,995,2024-02-03,9,Boutique,28,3,488.98,1546.21,5,Yes
5304,16,2024-02-15,9,Boutique,26,2,602.77,1239.67,4,Yes
5305,333,2023-08-01,3,Boutique,23,2,395.7,853.1,4,Yes
5306,483,2024-07-13,6,Boutique,22,1,1263.19,1328.82,3,Yes
5307,566,2024-07-11,3,Boutique,17,1,1526.79,1453.87,4,Yes
5308,2162,2024-07-11,6,Online,11,1,3218.81,3192.55,3,Yes
5309,2086,2025-12-07,9,Boutique,4,2,2247.59,4210.01,4,Yes
5310,454,2024-05-16,6,Private Client,14,3,4139.23,11562.7,5,Yes
5311,166,2024-10-05,6,Boutique,3,3,2487.59,7708.81,2,Yes
5312,878,2024-06-14,9,Online,23,2,395.7,843.69,3,Yes
5313,245,2025-08-10,8,Online,23,2,395.7,851.37,3,Yes
5314,1895,2025-02-25,6,Boutique,12,1,7775.57,7490.01,5,Yes
5315,1357,2024-04-19,6,Boutique,28,1,488.98,465.65,4,Yes
5316,943,2023-02-11,6,Boutique,27,1,356.86,360.3,5,Yes
5317,1953,2024-08-26,1,Boutique,4,2,2247.59,4280.03,5,Yes
5318,1283,2023-02-17,1,Boutique,16,1,4000.34,3869.71,3,Yes
5319,1746,2024-12-28,10,Boutique,7,2,4390.12,9253.99,3,Yes
5320,410,2023-08-09,8,Boutique,20,1,1505.97,1580.78,4,Yes
5321,2116,2025-07-28,2,Boutique,25,2,464.55,987.83,4,Yes
5322,2162,2023-12-09,6,Boutique,19,3,1731.11,5178.58,4,Yes
5323,1497,2023-06-04,5,Boutique,26,1,602.77,608.95,3,Yes
5324,386,2025-07-26,6,Boutique,18,2,1879.61,3921.97,4,Yes
5325,930,2025-04-20,1,Online,21,1,2018.96,1934.73,4,Yes
5326,405,2025-12-15,6,Online,9,2,7756.91,16315.81,4,Yes
5327,492,2024-01-22,1,Private Client,11,1,3218.81,2970.35,4,Yes
5328,357,2025-06-12,7,Boutique,19,2,1731.11,3627.11,4,Yes
5329,215,2023-02-07,9,Boutique,17,2,1526.79,3188.38,4,Yes
5330,1404,2025-04-30,5,Boutique,25,2,464.55,899.63,3,Yes
5331,752,2024-12-29,6,Boutique,21,1,2018.96,2092.58,3,Yes
5332,827,2023-08-19,1,Online,18,2,1879.61,3587.19,3,Yes
5333,1238,2024-03-27,1,Boutique,6,1,1450.79,1468.49,3,Yes
5334,1122,2023-09-14,8,Online,3,2,2487.59,5134.85,2,Yes
5335,666,2024-03-09,1,Online,14,1,4139.23,4281.42,3,Yes
5336,2029,2023-07-28,4,Private Client,9,2,7756.91,16712.57,4,Yes
5337,554,2023-05-17,10,Boutique,3,2,2487.59,4722.05,3,Yes
5338,1573,2024-07-18,1,Boutique,2,2,2881.29,5744.88,3,Yes
5339,328,2025-05-05,6,Boutique,19,1,1731.11,1836.39,3,Yes
5340,1189,2024-12-21,1,Boutique,6,2,1450.79,2930.14,3,Yes
5341,150,2025-04-24,3,Private Client,3,1,2487.59,2637.4,4,Yes
5342,1056,2023-02-05,8,Boutique,25,3,464.55,1378.95,3,Yes
5343,657,2023-01-27,9,Boutique,25,2,464.55,973.01,4,Yes
5344,1937,2023-01-18,6,Boutique,9,2,7756.91,16432.36,3,Yes
5345,293,2024-09-21,5,Boutique,18,1,1879.61,1983.8,5,Yes
5346,957,2024-08-01,6,Boutique,7,1,4390.12,4650.97,4,Yes
5347,1085,2025-06-21,1,Boutique,28,2,488.98,934.08,3,Yes
5348,1613,2025-09-01,5,Online,2,3,2881.29,8559.48,3,Yes
5349,416,2025-11-19,3,Private Client,1,1,1844.17,1748.15,3,Yes
5350,2055,2023-05-03,4,Boutique,5,3,1450.83,4130.02,4,Yes
5351,918,2025-08-14,1,Boutique,27,1,356.86,356.16,5,Yes
5352,85,2025-09-27,9,Boutique,27,1,356.86,383.13,4,Yes
5353,957,2025-09-13,6,Online,24,1,426.87,433.15,3,Yes
5354,1422,2023-12-04,6,Boutique,3,3,2487.59,7885.28,3,Yes
5355,1936,2025-09-17,3,Private Client,7,1,4390.12,4697.21,3,Yes
5356,1795,2023-09-30,6,Boutique,6,1,1450.79,1354.82,4,Yes
5357,1417,2025-06-20,8,Boutique,27,3,356.86,1012.69,3,Yes
5358,1071,2023-02-08,7,Boutique,1,3,1844.17,5347.36,3,Yes
5359,1522,2024-11-12,6,Private Client,28,1,488.98,498.12,4,Yes
5360,1502,2024-03-01,5,Boutique,23,3,395.7,1103.86,5,Yes
5361,736,2023-11-11,7,Boutique,19,1,1731.11,1810.51,4,Yes
5362,1153,2024-09-05,10,Boutique,20,1,1505.97,1400.86,2,Yes
5363,1273,2025-01-24,1,Online,14,1,4139.23,3913.02,4,Yes
5364,741,2023-06-06,3,Boutique,10,1,8420.05,8260.69,4,Yes
5365,1863,2025-05-21,1,Online,2,1,2881.29,2907.9,5,Yes
5366,131,2025-02-15,1,Private Client,11,2,3218.81,6830.58,5,Yes
5367,1764,2023-09-14,7,Private Client,16,1,4000.34,4297.15,4,Yes
5368,1713,2025-05-04,8,Boutique,17,1,1526.79,1620.75,4,Yes
5369,323,2024-09-26,5,Boutique,5,3,1450.83,4078.84,4,Yes
5370,823,2024-03-31,1,Boutique,22,2,1263.19,2579.43,3,Yes
5371,543,2023-02-16,5,Boutique,27,2,356.86,707.06,4,Yes
5372,2114,2023-01-10,5,Online,18,1,1879.61,1767.07,3,Yes
5373,1856,2023-05-24,7,Boutique,16,1,4000.34,4035.61,5,Yes
5374,2079,2024-05-01,8,Online,10,2,8420.05,16453.88,2,Yes
5375,885,2025-11-15,6,Online,6,1,1450.79,1414.99,3,Yes
5376,191,2025-10-27,6,Boutique,22,1,1263.19,1181.22,4,Yes
5377,415,2024-08-13,3,Online,24,1,426.87,459.58,4,Yes
5378,1839,2025-11-04,1,Boutique,8,2,9400.29,19480.29,4,Yes
5379,1814,2025-06-17,4,Boutique,6,1,1450.79,1399.8,3,Yes
5380,1761,2023-07-26,1,Boutique,23,3,395.7,1266.39,4,Yes
5381,1070,2025-06-28,1,Private Client,4,1,2247.59,2408.73,5,Yes
5382,1722,2023-09-16,1,Boutique,5,1,1450.83,1522.88,3,Yes
5383,375,2024-03-29,5,Online,6,3,1450.79,4463.31,4,Yes
5384,558,2025-03-09,1,Online,15,2,3992.76,7827.57,4,Yes
5385,1281,2024-01-10,3,Online,6,2,1450.79,2871.1,3,Yes
5386,1945,2024-04-08,2,Online,19,2,1731.11,3437.3,3,Yes
5387,1597,2023-03-16,1,Boutique,25,1,464.55,497.91,4,Yes
5388,1129,2023-08-30,1,Online,20,1,1505.97,1568.65,3,Yes
5389,1361,2025-11-06,10,Boutique,8,2,9400.29,18174.94,2,Yes
5390,1325,2023-05-03,4,Online,13,3,7115.72,21772.88,2,Yes
5391,1101,2023-04-21,3,Boutique,4,1,2247.59,2281.36,4,Yes
5392,1535,2023-08-22,8,Boutique,22,3,1263.19,3978.82,3,Yes
5393,1254,2025-08-25,6,Private Client,17,2,1526.79,2855.86,2,Yes
5394,1703,2024-05-11,2,Boutique,14,1,4139.23,4272.53,5,Yes
5395,32,2025-11-29,2,Boutique,18,1,1879.61,1828.84,3,Yes
5396,1632,2024-12-27,4,Boutique,15,2,3992.76,7512.31,3,Yes
5397,58,2023-04-02,2,Boutique,22,1,1263.19,1310.03,4,Yes
5398,1128,2023-12-03,7,Boutique,19,2,1731.11,3368.96,2,Yes
5399,312,2024-05-27,1,Boutique,11,1,3218.81,3337.33,3,Yes
5400,1753,2024-08-25,1,Private Client,7,1,4390.12,4153.01,3,Yes
5401,2002,2024-03-03,6,Boutique,1,1,1844.17,1987.55,4,Yes
5402,1398,2023-01-07,10,Boutique,3,1,2487.59,2608.35,3,Yes
5403,1783,2023-04-30,6,Boutique,19,3,1731.11,5018.13,3,Yes
5404,1413,2024-01-22,10,Boutique,28,1,488.98,507.8,3,No
5405,1432,2024-10-02,6,Private Client,1,3,1844.17,5210.12,4,Yes
5406,802,2025-12-02,4,Boutique,4,2,2247.59,4605.54,4,Yes
5407,239,2023-07-02,6,Boutique,24,1,426.87,396.79,5,Yes
5408,1776,2024-11-27,2,Boutique,11,1,3218.81,3133.0,4,Yes
5409,1319,2024-07-18,3,Online,7,2,4390.12,9452.4,5,Yes
5410,112,2024-03-21,10,Boutique,7,2,4390.12,8247.69,4,Yes
5411,1329,2023-07-19,9,Boutique,14,2,4139.23,8407.5,3,Yes
5412,290,2025-08-05,1,Boutique,15,1,3992.76,3718.44,3,Yes
5413,1810,2024-05-27,3,Private Client,5,1,1450.83,1490.15,4,Yes
5414,582,2025-09-16,6,Online,14,2,4139.23,7985.29,3,Yes
5415,370,2023-08-01,4,Boutique,13,3,7115.72,20698.12,5,Yes
5416,220,2024-06-29,10,Online,20,2,1505.97,2933.78,3,Yes
5417,1897,2024-04-30,8,Online,26,2,602.77,1148.67,3,Yes
5418,349,2023-06-17,8,Boutique,22,1,1263.19,1352.45,4,Yes
5419,452,2025-06-08,5,Boutique,18,2,1879.61,4003.32,4,Yes
5420,2190,2025-07-19,2,Online,1,1,1844.17,1953.35,3,Yes
5421,89,2025-04-07,8,Boutique,13,3,7115.72,20002.96,3,Yes
5422,871,2023-05-17,1,Online,23,1,395.7,378.82,4,Yes
5423,1160,2023-04-25,1,Boutique,20,2,1505.97,3066.02,4,Yes
5424,2043,2025-12-08,7,Online,7,1,4390.12,4720.52,3,Yes
5425,1875,2024-05-30,7,Boutique,6,1,1450.79,1475.12,3,Yes
5426,523,2024-11-18,5,Boutique,27,2,356.86,693.98,3,Yes
5427,910,2025-10-16,9,Boutique,9,2,7756.91,16301.68,4,Yes
5428,442,2025-11-15,10,Boutique,28,1,488.98,460.46,2,Yes
5429,38,2025-12-29,5,Boutique,10,2,8420.05,17868.67,2,Yes
5430,1881,2023-10-20,2,Boutique,22,2,1263.19,2718.25,4,Yes
5431,210,2023-08-19,1,Private Client,3,1,2487.59,2673.72,3,Yes
5432,1601,2025-07-26,1,Boutique,7,1,4390.12,4142.66,5,Yes
5433,981,2024-06-01,1,Boutique,25,1,464.55,468.24,4,Yes
5434,381,2025-11-13,9,Boutique,11,2,3218.81,6525.09,4,Yes
5435,1561,2024-12-06,4,Boutique,26,1,602.77,573.35,4,Yes
5436,394,2024-01-12,8,Boutique,12,1,7775.57,7833.77,2,Yes
5437,1074,2024-03-12,10,Online,12,1,7775.57,7957.88,5,Yes
5438,396,2025-05-02,5,Boutique,13,2,7115.72,13841.98,3,Yes
5439,1777,2025-08-27,3,Online,22,3,1263.19,3677.81,3,Yes
5440,2080,2024-05-13,9,Boutique,23,1,395.7,367.86,3,Yes
5441,545,2024-08-22,3,Private Client,8,2,9400.29,20174.75,4,Yes
5442,1085,2025-02-16,1,Boutique,4,1,2247.59,2356.77,3,Yes
5443,553,2023-03-11,4,Boutique,21,3,2018.96,6308.31,2,Yes
5444,1465,2023-07-24,1,Online,20,3,1505.97,4172.22,2,Yes
5445,1154,2023-12-07,3,Private Client,1,2,1844.17,3761.7,4,Yes
5446,1378,2025-11-21,5,Online,6,1,1450.79,1376.66,3,Yes
5447,1687,2025-12-02,1,Boutique,23,2,395.7,811.88,2,Yes
5448,1740,2023-04-28,5,Boutique,2,2,2881.29,5874.29,3,Yes
5449,694,2025-06-07,1,Private Client,22,3,1263.19,4002.95,3,Yes
5450,2195,2023-01-15,1,Boutique,14,1,4139.23,3977.26,5,Yes
5451,1740,2025-06-29,5,Boutique,27,1,356.86,329.88,3,Yes
5452,498,2024-09-18,4,Online,18,1,1879.61,2004.15,4,Yes
5453,2096,2024-11-20,4,Private Client,10,2,8420.05,17941.14,3,Yes
5454,1196,2025-02-12,10,Online,21,1,2018.96,2004.7,3,Yes
5455,613,2025-07-01,1,Private Client,1,1,1844.17,1719.68,4,Yes
5456,1339,2023-04-30,6,Boutique,3,1,2487.59,2486.78,3,Yes
5457,376,2023-01-26,8,Boutique,20,1,1505.97,1511.76,3,Yes
5458,806,2023-03-05,1,Online,4,1,2247.59,2363.29,4,Yes
5459,921,2024-04-04,8,Online,18,3,1879.61,5834.7,4,Yes
5460,875,2023-11-10,1,Online,8,1,9400.29,8754.76,3,Yes
5461,1444,2025-03-15,7,Private Client,22,2,1263.19,2609.38,3,Yes
5462,1420,2025-09-12,8,Boutique,9,1,7756.91,7304.82,5,Yes
5463,1546,2025-01-05,8,Boutique,22,2,1263.19,2360.44,3,Yes
5464,1211,2025-06-07,10,Boutique,19,1,1731.11,1703.03,3,Yes
5465,1006,2025-09-08,1,Online,28,1,488.98,455.91,5,Yes
5466,2081,2024-08-01,2,Boutique,2,2,2881.29,6066.17,4,Yes
5467,2117,2025-08-29,5,Online,9,1,7756.91,7711.15,3,Yes
5468,592,2025-05-10,7,Boutique,3,2,2487.59,5044.44,3,Yes
5469,1215,2024-12-07,7,Boutique,22,1,1263.19,1278.73,3,Yes
5470,2149,2024-01-30,2,Boutique,26,2,602.77,1297.76,5,Yes
5471,1509,2024-04-28,1,Online,2,2,2881.29,6145.94,2,Yes
5472,1309,2024-10-27,1,Boutique,7,1,4390.12,4635.35,4,Yes
5473,914,2024-03-31,6,Online,17,1,1526.79,1498.27,3,Yes
5474,390,2023-07-29,2,Boutique,25,1,464.55,438.17,4,Yes
5475,160,2024-06-08,6,Boutique,17,1,1526.79,1549.23,5,Yes
5476,892,2024-11-06,1,Boutique,9,1,7756.91,7682.84,3,Yes
5477,1071,2025-09-28,7,Online,27,3,356.86,1023.56,4,Yes
5478,1470,2025-06-14,4,Boutique,1,2,1844.17,3450.92,4,Yes
5479,696,2025-09-30,7,Private Client,1,2,1844.17,3650.63,3,Yes
5480,758,2023-11-03,9,Boutique,8,1,9400.29,9627.2,4,Yes
5481,339,2025-11-11,10,Boutique,17,1,1526.79,1557.42,3,Yes
5482,1977,2023-03-01,2,Boutique,8,2,9400.29,19624.56,5,Yes
5483,795,2024-01-21,3,Boutique,19,1,1731.11,1721.85,3,Yes
5484,1723,2023-02-25,5,Online,4,2,2247.59,4366.9,3,Yes
5485,1598,2023-06-17,6,Online,18,1,1879.61,1891.25,4,Yes
5486,899,2024-12-17,2,Online,13,1,7115.72,7656.52,4,Yes
5487,1168,2025-05-14,8,Boutique,22,2,1263.19,2342.5,4,Yes
5488,103,2024-04-26,4,Boutique,7,3,4390.12,13230.77,3,Yes
5489,93,2023-12-06,8,Boutique,26,3,602.77,1758.91,4,Yes
5490,975,2025-03-06,8,Boutique,3,2,2487.59,4661.03,3,Yes
5491,1448,2025-06-10,6,Boutique,14,3,4139.23,12287.89,3,Yes
5492,119,2025-02-14,6,Private Client,9,1,7756.91,7932.11,4,Yes
5493,2033,2024-08-23,1,Online,3,2,2487.59,4997.6,4,Yes
5494,2077,2024-03-12,8,Online,7,3,4390.12,12178.21,4,Yes
5495,1535,2025-12-18,8,Boutique,15,1,3992.76,4043.3,5,Yes
5496,1390,2023-06-01,1,Boutique,4,2,2247.59,4302.43,4,Yes
5497,475,2025-07-22,2,Boutique,5,1,1450.83,1414.03,5,Yes
5498,435,2024-06-23,7,Boutique,28,2,488.98,948.58,4,Yes
5499,1258,2023-08-13,5,Online,9,2,7756.91,16403.73,3,Yes
5500,55,2024-07-16,3,Boutique,3,1,2487.59,2307.52,2,Yes
5501,931,2024-07-11,1,Online,16,2,4000.34,7806.1,2,Yes
5502,1316,2024-09-09,6,Private Client,16,2,4000.34,7866.03,3,Yes
5503,312,2023-01-24,1,Boutique,19,2,1731.11,3528.05,4,Yes
5504,1572,2024-01-03,9,Online,25,2,464.55,972.06,3,Yes
5505,957,2025-09-25,6,Online,9,1,7756.91,8039.47,3,Yes
5506,1901,2023-12-01,6,Boutique,20,2,1505.97,3133.68,2,Yes
5507,757,2023-01-03,1,Private Client,1,1,1844.17,1753.4,5,Yes
5508,1433,2025-10-04,3,Boutique,17,1,1526.79,1627.37,4,Yes
5509,1264,2023-09-20,1,Online,12,2,7775.57,15337.53,4,Yes
5510,1856,2023-05-01,7,Boutique,9,1,7756.91,7150.14,4,Yes
5511,1094,2023-01-21,10,Boutique,22,2,1263.19,2594.33,4,Yes
5512,744,2025-06-23,8,Boutique,5,1,1450.83,1474.97,3,Yes
5513,233,2023-05-20,6,Online,28,2,488.98,919.43,4,Yes
5514,2102,2023-07-25,4,Boutique,15,1,3992.76,4286.54,5,Yes
5515,257,2023-02-12,6,Boutique,26,2,602.77,1217.41,2,Yes
5516,2029,2025-04-29,4,Boutique,13,3,7115.72,21242.18,4,Yes
5517,2138,2025-10-25,10,Boutique,19,3,1731.11,5108.68,3,Yes
5518,1762,2023-07-26,5,Online,3,1,2487.59,2372.11,3,Yes
5519,1930,2024-09-26,4,Online,2,1,2881.29,3090.04,4,Yes
5520,1459,2023-12-11,3,Online,13,1,7115.72,7345.88,2,Yes
5521,1649,2024-01-07,1,Online,7,1,4390.12,4437.61,4,Yes
5522,408,2024-06-30,6,Private Client,9,3,7756.91,23759.23,2,Yes
5523,1693,2025-09-10,1,Online,22,1,1263.19,1331.99,3,Yes
5524,1978,2023-12-01,7,Private Client,10,1,8420.05,8602.89,3,Yes
5525,1323,2023-01-11,8,Boutique,1,2,1844.17,3460.9,3,Yes
5526,1930,2023-03-16,4,Boutique,22,1,1263.19,1303.07,4,Yes
5527,1183,2025-08-04,4,Private Client,16,1,4000.34,4041.86,4,No
5528,842,2025-07-01,10,Online,11,2,3218.81,6917.96,4,Yes
5529,984,2024-12-10,10,Online,24,2,426.87,885.67,3,Yes
5530,1761,2025-05-02,1,Boutique,8,3,9400.29,27496.99,4,Yes
5531,1379,2025-02-14,8,Online,26,2,602.77,1135.21,4,Yes
5532,621,2025-06-04,8,Online,13,1,7115.72,7095.55,4,Yes
5533,930,2025-01-05,1,Boutique,16,3,4000.34,12345.41,4,Yes
5534,1731,2024-09-25,1,Boutique,3,1,2487.59,2359.14,3,Yes
5535,975,2025-11-17,8,Boutique,13,2,7115.72,14571.73,4,Yes
5536,392,2024-01-31,7,Private Client,17,1,1526.79,1606.33,3,Yes
5537,352,2024-11-13,2,Online,21,1,2018.96,1908.18,3,Yes
5538,1690,2024-02-25,6,Private Client,6,1,1450.79,1498.56,3,Yes
5539,576,2023-12-30,1,Boutique,10,1,8420.05,7838.4,4,Yes
5540,1694,2023-04-03,1,Private Client,9,2,7756.91,14292.45,5,Yes
5541,1312,2023-09-23,1,Boutique,18,1,1879.61,1739.06,4,Yes
5542,523,2023-07-25,5,Boutique,17,2,1526.79,3117.83,4,Yes
5543,726,2023-02-06,3,Boutique,7,3,4390.12,14167.86,4,Yes
5544,162,2025-10-31,1,Private Client,2,1,2881.29,3006.39,3,Yes
5545,1938,2025-01-13,6,Boutique,11,1,3218.81,3092.33,4,Yes
5546,659,2023-01-19,6,Boutique,18,1,1879.61,1750.8,2,Yes
5547,1573,2024-01-09,1,Boutique,3,2,2487.59,5068.04,2,Yes
5548,2130,2023-04-04,3,Boutique,14,1,4139.23,3810.23,4,Yes
5549,524,2023-02-01,8,Private Client,20,1,1505.97,1576.47,5,Yes
5550,4,2023-05-20,1,Boutique,13,3,7115.72,20469.78,3,Yes
5551,1579,2025-08-30,1,Online,23,1,395.7,382.99,3,Yes
5552,1075,2025-11-10,9,Private Client,17,1,1526.79,1488.68,4,Yes
5553,1285,2025-01-02,5,Boutique,22,1,1263.19,1316.46,4,Yes
5554,1623,2025-01-23,1,Online,11,2,3218.81,6196.33,5,Yes
5555,878,2023-02-27,9,Boutique,7,1,4390.12,4238.73,2,Yes
5556,1092,2023-05-20,1,Private Client,3,1,2487.59,2503.91,4,Yes
5557,1167,2025-11-12,1,Boutique,3,3,2487.59,7418.59,3,Yes
5558,1578,2025-06-19,5,Online,2,2,2881.29,6182.62,3,Yes
5559,1675,2024-01-13,2,Online,21,2,2018.96,3885.06,4,Yes
5560,1609,2025-07-10,3,Boutique,16,3,4000.34,11217.38,4,Yes
5561,1218,2024-01-08,6,Boutique,23,1,395.7,398.29,3,Yes
5562,1691,2025-12-22,10,Boutique,11,2,3218.81,6112.67,5,Yes
5563,314,2025-02-16,5,Boutique,28,1,488.98,482.22,4,Yes
5564,730,2023-06-16,5,Online,14,1,4139.23,3932.07,4,Yes
5565,384,2024-06-06,10,Private Client,3,3,2487.59,7917.66,4,Yes
5566,1789,2024-08-06,2,Boutique,7,1,4390.12,4268.92,5,Yes
5567,1813,2024-05-15,3,Boutique,8,2,9400.29,19627.41,4,Yes
5568,1096,2025-06-14,8,Boutique,13,3,7115.72,22879.39,3,Yes
5569,1153,2025-09-25,10,Boutique,19,1,1731.11,1853.13,3,Yes
5570,1549,2024-07-13,1,Boutique,11,2,3218.81,6463.17,4,Yes
5571,1865,2025-10-08,8,Private Client,1,1,1844.17,1986.76,5,Yes
5572,751,2023-08-21,6,Online,19,1,1731.11,1774.3,3,Yes
5573,983,2024-07-13,1,Boutique,13,1,7115.72,6692.75,4,Yes
5574,228,2025-07-09,6,Boutique,22,2,1263.19,2683.37,4,Yes
5575,2044,2025-05-10,5,Boutique,17,1,1526.79,1519.14,2,Yes
5576,1978,2025-05-21,7,Online,9,1,7756.91,7325.87,2,Yes
5577,2065,2023-03-22,1,Online,19,2,1731.11,3623.65,4,Yes
5578,1609,2024-09-05,3,Online,19,1,1731.11,1765.57,3,Yes
5579,12,2024-12-03,4,Boutique,28,1,488.98,518.88,3,Yes
5580,1523,2024-06-24,10,Private Client,23,3,395.7,1249.27,4,Yes
5581,692,2025-02-03,7,Boutique,23,2,395.7,768.62,4,Yes
5582,1740,2025-01-07,5,Boutique,6,1,1450.79,1394.22,3,Yes
5583,1526,2024-08-28,9,Private Client,7,1,4390.12,4554.37,5,Yes
5584,70,2024-09-13,4,Boutique,5,2,1450.83,2935.7,3,Yes
5585,2156,2025-10-18,2,Boutique,8,1,9400.29,8753.36,3,Yes
5586,1573,2023-07-15,1,Boutique,26,1,602.77,572.07,3,Yes
5587,629,2025-09-21,2,Boutique,14,2,4139.23,7816.66,3,Yes
5588,1288,2025-08-03,6,Boutique,18,1,1879.61,1906.62,3,Yes
5589,906,2023-02-13,5,Boutique,21,2,2018.96,3770.29,4,Yes
5590,576,2024-01-28,1,Boutique,27,1,356.86,340.17,3,Yes
5591,2173,2023-06-04,10,Online,25,1,464.55,467.92,3,Yes
5592,2021,2025-09-04,5,Boutique,20,2,1505.97,2835.11,4,Yes
5593,859,2023-02-28,6,Online,24,3,426.87,1229.03,3,Yes
5594,745,2023-04-20,1,Boutique,3,1,2487.59,2649.5,2,Yes
5595,2180,2024-04-23,8,Online,22,1,1263.19,1303.03,2,Yes
5596,115,2024-09-09,5,Boutique,8,2,9400.29,18219.66,4,Yes
5597,481,2025-02-22,10,Online,14,1,4139.23,4389.14,3,Yes
5598,981,2025-12-08,1,Online,25,2,464.55,891.98,3,Yes
5599,1025,2025-11-21,9,Boutique,14,1,4139.23,4198.23,3,Yes
5600,1601,2024-08-23,1,Online,7,1,4390.12,4297.75,3,Yes
5601,942,2025-07-28,5,Online,6,2,1450.79,3018.64,3,Yes
5602,955,2025-09-18,1,Boutique,27,3,356.86,1048.58,5,Yes
5603,1661,2024-06-14,6,Online,6,2,1450.79,2784.99,4,Yes
5604,768,2025-10-23,8,Online,12,1,7775.57,7909.56,3,Yes
5605,834,2024-01-13,4,Boutique,22,2,1263.19,2625.55,3,Yes
5606,2191,2024-07-25,8,Boutique,15,3,3992.76,12047.97,3,Yes
5607,1782,2024-08-09,1,Private Client,26,1,602.77,623.63,5,Yes
5608,628,2023-12-23,1,Boutique,25,2,464.55,917.51,3,Yes
5609,377,2024-11-15,2,Private Client,19,3,1731.11,5438.83,5,Yes
5610,90,2025-05-07,1,Online,4,3,2247.59,6834.5,2,Yes
5611,1021,2024-10-20,8,Boutique,3,1,2487.59,2366.69,4,Yes
5612,1066,2023-02-04,5,Boutique,13,2,7115.72,15121.19,4,Yes
5613,1971,2025-10-03,1,Online,25,2,464.55,979.17,4,Yes
5614,1059,2024-04-05,6,Boutique,16,1,4000.34,4297.27,4,Yes
5615,1518,2024-12-18,5,Boutique,13,1,7115.72,7194.29,3,Yes
5616,124,2024-05-26,1,Online,21,1,2018.96,2075.73,3,Yes
5617,2105,2025-12-07,6,Online,10,1,8420.05,8909.87,3,Yes
5618,1480,2024-05-05,5,Online,13,1,7115.72,6606.34,2,Yes
5619,1516,2023-09-30,2,Boutique,8,2,9400.29,20040.53,5,Yes
5620,1855,2025-10-09,6,Boutique,12,1,7775.57,7490.88,3,Yes
5621,1367,2024-06-10,3,Private Client,8,2,9400.29,17468.13,3,Yes
5622,52,2023-07-29,1,Private Client,9,1,7756.91,7431.25,3,Yes
5623,1574,2024-09-15,2,Boutique,10,1,8420.05,8536.39,3,Yes
5624,1502,2023-06-22,5,Online,7,1,4390.12,4072.52,3,Yes
5625,2053,2024-03-22,1,Boutique,3,1,2487.59,2288.89,3,Yes
5626,632,2023-01-11,6,Boutique,5,2,1450.83,2966.36,5,Yes
5627,1862,2025-01-30,10,Boutique,3,1,2487.59,2469.04,4,Yes
5628,1233,2023-11-19,2,Boutique,18,1,1879.61,1983.16,3,Yes
5629,2048,2025-09-03,8,Online,19,3,1731.11,4991.87,3,Yes
5630,536,2024-03-20,1,Boutique,28,1,488.98,471.82,3,Yes
5631,730,2023-12-08,5,Boutique,10,1,8420.05,7850.92,3,Yes
5632,1276,2023-08-09,5,Online,9,2,7756.91,15609.41,3,Yes
5633,2051,2023-04-20,10,Online,25,1,464.55,454.58,2,Yes
5634,1026,2024-02-14,8,Boutique,24,1,426.87,415.92,4,Yes
5635,2198,2024-05-19,4,Online,7,1,4390.12,4360.36,3,Yes
5636,2052,2023-02-09,7,Online,1,2,1844.17,3894.7,5,Yes
5637,1521,2023-09-20,1,Online,25,1,464.55,435.2,4,Yes
5638,1895,2024-12-08,6,Online,10,2,8420.05,16903.67,4,Yes
5639,468,2025-04-02,3,Boutique,2,3,2881.29,8224.03,3,Yes
5640,2118,2024-04-05,8,Boutique,6,1,1450.79,1384.03,4,Yes
5641,201,2023-08-05,9,Online,26,1,602.77,579.31,5,Yes
5642,308,2023-03-18,1,Private Client,21,1,2018.96,2005.85,2,Yes
5643,2046,2025-06-10,8,Boutique,6,3,1450.79,4348.47,3,Yes
5644,922,2024-01-25,6,Boutique,24,1,426.87,452.24,5,Yes
5645,883,2025-11-15,6,Online,8,1,9400.29,9990.04,3,Yes
5646,586,2024-01-09,1,Boutique,26,1,602.77,611.13,2,Yes
5647,1721,2024-10-15,7,Boutique,18,3,1879.61,5441.61,3,Yes
5648,509,2025-06-22,8,Boutique,7,1,4390.12,4613.8,2,Yes
5649,5,2025-11-13,1,Boutique,18,1,1879.61,1967.69,4,Yes
5650,360,2025-01-13,1,Boutique,1,1,1844.17,1932.09,4,Yes
5651,214,2024-02-27,10,Boutique,28,2,488.98,902.28,4,Yes
5652,1460,2025-05-02,6,Boutique,24,1,426.87,444.21,3,Yes
5653,563,2025-04-10,1,Private Client,25,1,464.55,490.77,5,Yes
5654,45,2025-08-30,1,Private Client,14,3,4139.23,12626.37,4,Yes
5655,634,2024-09-20,10,Private Client,23,1,395.7,411.61,3,Yes
5656,1436,2024-07-23,6,Online,20,1,1505.97,1572.51,4,Yes
5657,1211,2023-05-02,10,Online,7,2,4390.12,8789.49,3,Yes
5658,1750,2023-06-08,4,Boutique,20,2,1505.97,3163.08,4,Yes
5659,594,2023-11-03,1,Boutique,7,2,4390.12,9190.86,3,Yes
5660,1425,2025-01-20,8,Boutique,4,3,2247.59,7191.68,3,Yes
5661,1927,2025-11-27,10,Boutique,25,2,464.55,991.74,2,Yes
5662,857,2024-08-13,8,Boutique,5,1,1450.83,1457.73,3,Yes
5663,1893,2023-12-12,6,Private Client,23,1,395.7,366.04,4,Yes
5664,552,2023-05-29,2,Boutique,27,2,356.86,658.8,3,Yes
5665,43,2025-11-05,7,Boutique,24,3,426.87,1370.55,3,Yes
5666,179,2025-04-14,1,Online,21,3,2018.96,5899.27,3,Yes
5667,1481,2025-02-19,6,Boutique,1,1,1844.17,1808.03,4,Yes
5668,607,2023-04-28,1,Private Client,20,1,1505.97,1498.72,2,Yes
5669,672,2024-12-04,5,Boutique,3,1,2487.59,2394.37,3,Yes
5670,927,2023-11-13,4,Boutique,13,1,7115.72,7218.66,3,Yes
5671,17,2023-10-15,2,Private Client,7,2,4390.12,9180.09,3,Yes
5672,1136,2025-06-26,7,Online,6,1,1450.79,1394.46,3,Yes
5673,1639,2023-10-24,1,Boutique,6,1,1450.79,1507.21,3,Yes
5674,1054,2024-03-18,1,Online,2,2,2881.29,5921.18,3,Yes
5675,1216,2025-06-19,8,Online,16,2,4000.34,8033.43,4,Yes
5676,616,2023-10-28,2,Boutique,6,2,1450.79,2820.54,3,Yes
5677,312,2025-06-16,1,Online,8,1,9400.29,9960.96,4,Yes
5678,2073,2024-03-01,9,Private Client,21,1,2018.96,1987.56,4,Yes
5679,525,2023-09-07,6,Boutique,25,3,464.55,1365.7,3,Yes
5680,1474,2024-11-16,5,Online,11,3,3218.81,9874.85,3,Yes
5681,888,2025-01-21,4,Online,18,2,1879.61,4012.04,4,Yes
5682,1925,2025-09-24,6,Boutique,23,3,395.7,1188.62,3,Yes
5683,2008,2024-02-10,3,Private Client,6,1,1450.79,1502.48,3,Yes
5684,462,2025-03-11,9,Online,14,2,4139.23,8221.35,4,Yes
5685,2152,2023-09-01,5,Boutique,15,1,3992.76,3813.12,4,Yes
5686,428,2024-01-02,5,Online,11,2,3218.81,6050.28,3,Yes
5687,469,2023-04-30,6,Boutique,27,3,356.86,1008.29,3,Yes
5688,1015,2025-04-29,2,Boutique,15,1,3992.76,3686.96,4,Yes
5689,1605,2024-03-08,6,Online,13,1,7115.72,7175.95,4,Yes
5690,870,2023-07-02,9,Boutique,6,2,1450.79,2730.32,4,Yes
5691,886,2025-01-28,4,Online,4,1,2247.59,2379.1,3,Yes
5692,1274,2023-01-31,9,Boutique,14,1,4139.23,4459.04,3,Yes
5693,331,2025-09-03,10,Boutique,13,2,7115.72,14222.03,3,Yes
5694,1956,2024-06-11,5,Online,10,2,8420.05,16704.5,4,Yes
5695,587,2025-05-13,8,Private Client,25,1,464.55,453.26,3,Yes
5696,201,2023-04-12,9,Private Client,22,3,1263.19,3873.26,5,Yes
5697,454,2025-12-31,6,Online,12,1,7775.57,7909.97,4,Yes
5698,826,2024-09-14,9,Boutique,24,1,426.87,416.17,4,Yes
5699,111,2025-03-15,3,Online,8,2,9400.29,18328.81,3,Yes
5700,908,2024-02-12,2,Boutique,20,2,1505.97,3081.72,3,Yes
5701,1773,2025-04-09,10,Boutique,5,1,1450.83,1463.49,3,Yes
5702,1568,2025-02-27,6,Boutique,2,2,2881.29,5964.09,3,Yes
5703,1233,2024-09-09,2,Online,20,2,1505.97,3224.65,3,Yes
5704,2081,2024-07-02,2,Boutique,12,1,7775.57,8123.41,4,Yes
5705,555,2023-10-18,5,Boutique,6,1,1450.79,1405.37,3,Yes
5706,1904,2024-02-26,6,Boutique,15,2,3992.76,8316.6,3,Yes
5707,107,2023-06-30,10,Boutique,18,3,1879.61,5593.74,4,Yes
5708,1394,2024-10-16,5,Private Client,18,2,1879.61,3926.22,3,Yes
5709,167,2023-04-24,3,Boutique,10,1,8420.05,8940.84,3,Yes
5710,1405,2023-09-17,5,Boutique,7,1,4390.12,4214.47,3,Yes
5711,2083,2023-09-01,1,Boutique,10,1,8420.05,8067.95,3,Yes
5712,1526,2024-02-27,9,Boutique,5,1,1450.83,1435.19,4,Yes
5713,314,2023-12-01,5,Boutique,16,2,4000.34,7426.59,3,Yes
5714,816,2025-11-12,10,Boutique,19,2,1731.11,3565.08,1,Yes
5715,743,2023-09-28,1,Online,3,1,2487.59,2586.97,2,Yes
5716,826,2024-03-29,9,Boutique,7,2,4390.12,8563.09,2,Yes
5717,1125,2024-08-16,6,Online,19,1,1731.11,1721.49,3,No
5718,569,2025-10-06,6,Private Client,12,2,7775.57,15775.96,3,Yes
5719,1239,2025-05-05,3,Boutique,10,1,8420.05,7845.6,3,Yes
5720,1959,2023-05-12,6,Boutique,5,1,1450.83,1499.88,3,Yes
5721,2110,2025-02-06,7,Online,2,2,2881.29,5787.2,3,Yes
5722,369,2024-05-15,8,Boutique,3,2,2487.59,5074.1,3,Yes
5723,1392,2023-05-15,9,Boutique,14,1,4139.23,4287.47,4,Yes
5724,94,2025-02-05,9,Boutique,15,2,3992.76,8209.83,3,Yes
5725,1459,2025-03-22,3,Private Client,20,3,1505.97,4225.38,3,Yes
5726,2098,2025-02-08,6,Online,13,1,7115.72,7437.46,3,Yes
5727,764,2023-04-04,6,Boutique,17,1,1526.79,1553.67,3,Yes
5728,2084,2023-06-14,1,Boutique,20,1,1505.97,1557.75,3,Yes
5729,1434,2023-11-21,6,Boutique,4,1,2247.59,2161.82,4,Yes
5730,2148,2025-07-28,8,Boutique,19,3,1731.11,4961.85,4,Yes
5731,329,2024-09-11,1,Boutique,26,1,602.77,634.22,4,Yes
5732,706,2023-08-19,5,Online,15,1,3992.76,3922.74,4,Yes
5733,221,2024-08-04,10,Boutique,15,1,3992.76,4040.89,5,Yes
5734,1815,2025-01-02,4,Boutique,9,3,7756.91,23462.84,2,Yes
5735,1862,2024-11-01,10,Boutique,3,1,2487.59,2521.49,3,Yes
5736,996,2024-02-07,10,Boutique,2,1,2881.29,2682.83,2,Yes
5737,1022,2025-11-21,1,Private Client,7,1,4390.12,4251.37,5,Yes
5738,110,2023-05-01,6,Boutique,9,1,7756.91,7218.87,4,Yes
5739,149,2024-12-27,6,Boutique,22,1,1263.19,1259.18,3,Yes
5740,699,2024-01-20,1,Boutique,5,1,1450.83,1544.17,4,Yes
5741,1434,2024-04-20,6,Boutique,17,1,1526.79,1499.72,4,Yes
5742,108,2024-07-13,2,Private Client,3,1,2487.59,2600.01,4,Yes
5743,389,2024-01-24,2,Boutique,9,2,7756.91,14985.72,4,Yes
5744,425,2025-02-28,4,Boutique,8,1,9400.29,9936.13,4,Yes
5745,1092,2025-01-22,1,Boutique,9,2,7756.91,15314.01,4,Yes
5746,2000,2024-12-04,10,Online,24,2,426.87,833.96,5,Yes
5747,1664,2023-02-22,5,Online,17,3,1526.79,4725.09,3,Yes
5748,1528,2024-07-20,1,Online,24,1,426.87,427.74,2,Yes
5749,2027,2025-03-31,8,Boutique,8,2,9400.29,18311.22,3,Yes
5750,1856,2025-11-10,7,Private Client,21,2,2018.96,3752.42,4,Yes
5751,447,2025-11-08,5,Boutique,14,1,4139.23,3918.45,4,Yes
5752,1598,2025-05-11,6,Boutique,22,2,1263.19,2636.46,3,Yes
5753,210,2023-11-18,1,Online,16,1,4000.34,4269.63,4,Yes
5754,849,2025-04-06,6,Boutique,18,1,1879.61,1780.02,4,Yes
5755,1863,2024-03-08,1,Boutique,17,1,1526.79,1543.75,4,Yes
5756,1965,2025-12-18,6,Boutique,24,1,426.87,395.05,4,Yes
5757,1588,2023-02-27,6,Boutique,7,1,4390.12,4243.2,4,Yes
5758,1652,2025-10-14,6,Boutique,20,1,1505.97,1493.63,3,Yes
5759,1917,2025-01-20,8,Online,15,2,3992.76,8286.9,4,Yes
5760,1919,2023-07-01,4,Boutique,27,3,356.86,992.49,4,Yes
5761,577,2024-08-29,1,Online,28,3,488.98,1532.95,3,Yes
5762,1666,2025-08-18,1,Private Client,7,1,4390.12,4181.25,3,Yes
5763,689,2023-04-15,8,Boutique,2,2,2881.29,6001.87,4,Yes
5764,790,2024-08-29,3,Boutique,27,1,356.86,364.02,4,Yes
5765,992,2025-09-16,1,Private Client,2,2,2881.29,5614.67,2,Yes
5766,977,2024-04-28,8,Online,7,2,4390.12,9094.57,2,Yes
5767,1356,2023-05-09,2,Boutique,19,2,1731.11,3316.15,3,Yes
5768,1688,2023-11-15,10,Boutique,6,1,1450.79,1385.73,2,Yes
5769,350,2024-12-07,1,Online,28,3,488.98,1364.08,4,Yes
5770,1772,2024-05-23,1,Boutique,12,1,7775.57,7642.55,3,Yes
5771,426,2023-01-20,9,Online,15,3,3992.76,11207.27,3,Yes
5772,327,2025-01-21,1,Boutique,13,1,7115.72,7024.07,3,Yes
5773,1130,2023-08-23,9,Online,7,3,4390.12,12137.39,2,Yes
5774,255,2024-08-28,3,Boutique,7,1,4390.12,4147.84,3,Yes
5775,2038,2024-07-07,8,Online,15,1,3992.76,4268.98,4,Yes
5776,1991,2024-03-28,1,Private Client,26,2,602.77,1262.55,2,Yes
5777,444,2024-08-08,10,Boutique,4,2,2247.59,4305.42,3,Yes
5778,113,2025-09-10,10,Online,3,2,2487.59,5148.95,4,Yes
5779,1054,2024-02-27,1,Boutique,1,1,1844.17,1893.88,3,Yes
5780,689,2023-01-06,8,Boutique,7,2,4390.12,8326.37,3,Yes
5781,991,2024-04-02,9,Private Client,9,2,7756.91,15193.76,3,Yes
5782,1874,2024-07-07,1,Boutique,1,1,1844.17,1966.24,3,Yes
5783,46,2024-06-05,8,Boutique,5,2,1450.83,3012.49,3,Yes
5784,1195,2025-04-25,4,Boutique,15,2,3992.76,8318.16,3,Yes
5785,757,2024-07-04,1,Boutique,4,3,2247.59,6811.69,4,Yes
5786,1377,2023-01-11,6,Online,10,2,8420.05,17286.13,4,Yes
5787,1227,2024-05-11,6,Boutique,2,3,2881.29,8655.96,4,Yes
5788,1250,2025-11-05,10,Boutique,23,1,395.7,410.95,4,Yes
5789,564,2025-11-22,6,Boutique,7,3,4390.12,13660.78,4,No
5790,1341,2025-01-14,1,Boutique,24,2,426.87,789.69,3,No
5791,1438,2024-05-03,1,Boutique,19,2,1731.11,3535.22,3,Yes
5792,95,2025-01-05,2,Online,6,3,1450.79,4442.77,4,Yes
5793,1803,2024-04-02,10,Boutique,15,2,3992.76,7432.69,4,Yes
5794,949,2025-12-10,6,Boutique,20,2,1505.97,2968.75,3,Yes
5795,553,2024-04-08,4,Online,12,1,7775.57,8271.7,3,Yes
5796,66,2023-02-12,6,Boutique,11,2,3218.81,6904.67,3,Yes
5797,1498,2024-06-22,2,Boutique,3,1,2487.59,2599.91,4,Yes
5798,665,2024-07-21,5,Online,20,2,1505.97,2843.98,3,Yes
5799,180,2023-05-01,6,Boutique,28,2,488.98,958.36,3,Yes
5800,1483,2024-09-16,8,Boutique,17,2,1526.79,2898.48,5,Yes
5801,202,2023-11-12,6,Boutique,7,1,4390.12,4496.98,4,Yes
5802,1499,2025-10-18,2,Boutique,23,1,395.7,412.99,3,Yes
5803,1542,2024-09-12,4,Boutique,23,1,395.7,420.0,3,Yes
5804,1313,2024-03-29,2,Private Client,18,2,1879.61,3976.14,3,Yes
5805,1949,2024-11-17,2,Boutique,17,1,1526.79,1428.88,3,Yes
5806,694,2024-09-15,1,Online,16,3,4000.34,11282.25,3,Yes
5807,1720,2024-09-03,2,Private Client,25,1,464.55,495.0,5,Yes
5808,1268,2025-08-16,1,Online,2,1,2881.29,3039.78,4,Yes
5809,1792,2024-10-08,3,Boutique,5,3,1450.83,4324.9,4,Yes
5810,1722,2025-02-01,1,Boutique,21,1,2018.96,1996.36,4,Yes
5811,1622,2023-08-28,6,Boutique,13,2,7115.72,14351.67,4,Yes
5812,1198,2025-01-03,6,Online,11,1,3218.81,3268.58,3,Yes
5813,1558,2024-01-12,1,Boutique,24,3,426.87,1230.25,4,Yes
5814,1533,2023-01-04,3,Private Client,1,1,1844.17,1815.77,3,Yes
5815,2108,2025-03-04,9,Online,27,2,356.86,727.39,3,Yes
5816,104,2025-04-25,1,Online,23,1,395.7,377.1,4,Yes
5817,1695,2023-07-16,2,Boutique,3,1,2487.59,2686.13,4,Yes
5818,1011,2024-01-24,1,Online,18,1,1879.61,1814.33,4,Yes
5819,1768,2023-09-18,1,Boutique,21,1,2018.96,2035.89,4,Yes
5820,2125,2024-08-25,6,Online,4,3,2247.59,6801.2,3,Yes
5821,1042,2023-04-04,2,Boutique,9,2,7756.91,15393.4,2,Yes
5822,1558,2023-05-16,1,Online,11,1,3218.81,3085.7,4,Yes
5823,1208,2024-06-08,3,Online,17,1,1526.79,1542.75,2,Yes
5824,1681,2024-05-12,6,Boutique,11,2,3218.81,6016.36,3,Yes
5825,1679,2023-04-22,6,Boutique,3,1,2487.59,2442.58,4,Yes
5826,781,2024-01-04,4,Boutique,19,3,1731.11,4964.2,3,Yes
5827,946,2025-07-24,1,Boutique,20,1,1505.97,1415.41,3,Yes
5828,1831,2025-02-06,8,Online,23,1,395.7,422.64,4,Yes
5829,548,2024-08-08,10,Boutique,21,1,2018.96,2083.55,4,Yes
5830,2175,2024-11-03,4,Boutique,11,1,3218.81,3048.25,3,Yes
5831,1798,2024-05-25,5,Online,26,1,602.77,646.11,3,Yes
5832,1881,2024-12-13,2,Boutique,14,1,4139.23,3951.14,4,Yes
5833,948,2025-03-30,2,Private Client,6,1,1450.79,1389.42,3,Yes
5834,2198,2024-01-12,4,Boutique,19,3,1731.11,4888.6,4,Yes
5835,31,2024-06-28,1,Boutique,21,1,2018.96,2092.56,3,Yes
5836,612,2023-03-14,3,Boutique,15,3,3992.76,12114.11,3,Yes
5837,1865,2025-08-31,8,Boutique,28,3,488.98,1363.26,5,Yes
5838,302,2024-05-18,1,Boutique,11,1,3218.81,2974.33,5,Yes
5839,683,2025-03-15,7,Boutique,18,3,1879.61,5668.3,2,Yes
5840,257,2024-12-10,6,Boutique,4,3,2247.59,6906.25,3,Yes
5841,940,2023-11-21,2,Boutique,28,1,488.98,514.24,3,Yes
5842,2057,2024-01-23,5,Online,19,1,1731.11,1725.09,4,Yes
5843,777,2025-04-07,4,Boutique,3,2,2487.59,5115.7,5,Yes
5844,732,2023-08-28,8,Online,12,1,7775.57,8066.26,4,Yes
5845,1229,2025-09-02,1,Private Client,4,1,2247.59,2288.25,3,Yes
5846,2072,2023-01-31,3,Private Client,24,2,426.87,833.55,4,Yes
5847,2043,2024-04-23,7,Private Client,12,3,7775.57,21952.84,3,Yes
5848,970,2025-11-03,1,Online,24,1,426.87,436.95,3,Yes
5849,103,2024-12-17,4,Boutique,1,1,1844.17,1923.45,3,Yes
5850,1084,2023-03-09,1,Boutique,28,2,488.98,929.43,4,Yes
5851,1110,2025-10-02,5,Boutique,16,1,4000.34,3997.05,3,Yes
5852,767,2024-06-21,1,Online,21,2,2018.96,3971.53,1,Yes
5853,372,2023-10-18,7,Online,2,1,2881.29,2745.62,3,Yes
5854,679,2025-09-01,2,Boutique,26,1,602.77,578.21,3,Yes
5855,1994,2023-01-24,6,Boutique,22,2,1263.19,2420.34,3,Yes
5856,202,2024-02-19,6,Online,3,3,2487.59,7365.97,2,Yes
5857,1626,2025-04-30,3,Boutique,28,2,488.98,960.82,4,Yes
5858,89,2025-08-19,8,Boutique,16,1,4000.34,4035.02,3,Yes
5859,2168,2024-11-11,4,Boutique,26,1,602.77,563.54,3,Yes
5860,1997,2025-11-25,4,Private Client,10,1,8420.05,8529.51,3,Yes
5861,399,2023-04-11,4,Boutique,9,2,7756.91,14326.94,3,Yes
5862,1724,2024-06-29,1,Boutique,14,1,4139.23,3978.55,2,Yes
5863,188,2023-02-08,1,Boutique,25,1,464.55,464.71,3,Yes
5864,1076,2023-07-30,9,Boutique,8,3,9400.29,29044.35,3,Yes
5865,652,2025-01-11,8,Boutique,2,1,2881.29,3006.35,3,Yes
5866,1555,2024-08-14,6,Boutique,11,2,3218.81,5959.24,2,Yes
5867,1504,2025-01-19,6,Boutique,2,3,2881.29,8695.72,3,Yes
5868,587,2023-06-21,8,Boutique,27,1,356.86,348.55,2,Yes
5869,230,2025-04-17,6,Boutique,15,3,3992.76,12351.83,2,Yes
5870,1154,2024-03-17,3,Boutique,18,1,1879.61,1814.58,3,Yes
5871,55,2025-12-18,3,Private Client,5,3,1450.83,4522.22,3,Yes
5872,271,2024-06-17,6,Boutique,28,2,488.98,993.96,4,Yes
5873,1124,2023-12-31,8,Boutique,26,1,602.77,630.71,4,Yes
5874,970,2024-01-02,1,Private Client,25,1,464.55,500.55,3,Yes
5875,1553,2023-10-23,1,Boutique,7,1,4390.12,4677.12,4,Yes
5876,1378,2024-08-28,5,Boutique,23,1,395.7,401.61,4,Yes
5877,1176,2025-01-25,2,Boutique,19,1,1731.11,1840.17,4,Yes
5878,116,2024-06-06,2,Online,19,1,1731.11,1635.02,5,Yes
5879,323,2023-09-22,5,Online,26,1,602.77,558.7,3,Yes
5880,1596,2025-11-27,10,Boutique,16,1,4000.34,4021.55,2,Yes
5881,360,2024-01-17,1,Online,19,3,1731.11,5587.5,3,Yes
5882,28,2024-03-06,9,Boutique,17,3,1526.79,4734.08,3,Yes
5883,1255,2024-01-24,6,Private Client,13,3,7115.72,20681.61,5,Yes
5884,1419,2023-02-23,6,Boutique,28,1,488.98,502.18,3,Yes
5885,1736,2023-01-24,5,Online,8,3,9400.29,26124.87,3,Yes
5886,1868,2024-01-30,7,Boutique,28,1,488.98,486.68,5,Yes
5887,1295,2024-09-24,8,Boutique,11,2,3218.81,6166.99,4,Yes
5888,1875,2023-04-29,7,Boutique,18,2,1879.61,3488.07,3,Yes
5889,2076,2025-09-09,6,Online,11,2,3218.81,6180.02,5,Yes
5890,1543,2023-07-11,6,Online,23,1,395.7,409.78,3,Yes
5891,744,2024-05-01,8,Boutique,9,2,7756.91,15640.88,4,Yes
5892,1112,2024-09-24,6,Online,14,2,4139.23,7647.22,5,Yes
5893,1722,2024-12-21,1,Online,2,1,2881.29,2839.68,3,Yes
5894,1779,2024-01-19,6,Online,17,2,1526.79,3176.78,4,Yes
5895,580,2025-03-22,3,Boutique,21,2,2018.96,4331.63,3,Yes
5896,433,2023-12-12,1,Boutique,16,2,4000.34,8479.9,5,Yes
5897,374,2024-04-17,9,Boutique,26,2,602.77,1109.39,4,Yes
5898,1211,2024-11-06,10,Boutique,5,1,1450.83,1385.53,4,Yes
5899,1775,2023-01-03,3,Online,1,2,1844.17,3515.87,4,Yes
5900,2042,2025-12-09,3,Online,9,1,7756.91,7649.05,3,Yes
5901,1132,2025-07-13,1,Online,3,1,2487.59,2545.6,4,No
5902,1843,2025-05-25,8,Boutique,14,1,4139.23,3909.47,3,Yes
5903,1574,2025-09-10,2,Online,18,2,1879.61,4009.24,3,Yes
5904,1931,2025-08-30,6,Boutique,12,1,7775.57,8120.33,3,Yes
5905,948,2024-01-14,2,Private Client,23,1,395.7,390.59,4,Yes
5906,349,2023-05-18,8,Boutique,14,1,4139.23,4194.86,4,Yes
5907,788,2023-05-05,5,Online,28,2,488.98,984.5,4,Yes
5908,1546,2025-07-22,8,Online,16,3,4000.34,12158.92,4,Yes
5909,26,2024-04-24,9,Private Client,5,1,1450.83,1534.42,4,Yes
5910,1072,2024-07-23,3,Boutique,20,3,1505.97,4301.14,3,Yes
5911,859,2023-03-07,6,Boutique,20,3,1505.97,4650.71,3,Yes
5912,370,2025-05-01,4,Boutique,15,3,3992.76,11225.15,5,Yes
5913,1636,2024-03-07,5,Boutique,9,2,7756.91,15412.46,4,Yes
5914,1211,2024-08-23,10,Online,25,1,464.55,474.65,3,Yes
5915,1548,2025-05-05,1,Private Client,17,1,1526.79,1407.7,4,Yes
5916,884,2023-01-06,2,Boutique,12,3,7775.57,21863.91,5,Yes
5917,1915,2023-06-07,8,Boutique,13,1,7115.72,6650.37,3,Yes
5918,279,2023-11-26,5,Private Client,10,1,8420.05,8251.23,4,Yes
5919,1352,2023-08-11,6,Boutique,7,1,4390.12,4475.82,3,Yes
5920,1703,2024-02-06,2,Boutique,27,1,356.86,385.18,4,Yes
5921,1658,2024-06-28,8,Online,24,1,426.87,410.07,3,Yes
5922,1929,2024-05-23,6,Private Client,21,2,2018.96,3802.73,3,Yes
5923,607,2023-07-03,1,Boutique,7,1,4390.12,4330.25,4,Yes
5924,1049,2025-07-03,3,Boutique,8,1,9400.29,8867.82,3,Yes
5925,29,2024-08-03,1,Boutique,24,1,426.87,394.4,2,Yes
5926,956,2024-06-21,1,Online,15,1,3992.76,4033.62,5,Yes
5927,323,2024-06-01,5,Boutique,25,1,464.55,492.76,3,Yes
5928,1877,2025-02-06,7,Boutique,21,1,2018.96,2135.53,3,Yes
5929,584,2023-10-22,8,Online,18,2,1879.61,3519.1,2,Yes
5930,1294,2025-10-11,1,Online,22,2,1263.19,2383.88,2,Yes
5931,656,2023-09-17,6,Online,1,1,1844.17,1841.55,4,Yes
5932,786,2025-04-05,9,Boutique,10,2,8420.05,16483.67,3,Yes
5933,223,2023-11-12,2,Boutique,22,3,1263.19,3912.7,4,Yes
5934,2123,2025-01-15,3,Online,19,1,1731.11,1729.71,2,Yes
5935,2150,2024-12-19,6,Online,3,1,2487.59,2296.59,4,Yes
5936,1028,2024-11-10,3,Online,7,1,4390.12,4238.79,3,Yes
5937,1684,2025-05-03,1,Private Client,4,1,2247.59,2391.97,4,Yes
5938,1650,2024-04-05,4,Online,5,3,1450.83,4360.5,3,Yes
5939,833,2025-12-15,7,Boutique,6,1,1450.79,1519.95,3,Yes
5940,1004,2025-03-17,6,Boutique,28,3,488.98,1444.01,4,Yes
5941,167,2025-03-03,3,Boutique,10,1,8420.05,8658.46,4,Yes
5942,2017,2025-07-18,8,Online,12,1,7775.57,7363.78,2,Yes
5943,118,2023-05-29,1,Boutique,14,1,4139.23,4295.88,4,Yes
5944,1810,2025-02-06,3,Online,22,1,1263.19,1321.11,4,Yes
5945,1408,2023-12-11,1,Boutique,2,1,2881.29,2692.34,4,Yes
5946,1251,2025-08-31,1,Online,3,1,2487.59,2361.54,3,Yes
5947,463,2025-07-10,4,Boutique,1,3,1844.17,5499.66,4,Yes
5948,1734,2023-01-30,8,Boutique,3,2,2487.59,5084.58,5,Yes
5949,1672,2024-12-30,5,Online,24,1,426.87,436.26,3,Yes
5950,2152,2025-09-08,5,Boutique,15,1,3992.76,4100.22,4,Yes
5951,982,2023-08-19,5,Boutique,16,3,4000.34,12412.73,3,Yes
5952,1037,2024-12-29,4,Boutique,20,3,1505.97,4522.08,3,Yes
5953,1880,2025-01-15,3,Private Client,2,1,2881.29,2915.8,3,Yes
5954,597,2024-02-03,6,Online,20,1,1505.97,1387.52,3,Yes
5955,621,2023-04-05,8,Private Client,16,1,4000.34,3786.95,4,Yes
5956,1412,2024-04-19,6,Online,15,2,3992.76,7983.69,3,Yes
5957,71,2025-02-13,1,Online,7,1,4390.12,4562.63,4,Yes
5958,956,2025-03-10,1,Boutique,25,1,464.55,487.51,3,Yes
5959,1804,2025-08-01,6,Boutique,5,2,1450.83,3007.95,4,Yes
5960,438,2025-10-19,3,Boutique,5,2,1450.83,2895.35,3,Yes
5961,1068,2024-09-12,1,Online,28,1,488.98,471.87,4,Yes
5962,1926,2025-05-09,7,Online,21,1,2018.96,2001.1,3,Yes
5963,1038,2025-08-21,7,Boutique,26,1,602.77,555.44,3,Yes
5964,1403,2025-12-07,4,Boutique,9,1,7756.91,7878.49,4,Yes
5965,1439,2025-03-23,10,Boutique,23,1,395.7,368.76,4,Yes
5966,485,2023-04-05,9,Boutique,14,1,4139.23,3904.38,4,Yes
5967,169,2023-02-02,6,Online,19,3,1731.11,5298.01,4,Yes
5968,803,2023-05-02,1,Boutique,18,3,1879.61,5199.77,4,Yes
5969,246,2023-08-06,9,Online,9,1,7756.91,7848.2,3,Yes
5970,849,2025-12-12,6,Boutique,3,3,2487.59,7628.0,4,Yes
5971,2026,2025-03-05,10,Private Client,11,1,3218.81,3367.27,4,Yes
5972,1694,2023-06-25,1,Boutique,24,1,426.87,397.37,4,Yes
5973,1351,2023-10-19,3,Boutique,15,1,3992.76,3675.21,2,Yes
5974,530,2024-05-05,1,Online,28,2,488.98,1019.72,3,Yes
5975,1619,2025-01-30,1,Boutique,4,1,2247.59,2172.09,3,Yes
5976,847,2024-09-25,1,Boutique,21,1,2018.96,2144.04,4,Yes
5977,1789,2023-05-05,2,Boutique,24,3,426.87,1216.06,5,Yes
5978,1703,2024-08-26,2,Online,5,1,1450.83,1470.68,5,Yes
5979,760,2025-07-26,4,Private Client,26,1,602.77,565.1,4,Yes
5980,1404,2025-12-01,5,Boutique,18,1,1879.61,1850.35,3,Yes
5981,798,2024-05-05,9,Online,22,3,1263.19,4021.23,4,Yes
5982,532,2024-07-18,6,Boutique,23,2,395.7,805.12,4,Yes
5983,1918,2023-06-17,5,Boutique,12,1,7775.57,8011.47,4,Yes
5984,864,2025-01-28,8,Boutique,1,1,1844.17,1763.31,4,Yes
5985,42,2023-09-06,10,Private Client,26,3,602.77,1930.62,3,Yes
5986,599,2023-06-29,4,Boutique,25,1,464.55,473.73,3,Yes
5987,306,2023-01-28,1,Private Client,22,2,1263.19,2367.07,4,Yes
5988,809,2023-04-27,9,Boutique,20,1,1505.97,1389.24,5,Yes
5989,1264,2024-12-03,1,Online,2,1,2881.29,2658.13,3,Yes
5990,679,2024-10-18,2,Private Client,9,1,7756.91,7199.92,3,Yes
5991,731,2025-04-11,9,Boutique,22,3,1263.19,4039.15,4,Yes
5992,2026,2023-09-19,10,Online,25,1,464.55,454.02,4,Yes
5993,933,2024-09-17,1,Boutique,18,2,1879.61,3637.86,4,Yes
5994,903,2025-02-23,1,Boutique,5,2,1450.83,2862.92,3,Yes
5995,133,2025-11-27,3,Boutique,22,3,1263.19,3734.74,3,Yes
5996,2099,2023-07-16,6,Online,14,1,4139.23,3966.04,4,Yes
5997,392,2024-11-14,7,Boutique,11,1,3218.81,3008.6,4,Yes
5998,508,2025-05-23,10,Boutique,21,1,2018.96,1892.53,3,Yes
5999,1686,2023-11-29,4,Private Client,22,1,1263.19,1283.24,3,Yes
6000,1419,2024-12-20,6,Boutique,3,1,2487.59,2446.53,3,Yes
6001,956,2023-03-20,1,Boutique,9,1,7756.91,8256.4,4,Yes
6002,96,2023-07-16,1,Private Client,2,1,2881.29,2864.57,4,Yes
6003,106,2023-08-14,3,Boutique,14,2,4139.23,8283.08,3,Yes
6004,678,2024-08-17,10,Boutique,28,2,488.98,1044.97,3,Yes
6005,856,2025-07-01,1,Online,2,1,2881.29,2882.05,3,Yes
6006,1963,2025-01-04,7,Boutique,21,1,2018.96,2019.6,3,Yes
6007,790,2025-07-07,3,Boutique,27,1,356.86,349.05,5,Yes
6008,515,2024-06-20,1,Boutique,10,3,8420.05,26110.56,3,Yes
6009,1085,2023-08-08,1,Online,19,3,1731.11,5103.78,3,Yes
6010,1008,2023-10-20,6,Boutique,2,2,2881.29,5844.01,3,Yes
6011,1318,2023-07-21,4,Boutique,16,1,4000.34,3966.67,5,Yes
6012,1433,2023-02-01,3,Boutique,6,1,1450.79,1457.46,3,Yes
6013,297,2024-12-16,10,Boutique,12,3,7775.57,24547.27,3,Yes
6014,455,2025-01-22,4,Online,22,1,1263.19,1245.75,4,Yes
6015,942,2025-10-13,5,Boutique,7,2,4390.12,8401.04,2,Yes
6016,240,2023-04-25,6,Online,4,1,2247.59,2272.88,4,Yes
6017,1622,2024-12-22,6,Boutique,8,1,9400.29,10058.32,5,Yes
6018,2186,2023-07-01,10,Boutique,19,2,1731.11,3569.25,4,Yes
6019,454,2025-02-09,6,Boutique,10,2,8420.05,16323.75,5,Yes
6020,1250,2024-04-13,10,Boutique,1,1,1844.17,1980.78,3,Yes
6021,2075,2024-03-01,1,Boutique,5,1,1450.83,1414.32,3,Yes
6022,695,2025-04-13,1,Online,6,1,1450.79,1562.97,5,Yes
6023,710,2025-12-19,8,Online,27,1,356.86,339.27,3,Yes
6024,2015,2024-04-29,5,Boutique,19,1,1731.11,1869.5,3,Yes
6025,849,2023-01-11,6,Online,18,1,1879.61,1752.07,4,Yes
6026,949,2023-02-11,6,Private Client,19,1,1731.11,1790.17,3,Yes
6027,107,2023-05-03,10,Boutique,19,1,1731.11,1797.71,5,Yes
6028,1725,2024-12-01,1,Boutique,23,3,395.7,1221.21,5,Yes
6029,2084,2023-09-09,1,Online,1,2,1844.17,3852.17,2,Yes
6030,597,2025-08-30,6,Boutique,27,2,356.86,710.5,3,Yes
6031,155,2024-08-26,9,Online,20,2,1505.97,2797.06,3,Yes
6032,796,2023-08-01,3,Private Client,11,1,3218.81,3145.55,4,Yes
6033,272,2023-09-25,1,Boutique,3,1,2487.59,2544.23,3,Yes
6034,1571,2025-10-02,1,Online,10,1,8420.05,8617.08,3,Yes
6035,1444,2024-12-07,7,Boutique,27,2,356.86,678.91,3,Yes
6036,1208,2024-06-23,3,Boutique,7,3,4390.12,12649.88,2,Yes
6037,1635,2024-12-06,9,Boutique,17,1,1526.79,1523.54,4,Yes
6038,1261,2025-10-07,1,Boutique,24,1,426.87,442.48,5,Yes
6039,1939,2024-09-10,1,Boutique,26,1,602.77,636.79,3,Yes
6040,1533,2024-05-12,3,Boutique,16,1,4000.34,3735.67,4,Yes
6041,122,2025-10-17,2,Online,7,2,4390.12,9378.17,2,Yes
6042,1441,2025-02-20,8,Boutique,13,3,7115.72,22808.1,3,Yes
6043,1399,2023-05-06,1,Boutique,12,1,7775.57,7163.39,4,Yes
6044,1504,2025-04-20,6,Boutique,12,1,7775.57,7783.54,4,Yes
6045,150,2025-09-09,3,Boutique,8,2,9400.29,19062.72,4,Yes
6046,707,2023-01-12,3,Boutique,8,3,9400.29,28443.23,3,Yes
6047,1616,2024-05-30,6,Online,13,2,7115.72,14495.06,3,Yes
6048,1514,2023-11-12,1,Boutique,11,2,3218.81,6441.07,4,Yes
6049,845,2025-10-28,6,Online,25,2,464.55,898.45,4,Yes
6050,1977,2023-11-10,2,Boutique,1,2,1844.17,3449.75,4,Yes
6051,1836,2024-06-30,5,Online,25,1,464.55,442.87,4,Yes
6052,804,2023-02-08,4,Boutique,17,1,1526.79,1585.48,3,Yes
6053,355,2025-11-10,6,Boutique,19,2,1731.11,3318.78,2,Yes
6054,1606,2023-09-10,8,Online,13,3,7115.72,22473.3,2,Yes
6055,378,2023-10-30,9,Boutique,23,1,395.7,389.59,3,Yes
6056,2128,2025-09-05,1,Online,15,2,3992.76,7876.25,4,Yes
6057,1581,2023-09-15,1,Online,24,1,426.87,452.04,3,Yes
6058,988,2025-09-26,9,Boutique,12,1,7775.57,7420.12,3,Yes
6059,233,2024-06-25,6,Online,21,1,2018.96,1918.7,5,Yes
6060,154,2024-10-01,1,Online,17,1,1526.79,1645.37,3,Yes
6061,907,2024-07-05,1,Boutique,3,1,2487.59,2503.75,5,Yes
6062,1621,2024-04-05,8,Boutique,7,1,4390.12,4172.74,3,Yes
6063,323,2023-08-12,5,Boutique,2,2,2881.29,5454.45,3,Yes
6064,332,2023-04-02,6,Boutique,2,1,2881.29,3048.02,4,Yes
6065,243,2023-10-07,8,Boutique,25,2,464.55,943.94,4,Yes
6066,430,2023-09-05,4,Online,6,1,1450.79,1361.43,3,Yes
6067,1206,2025-05-15,1,Online,4,1,2247.59,2386.73,4,Yes
6068,1497,2023-03-19,5,Online,16,3,4000.34,11893.31,5,Yes
6069,81,2024-04-02,1,Online,15,1,3992.76,4305.38,3,Yes
6070,1574,2024-08-08,2,Boutique,10,1,8420.05,8126.04,3,Yes
6071,420,2025-11-03,7,Boutique,14,1,4139.23,4158.31,3,Yes
6072,467,2023-02-14,4,Online,9,1,7756.91,7351.19,4,Yes
6073,1081,2023-02-07,6,Boutique,15,2,3992.76,7908.48,3,Yes
6074,2001,2024-02-20,2,Online,7,1,4390.12,4162.91,5,Yes
6075,1566,2023-09-02,1,Boutique,7,2,4390.12,8509.43,2,Yes
6076,1519,2025-12-21,8,Boutique,8,1,9400.29,9054.16,4,Yes
6077,2036,2024-05-07,4,Boutique,19,3,1731.11,5013.1,3,Yes
6078,804,2023-11-19,4,Boutique,18,1,1879.61,2020.9,5,Yes
6079,1078,2024-04-12,1,Boutique,17,1,1526.79,1414.04,3,Yes
6080,1633,2025-12-20,6,Boutique,18,2,1879.61,3757.33,3,Yes
6081,1985,2023-03-28,9,Boutique,19,1,1731.11,1766.91,4,Yes
6082,4,2023-03-21,1,Boutique,21,1,2018.96,2070.89,4,Yes
6083,1903,2023-08-16,6,Boutique,8,2,9400.29,19566.28,4,Yes
6084,603,2024-04-27,6,Boutique,13,1,7115.72,7412.83,4,Yes
6085,1399,2024-09-14,1,Online,27,1,356.86,382.87,3,Yes
6086,501,2025-08-05,1,Boutique,11,1,3218.81,3350.48,4,Yes
6087,1686,2024-04-29,4,Boutique,19,3,1731.11,5462.29,3,Yes
6088,185,2025-04-19,6,Online,7,2,4390.12,8825.64,3,Yes
6089,1296,2023-01-25,1,Online,27,1,356.86,365.86,4,Yes
6090,55,2025-02-17,3,Boutique,27,1,356.86,355.61,2,Yes
6091,1725,2025-07-19,1,Boutique,5,1,1450.83,1398.93,4,Yes
6092,1871,2025-03-05,3,Boutique,5,1,1450.83,1407.51,4,Yes
6093,77,2025-01-22,9,Boutique,8,2,9400.29,18381.05,3,Yes
6094,1602,2024-03-01,4,Online,10,1,8420.05,8205.36,4,Yes
6095,1672,2025-12-26,5,Private Client,5,1,1450.83,1458.53,3,Yes
6096,1735,2024-10-21,1,Online,26,3,602.77,1735.29,3,Yes
6097,2091,2024-11-15,1,Private Client,15,1,3992.76,4003.39,2,Yes
6098,1385,2024-06-30,2,Boutique,23,2,395.7,844.11,3,Yes
6099,1252,2025-07-04,5,Private Client,16,1,4000.34,3940.15,4,Yes
6100,1087,2023-02-24,6,Boutique,28,2,488.98,934.56,4,Yes
6101,171,2023-11-10,9,Boutique,10,1,8420.05,8213.73,3,Yes
6102,1774,2023-08-08,7,Online,24,1,426.87,452.61,3,Yes
6103,2082,2023-02-18,10,Boutique,8,3,9400.29,30193.87,3,Yes
6104,827,2024-04-07,1,Boutique,19,3,1731.11,5514.64,4,Yes
6105,1666,2023-04-28,1,Online,4,1,2247.59,2171.12,4,Yes
6106,130,2023-03-23,7,Boutique,14,3,4139.23,12194.86,3,Yes
6107,1418,2024-05-10,1,Boutique,8,1,9400.29,10114.61,4,Yes
6108,1175,2024-09-25,1,Boutique,21,1,2018.96,1962.06,4,Yes
6109,1408,2025-04-16,1,Online,14,1,4139.23,3899.39,3,Yes
6110,1041,2024-08-24,3,Boutique,12,1,7775.57,7504.48,4,Yes
6111,594,2025-02-08,1,Boutique,1,1,1844.17,1981.07,3,Yes
6112,1038,2024-11-03,7,Boutique,23,1,395.7,390.37,2,Yes
6113,2129,2023-06-25,1,Online,19,1,1731.11,1851.29,3,Yes
6114,204,2025-03-15,5,Online,18,3,1879.61,5281.63,3,Yes
6115,1808,2024-09-30,6,Boutique,12,3,7775.57,24319.7,5,Yes
6116,1568,2023-10-24,6,Boutique,10,2,8420.05,15744.4,5,Yes
6117,23,2024-04-19,10,Boutique,21,1,2018.96,1921.24,3,Yes
6118,1634,2024-06-19,5,Boutique,1,1,1844.17,1878.43,3,Yes
6119,2192,2025-11-26,1,Boutique,14,2,4139.23,8191.67,5,Yes
6120,104,2023-01-25,1,Boutique,9,2,7756.91,15927.54,3,Yes
6121,1406,2023-12-15,6,Online,26,1,602.77,648.43,4,Yes
6122,1479,2024-09-28,6,Private Client,15,1,3992.76,3707.01,4,Yes
6123,1195,2023-08-15,4,Boutique,21,3,2018.96,5758.04,4,Yes
6124,576,2023-02-07,1,Boutique,22,1,1263.19,1291.53,3,Yes
6125,1607,2024-07-23,9,Online,23,2,395.7,841.61,4,Yes
6126,274,2023-08-24,5,Online,14,2,4139.23,8672.71,3,Yes
6127,452,2023-04-24,5,Boutique,9,2,7756.91,15428.39,4,Yes
6128,125,2023-11-02,1,Boutique,11,1,3218.81,3345.23,4,Yes
6129,1867,2023-05-12,6,Boutique,5,1,1450.83,1383.07,4,Yes
6130,2155,2023-12-14,1,Boutique,12,1,7775.57,7170.61,4,Yes
6131,1684,2024-02-19,1,Online,16,3,4000.34,12135.46,3,Yes
6132,907,2025-09-09,1,Boutique,20,1,1505.97,1581.45,4,Yes
6133,430,2025-01-01,4,Boutique,28,1,488.98,483.77,3,Yes
6134,362,2024-10-15,8,Boutique,3,1,2487.59,2515.15,5,Yes
6135,796,2024-01-20,3,Online,5,3,1450.83,4298.3,3,Yes
6136,432,2024-05-26,1,Boutique,26,2,602.77,1208.25,3,Yes
6137,1544,2025-12-02,1,Boutique,26,1,602.77,639.84,3,Yes
6138,859,2023-03-02,6,Online,19,1,1731.11,1725.06,3,Yes
6139,1430,2024-07-06,6,Online,5,1,1450.83,1336.5,2,Yes
6140,1346,2023-07-07,5,Online,24,1,426.87,447.35,4,Yes
6141,1631,2024-03-28,3,Boutique,18,2,1879.61,3830.02,4,Yes
6142,576,2025-04-26,1,Online,4,1,2247.59,2330.44,3,Yes
6143,1089,2023-07-06,1,Online,24,1,426.87,454.26,2,Yes
6144,893,2025-07-26,8,Online,15,1,3992.76,3856.18,3,Yes
6145,270,2023-06-13,1,Boutique,5,2,1450.83,2903.09,3,Yes
6146,2020,2023-04-12,6,Boutique,8,1,9400.29,9554.43,4,Yes
6147,1124,2024-11-21,8,Online,16,1,4000.34,3901.38,3,Yes
6148,438,2024-07-31,3,Private Client,22,1,1263.19,1333.13,5,Yes
6149,1043,2024-09-02,2,Online,1,1,1844.17,1902.47,4,Yes
6150,1642,2024-06-19,8,Online,5,2,1450.83,3010.02,3,Yes
6151,1384,2025-01-30,1,Boutique,26,1,602.77,632.48,3,Yes
6152,1454,2025-06-14,1,Boutique,18,1,1879.61,1806.86,3,Yes
6153,15,2025-08-28,1,Online,16,2,4000.34,8315.13,4,Yes
6154,1675,2023-05-04,2,Online,23,2,395.7,826.07,3,Yes
6155,1004,2024-10-29,6,Online,10,1,8420.05,8881.32,4,Yes
6156,1379,2023-12-15,8,Private Client,4,1,2247.59,2243.47,4,Yes
6157,1481,2023-09-06,6,Boutique,18,1,1879.61,1880.87,4,Yes
6158,1746,2024-12-07,10,Boutique,17,3,1526.79,4285.89,3,Yes
6159,1862,2024-12-13,10,Private Client,21,1,2018.96,2132.71,3,Yes
6160,115,2025-10-03,5,Boutique,27,2,356.86,717.54,4,Yes
6161,1376,2023-09-04,7,Online,26,1,602.77,611.88,3,Yes
6162,976,2024-04-25,7,Online,13,2,7115.72,13369.45,4,Yes
6163,1686,2023-04-08,4,Boutique,8,1,9400.29,9553.44,3,Yes
6164,2084,2023-11-25,1,Online,8,2,9400.29,17422.84,3,Yes
6165,1687,2025-10-25,1,Boutique,12,1,7775.57,8302.08,4,Yes
6166,63,2024-04-03,1,Online,26,2,602.77,1275.66,4,Yes
6167,509,2025-03-06,8,Boutique,18,3,1879.61,5363.04,4,Yes
6168,188,2024-08-15,1,Online,6,2,1450.79,2945.13,2,Yes
6169,93,2024-05-12,8,Online,7,1,4390.12,4462.26,3,Yes
6170,5,2023-03-28,1,Boutique,26,2,602.77,1264.07,4,Yes
6171,2073,2024-02-06,9,Online,17,1,1526.79,1589.55,3,Yes
6172,98,2023-07-16,4,Private Client,5,1,1450.83,1565.33,4,Yes
6173,1292,2025-02-02,1,Online,22,1,1263.19,1233.04,3,Yes
6174,1788,2023-01-27,10,Private Client,23,1,395.7,371.93,4,Yes
6175,1309,2023-05-15,1,Boutique,27,2,356.86,722.11,5,Yes
6176,684,2023-07-25,6,Boutique,25,1,464.55,484.17,4,Yes
6177,1133,2025-11-16,8,Boutique,19,3,1731.11,5015.34,4,Yes
6178,27,2024-08-25,6,Private Client,8,1,9400.29,9003.53,4,Yes
6179,1782,2025-12-27,1,Boutique,26,2,602.77,1263.88,4,Yes
6180,2103,2023-12-28,1,Boutique,19,1,1731.11,1801.39,3,Yes
6181,781,2024-10-19,4,Boutique,27,1,356.86,339.92,2,Yes
6182,1615,2025-12-22,5,Boutique,25,1,464.55,492.0,4,Yes
6183,1042,2025-08-29,2,Private Client,8,2,9400.29,17701.81,3,Yes
6184,1794,2025-09-06,1,Boutique,25,1,464.55,435.51,2,Yes
6185,855,2025-07-29,1,Private Client,21,1,2018.96,1970.86,4,Yes
6186,1643,2025-06-26,3,Boutique,27,3,356.86,1136.79,4,Yes
6187,1933,2023-09-03,1,Online,25,2,464.55,958.15,4,Yes
6188,2027,2023-10-05,8,Boutique,19,2,1731.11,3403.9,2,Yes
6189,1988,2023-12-13,4,Boutique,7,1,4390.12,4149.37,4,Yes
6190,1270,2024-01-07,1,Boutique,3,1,2487.59,2572.56,4,Yes
6191,1113,2025-03-19,8,Boutique,6,3,1450.79,4421.41,5,Yes
6192,240,2025-04-28,6,Boutique,8,2,9400.29,20267.58,4,Yes
6193,490,2023-05-03,8,Boutique,18,1,1879.61,1959.47,3,Yes
6194,1037,2025-12-16,4,Boutique,15,1,3992.76,3738.58,4,Yes
6195,1339,2023-06-09,6,Boutique,24,1,426.87,442.46,3,Yes
6196,2037,2025-01-06,1,Online,17,1,1526.79,1467.54,3,Yes
6197,685,2024-06-01,5,Boutique,4,1,2247.59,2413.69,3,Yes
6198,2027,2025-07-23,8,Online,7,3,4390.12,12157.35,2,Yes
6199,1615,2025-01-15,5,Private Client,17,1,1526.79,1462.87,4,Yes
6200,1768,2023-10-15,1,Boutique,22,2,1263.19,2525.98,3,Yes
6201,613,2024-02-24,1,Boutique,26,1,602.77,562.17,2,Yes
6202,162,2023-05-20,1,Boutique,6,1,1450.79,1414.59,4,Yes
6203,656,2024-12-07,6,Boutique,13,1,7115.72,7112.57,4,Yes
6204,621,2024-11-28,8,Online,7,3,4390.12,13058.53,3,Yes
6205,1257,2025-09-13,2,Boutique,9,2,7756.91,15415.98,4,Yes
6206,2159,2024-04-19,8,Boutique,23,1,395.7,419.7,3,Yes
6207,1952,2024-01-24,8,Boutique,19,2,1731.11,3465.15,3,Yes
6208,1256,2024-05-25,1,Online,20,1,1505.97,1612.24,3,Yes
6209,1976,2024-06-21,1,Online,13,2,7115.72,13429.31,2,Yes
6210,750,2023-08-01,6,Private Client,15,2,3992.76,7704.76,4,Yes
6211,709,2025-06-15,3,Private Client,17,1,1526.79,1565.02,4,Yes
6212,1622,2025-11-27,6,Boutique,5,1,1450.83,1400.49,5,Yes
6213,41,2023-08-21,1,Boutique,23,2,395.7,772.06,3,Yes
6214,560,2023-09-17,1,Boutique,19,1,1731.11,1842.19,2,Yes
6215,466,2023-11-04,1,Boutique,6,1,1450.79,1459.74,2,Yes
6216,1101,2024-02-07,3,Boutique,12,1,7775.57,7569.87,4,Yes
6217,1714,2025-09-23,7,Boutique,15,1,3992.76,4169.53,3,Yes
6218,490,2025-01-19,8,Boutique,15,1,3992.76,3718.48,4,Yes
6219,117,2023-10-31,2,Boutique,3,2,2487.59,5025.86,2,Yes
6220,1595,2023-12-09,6,Online,4,1,2247.59,2103.63,4,Yes
6221,196,2025-11-27,3,Private Client,5,1,1450.83,1375.82,4,Yes
6222,619,2025-05-04,6,Boutique,6,1,1450.79,1349.22,4,Yes
6223,1475,2025-12-05,1,Boutique,6,1,1450.79,1544.03,2,Yes
6224,1308,2023-09-13,6,Boutique,17,2,1526.79,2832.84,5,Yes
6225,34,2023-05-17,2,Online,28,2,488.98,980.53,5,Yes
6226,1275,2025-03-28,1,Private Client,8,2,9400.29,17973.29,4,Yes
6227,339,2025-08-30,10,Boutique,19,1,1731.11,1698.87,4,Yes
6228,180,2023-02-07,6,Boutique,20,2,1505.97,3008.88,4,Yes
6229,622,2023-04-15,5,Boutique,24,1,426.87,423.46,4,Yes
6230,1657,2023-09-12,1,Boutique,21,1,2018.96,2099.1,2,Yes
6231,643,2024-05-02,1,Online,22,3,1263.19,4039.31,4,Yes
6232,2071,2024-04-02,8,Boutique,13,1,7115.72,6888.33,4,Yes
6233,1681,2024-06-11,6,Private Client,15,1,3992.76,3689.02,4,Yes
6234,1351,2024-08-13,3,Boutique,17,3,1526.79,4869.08,4,Yes
6235,1178,2024-06-08,7,Online,24,1,426.87,459.57,3,Yes
6236,619,2024-01-05,6,Boutique,21,1,2018.96,1997.43,4,Yes
6237,1170,2023-04-12,10,Boutique,17,1,1526.79,1515.99,3,Yes
6238,252,2025-07-04,8,Online,23,3,395.7,1119.51,3,Yes
6239,302,2024-10-25,1,Private Client,2,1,2881.29,2870.01,4,Yes
6240,1567,2024-11-20,6,Online,28,2,488.98,947.19,2,Yes
6241,612,2024-08-21,3,Online,22,1,1263.19,1363.11,4,Yes
6242,1072,2024-08-22,3,Online,3,2,2487.59,4724.31,3,Yes
6243,1944,2024-06-24,8,Boutique,22,1,1263.19,1238.65,3,Yes
6244,74,2024-01-24,6,Online,9,1,7756.91,7901.5,3,Yes
6245,1728,2023-12-29,8,Online,6,2,1450.79,2829.68,3,Yes
6246,542,2025-07-19,3,Boutique,1,1,1844.17,1836.62,4,Yes
6247,157,2024-09-03,2,Boutique,22,1,1263.19,1358.89,3,Yes
6248,1290,2024-12-22,7,Online,19,1,1731.11,1733.35,4,Yes
6249,256,2023-12-09,1,Online,4,1,2247.59,2395.15,4,Yes
6250,1052,2023-05-15,10,Boutique,13,3,7115.72,19786.54,3,Yes
6251,937,2025-07-28,2,Online,20,1,1505.97,1414.36,4,Yes
6252,2166,2025-09-04,6,Online,25,2,464.55,995.18,3,Yes
6253,1892,2024-01-15,4,Boutique,8,2,9400.29,17683.77,3,Yes
6254,1582,2023-02-07,5,Online,23,1,395.7,410.68,4,Yes
6255,316,2025-02-19,4,Boutique,5,2,1450.83,2876.59,3,Yes
6256,1776,2023-11-06,2,Boutique,10,1,8420.05,8294.42,4,Yes
6257,1971,2023-04-16,1,Boutique,27,1,356.86,365.95,3,Yes
6258,1222,2024-07-09,6,Private Client,20,1,1505.97,1560.81,5,Yes
6259,1723,2024-02-01,5,Boutique,19,3,1731.11,5552.27,4,Yes
6260,570,2023-06-02,1,Online,12,2,7775.57,14946.23,4,Yes
6261,908,2024-06-19,2,Boutique,1,2,1844.17,3805.23,3,Yes
6262,649,2025-09-22,1,Online,9,2,7756.91,15122.34,5,Yes
6263,1641,2025-08-23,1,Online,24,2,426.87,883.47,5,Yes
6264,339,2025-06-11,10,Online,16,1,4000.34,3771.27,3,Yes
6265,529,2024-08-05,1,Online,17,1,1526.79,1516.42,4,Yes
6266,2102,2023-07-20,4,Online,18,2,1879.61,3568.93,4,Yes
6267,1136,2023-01-12,7,Boutique,14,2,4139.23,8061.82,3,Yes
6268,1952,2025-12-11,8,Boutique,17,3,1526.79,4738.4,3,Yes
6269,419,2025-02-06,10,Boutique,1,1,1844.17,1765.49,4,Yes
6270,1680,2025-07-08,1,Online,25,1,464.55,478.29,3,Yes
6271,85,2024-06-04,9,Boutique,21,3,2018.96,6052.95,4,Yes
6272,1752,2023-04-10,8,Boutique,15,2,3992.76,7464.27,4,Yes
6273,126,2025-05-20,5,Online,19,2,1731.11,3399.45,3,Yes
6274,2028,2024-01-01,6,Online,2,1,2881.29,3051.5,3,Yes
6275,1429,2024-10-18,6,Online,28,1,488.98,527.26,3,Yes
6276,1290,2023-06-10,7,Boutique,24,2,426.87,835.83,3,Yes
6277,644,2025-01-30,9,Boutique,24,2,426.87,792.94,4,Yes
6278,574,2023-06-24,2,Boutique,14,1,4139.23,3894.31,3,Yes
6279,2022,2024-06-28,1,Boutique,22,2,1263.19,2642.86,3,Yes
6280,1668,2024-04-21,1,Boutique,2,2,2881.29,5906.22,3,Yes
6281,1308,2023-10-10,6,Boutique,27,2,356.86,689.17,3,Yes
6282,137,2025-08-14,1,Boutique,15,2,3992.76,7846.63,4,Yes
6283,130,2024-03-27,7,Boutique,1,1,1844.17,1935.98,5,Yes
6284,1219,2023-03-23,1,Boutique,22,2,1263.19,2491.26,3,Yes
6285,1018,2025-03-26,6,Boutique,1,1,1844.17,1919.64,3,Yes
6286,432,2024-06-03,1,Online,12,1,7775.57,7520.79,4,Yes
6287,909,2023-05-14,1,Online,22,1,1263.19,1308.63,3,Yes
6288,2014,2024-03-22,6,Online,15,1,3992.76,3971.29,5,Yes
6289,209,2023-04-28,2,Boutique,26,1,602.77,607.14,3,Yes
6290,1985,2025-01-18,9,Private Client,18,1,1879.61,1909.3,4,Yes
6291,58,2024-10-07,2,Private Client,15,2,3992.76,7922.37,4,Yes
6292,2008,2024-01-14,3,Boutique,7,1,4390.12,4366.33,5,Yes
6293,1369,2024-08-30,4,Boutique,12,1,7775.57,7484.09,3,Yes
6294,1038,2025-08-23,7,Boutique,10,2,8420.05,18148.95,4,Yes
6295,1383,2024-06-08,1,Online,2,2,2881.29,6136.75,4,Yes
6296,377,2024-07-29,2,Boutique,2,1,2881.29,2893.91,5,Yes
6297,993,2025-07-25,6,Private Client,6,2,1450.79,2685.53,3,Yes
6298,415,2024-10-23,3,Online,20,2,1505.97,2852.15,4,Yes
6299,394,2025-05-25,8,Private Client,6,3,1450.79,4598.84,3,Yes
6300,729,2023-01-12,6,Online,28,1,488.98,522.69,4,Yes
6301,358,2024-01-23,8,Private Client,24,1,426.87,403.74,3,Yes
6302,1600,2023-03-24,5,Boutique,27,1,356.86,370.25,4,Yes
6303,1182,2025-09-02,10,Boutique,10,1,8420.05,8585.79,4,Yes
6304,2066,2024-01-31,5,Online,3,1,2487.59,2409.33,2,Yes
6305,1592,2024-06-28,7,Online,16,3,4000.34,11878.31,3,Yes
6306,155,2024-10-22,9,Boutique,5,2,1450.83,2983.96,4,Yes
6307,1591,2024-10-01,6,Online,5,1,1450.83,1358.28,3,Yes
6308,1555,2023-04-10,6,Online,10,3,8420.05,24003.38,3,Yes
6309,487,2024-04-01,1,Boutique,25,2,464.55,859.72,4,Yes
6310,2199,2025-05-23,2,Boutique,23,3,395.7,1263.49,4,Yes
6311,1383,2023-11-24,1,Private Client,13,2,7115.72,14399.7,5,Yes
6312,1071,2024-12-24,7,Boutique,25,1,464.55,466.29,4,Yes
6313,1507,2023-03-15,4,Online,24,3,426.87,1322.87,3,Yes
6314,1876,2023-04-02,1,Boutique,3,2,2487.59,5363.92,4,Yes
6315,924,2023-11-26,6,Online,18,1,1879.61,1781.04,2,Yes
6316,2191,2023-06-24,8,Private Client,19,1,1731.11,1629.49,4,Yes
6317,1071,2023-11-11,7,Boutique,6,1,1450.79,1403.16,3,Yes
6318,191,2024-05-11,6,Boutique,27,2,356.86,759.85,4,Yes
6319,140,2024-03-03,1,Online,28,2,488.98,964.11,4,Yes
6320,615,2023-02-04,1,Private Client,26,1,602.77,631.08,2,Yes
6321,1515,2023-04-29,6,Boutique,20,2,1505.97,2868.78,4,Yes
6322,624,2025-07-13,5,Boutique,27,1,356.86,356.49,3,Yes
6323,1340,2025-04-07,9,Boutique,1,3,1844.17,5202.75,3,Yes
6324,1346,2024-01-25,5,Boutique,10,2,8420.05,16605.41,4,Yes
6325,87,2023-06-25,6,Boutique,10,2,8420.05,16199.59,3,Yes
6326,1918,2023-04-16,5,Private Client,25,2,464.55,936.45,4,Yes
6327,282,2024-08-14,2,Boutique,22,2,1263.19,2639.73,3,Yes
6328,1098,2025-07-02,6,Boutique,1,1,1844.17,1973.52,4,Yes
6329,453,2025-08-12,6,Private Client,19,1,1731.11,1671.24,4,Yes
6330,47,2025-08-10,6,Boutique,11,2,3218.81,6688.05,5,Yes
6331,1612,2025-05-10,9,Online,27,1,356.86,378.88,3,Yes
6332,2079,2023-05-07,8,Online,13,2,7115.72,13377.22,4,Yes
6333,2065,2025-04-03,1,Boutique,17,3,1526.79,4643.35,5,Yes
6334,1684,2023-08-22,1,Boutique,28,1,488.98,497.73,2,Yes
6335,1259,2024-10-28,1,Boutique,25,3,464.55,1342.9,4,Yes
6336,392,2025-07-19,7,Boutique,20,1,1505.97,1390.92,2,Yes
6337,354,2023-05-17,6,Boutique,18,1,1879.61,1806.44,4,Yes
6338,305,2024-07-09,1,Private Client,4,3,2247.59,6834.19,2,Yes
6339,1623,2025-01-28,1,Boutique,15,2,3992.76,7597.67,4,Yes
6340,1574,2023-02-25,2,Online,2,2,2881.29,5566.51,2,Yes
6341,1564,2023-12-22,10,Boutique,6,2,1450.79,2998.11,3,Yes
6342,1613,2025-07-11,5,Private Client,22,1,1263.19,1242.64,3,Yes
6343,1949,2025-03-23,2,Online,27,2,356.86,664.09,3,Yes
6344,712,2025-12-22,3,Online,23,1,395.7,389.32,3,Yes
6345,1419,2025-12-22,6,Boutique,9,1,7756.91,8377.18,3,Yes
6346,786,2025-03-16,9,Boutique,11,3,3218.81,9287.25,3,Yes
6347,857,2025-11-18,8,Online,25,1,464.55,447.1,4,Yes
6348,177,2024-08-22,6,Online,20,1,1505.97,1426.43,5,Yes
6349,1430,2024-07-21,6,Online,16,1,4000.34,3854.18,3,Yes
6350,2069,2024-12-05,6,Boutique,25,3,464.55,1410.32,3,Yes
6351,711,2024-09-03,4,Private Client,8,1,9400.29,10099.07,4,Yes
6352,1868,2023-05-21,7,Private Client,28,2,488.98,994.81,4,Yes
6353,152,2024-07-14,1,Online,17,1,1526.79,1504.77,2,Yes
6354,1467,2024-05-13,6,Boutique,23,1,395.7,388.71,2,Yes
6355,96,2024-09-18,1,Online,23,1,395.7,365.58,2,Yes
6356,1099,2024-05-16,1,Boutique,26,1,602.77,554.79,4,Yes
6357,640,2025-01-10,1,Online,4,2,2247.59,4708.93,4,Yes
6358,1157,2025-02-02,1,Online,7,1,4390.12,4383.21,4,Yes
6359,112,2024-11-05,10,Boutique,11,1,3218.81,2978.41,4,Yes
6360,1194,2023-02-18,1,Online,27,2,356.86,689.29,3,Yes
6361,1623,2024-09-18,1,Boutique,11,2,3218.81,6290.0,5,Yes
6362,1634,2024-11-10,5,Private Client,11,1,3218.81,3364.71,4,Yes
6363,1162,2023-10-04,6,Boutique,26,1,602.77,596.44,4,Yes
6364,1618,2023-02-16,7,Boutique,26,2,602.77,1261.34,5,Yes
6365,1260,2025-07-14,3,Private Client,21,2,2018.96,4124.32,4,No
6366,1672,2023-08-04,5,Boutique,21,2,2018.96,3736.29,4,Yes
6367,1595,2023-08-18,6,Online,15,1,3992.76,4292.18,4,Yes
6368,2164,2023-11-19,9,Boutique,5,3,1450.83,4130.64,3,Yes
6369,1496,2023-08-13,1,Boutique,6,1,1450.79,1398.71,3,Yes
6370,1225,2023-02-15,1,Online,23,2,395.7,830.56,3,Yes
6371,292,2025-11-03,2,Boutique,5,3,1450.83,4136.49,3,Yes
6372,1015,2024-09-24,2,Private Client,9,1,7756.91,7634.15,4,Yes
6373,1634,2024-01-10,5,Boutique,28,1,488.98,517.54,4,Yes
6374,1240,2024-12-03,5,Boutique,11,2,3218.81,6579.01,3,Yes
6375,1660,2025-09-13,5,Boutique,25,3,464.55,1349.52,4,Yes
6376,585,2023-11-29,6,Online,23,2,395.7,809.64,4,Yes
6377,1914,2023-06-15,3,Boutique,26,2,602.77,1265.84,4,Yes
6378,2027,2024-05-21,8,Boutique,3,1,2487.59,2449.34,4,Yes
6379,1493,2023-04-27,1,Private Client,20,1,1505.97,1523.24,3,Yes
6380,27,2025-07-31,6,Boutique,4,1,2247.59,2423.06,3,Yes
6381,1701,2024-09-27,8,Boutique,23,2,395.7,850.22,4,Yes
6382,455,2024-04-01,4,Boutique,15,2,3992.76,7997.07,4,Yes
6383,918,2025-05-18,1,Boutique,18,1,1879.61,1758.15,3,Yes
6384,14,2023-08-04,5,Boutique,27,1,356.86,368.32,3,Yes
6385,2146,2023-04-23,8,Boutique,5,1,1450.83,1397.12,4,Yes
6386,279,2025-11-05,5,Boutique,11,1,3218.81,3306.09,3,Yes
6387,1964,2023-08-04,1,Boutique,11,1,3218.81,3142.46,4,Yes
6388,490,2024-03-02,8,Boutique,4,1,2247.59,2326.26,3,Yes
6389,985,2025-12-02,10,Online,16,2,4000.34,7830.84,1,Yes
6390,961,2025-02-02,1,Online,26,1,602.77,645.32,2,Yes
6391,1783,2023-10-11,6,Boutique,11,1,3218.81,3031.69,3,Yes
6392,1888,2025-04-13,6,Private Client,25,3,464.55,1297.41,4,Yes
6393,1870,2025-12-19,1,Online,1,1,1844.17,1927.14,3,Yes
6394,1597,2023-08-18,1,Private Client,26,2,602.77,1186.51,4,Yes
6395,1263,2024-01-20,3,Boutique,13,1,7115.72,7076.53,4,Yes
6396,250,2023-06-08,6,Online,19,2,1731.11,3702.54,4,Yes
6397,1607,2025-04-03,9,Boutique,6,1,1450.79,1471.66,3,Yes
6398,740,2024-04-15,8,Online,27,1,356.86,366.01,3,Yes
6399,306,2023-07-27,1,Boutique,20,2,1505.97,2780.37,2,Yes
6400,1807,2023-06-23,8,Boutique,19,2,1731.11,3556.68,5,Yes
6401,1937,2025-11-07,6,Boutique,6,1,1450.79,1424.87,4,Yes
6402,1826,2025-10-13,8,Online,13,1,7115.72,7070.42,4,Yes
6403,183,2024-12-08,5,Boutique,11,1,3218.81,3377.46,3,Yes
6404,30,2025-09-01,1,Boutique,19,1,1731.11,1737.7,4,Yes
6405,1412,2024-02-01,6,Boutique,7,3,4390.12,14196.32,3,Yes
6406,767,2025-08-31,1,Private Client,12,2,7775.57,16289.66,3,Yes
6407,615,2025-02-04,1,Online,16,1,4000.34,4146.65,3,Yes
6408,1005,2024-11-07,1,Online,1,1,1844.17,1870.34,2,Yes
6409,2122,2024-05-31,8,Boutique,25,1,464.55,458.04,4,Yes
6410,24,2024-10-23,7,Boutique,15,1,3992.76,3707.12,3,Yes
6411,1056,2023-11-02,8,Boutique,13,1,7115.72,6567.52,4,Yes
6412,1971,2023-12-24,1,Boutique,10,2,8420.05,15618.88,4,Yes
6413,2005,2024-02-23,4,Boutique,18,2,1879.61,4035.2,3,Yes
6414,1539,2024-10-03,6,Online,4,2,2247.59,4368.03,4,Yes
6415,672,2024-05-21,5,Boutique,22,1,1263.19,1303.74,3,Yes
6416,571,2023-11-08,1,Boutique,6,2,1450.79,2945.37,5,Yes
6417,764,2024-12-04,6,Boutique,27,3,356.86,1082.86,3,Yes
6418,1243,2023-09-02,6,Boutique,8,1,9400.29,9519.47,4,Yes
6419,713,2024-04-21,4,Online,24,1,426.87,413.37,4,Yes
6420,767,2024-09-06,1,Boutique,20,1,1505.97,1599.11,3,Yes
6421,1783,2024-03-11,6,Boutique,22,2,1263.19,2695.83,3,Yes
6422,1294,2023-09-07,1,Online,9,2,7756.91,15872.56,3,Yes
6423,1675,2025-11-11,2,Boutique,23,2,395.7,837.48,4,Yes
6424,2126,2024-04-21,8,Boutique,8,1,9400.29,8738.48,3,Yes
6425,2058,2024-05-25,5,Boutique,24,1,426.87,399.58,4,Yes
6426,1492,2025-02-12,9,Boutique,18,2,1879.61,3794.75,3,Yes
6427,1360,2025-07-12,1,Online,7,2,4390.12,9267.03,4,Yes
6428,636,2025-12-01,1,Online,19,3,1731.11,5039.96,4,Yes
6429,1210,2023-03-15,5,Boutique,23,1,395.7,398.74,3,Yes
6430,1692,2025-03-19,1,Boutique,18,2,1879.61,3464.47,3,Yes
6431,1298,2025-04-10,3,Private Client,1,1,1844.17,1987.76,4,Yes
6432,358,2025-11-11,8,Boutique,11,1,3218.81,3356.31,4,Yes
6433,1671,2023-08-08,10,Private Client,9,1,7756.91,7584.92,4,Yes
6434,2146,2023-03-20,8,Boutique,10,2,8420.05,18141.54,4,Yes
6435,1007,2023-08-23,1,Online,10,1,8420.05,7870.97,3,Yes
6436,241,2023-06-06,3,Online,1,2,1844.17,3667.2,3,Yes
6437,1827,2023-11-23,9,Online,27,3,356.86,995.01,3,Yes
6438,1265,2024-10-03,6,Boutique,17,1,1526.79,1486.47,3,Yes
6439,156,2024-09-12,8,Boutique,27,2,356.86,681.67,3,Yes
6440,352,2025-09-11,2,Boutique,12,2,7775.57,15094.69,4,Yes
6441,44,2025-11-09,1,Private Client,12,1,7775.57,8332.19,4,Yes
6442,138,2024-08-28,8,Boutique,19,2,1731.11,3421.88,4,Yes
6443,1968,2025-05-13,6,Private Client,17,3,1526.79,4452.02,3,Yes
6444,754,2025-01-18,5,Boutique,7,1,4390.12,4489.0,3,Yes
6445,143,2025-07-03,6,Boutique,23,1,395.7,407.31,2,Yes
6446,1847,2025-06-17,7,Boutique,11,1,3218.81,3467.96,3,Yes
6447,62,2025-09-24,5,Online,24,1,426.87,430.02,2,Yes
6448,1591,2025-05-09,6,Online,2,1,2881.29,2997.72,4,Yes
6449,1447,2024-07-26,2,Boutique,16,3,4000.34,11774.76,5,Yes
6450,1420,2023-02-07,8,Private Client,23,2,395.7,749.74,4,Yes
6451,2020,2023-04-28,6,Boutique,9,1,7756.91,7669.83,4,Yes
6452,2079,2024-01-25,8,Online,27,1,356.86,352.22,3,Yes
6453,1193,2024-11-10,10,Online,10,1,8420.05,8313.1,2,Yes
6454,334,2024-01-12,6,Boutique,21,2,2018.96,4164.17,3,Yes
6455,1796,2025-04-28,7,Boutique,10,1,8420.05,8293.33,3,Yes
6456,254,2024-01-11,3,Boutique,3,3,2487.59,8005.06,3,Yes
6457,1424,2024-08-17,6,Boutique,25,3,464.55,1501.3,3,Yes
6458,1028,2025-01-16,3,Private Client,17,2,1526.79,3064.99,3,Yes
6459,1912,2025-12-01,1,Private Client,28,1,488.98,493.55,4,Yes
6460,2167,2024-04-02,1,Online,14,1,4139.23,4078.05,3,Yes
6461,996,2025-11-17,10,Online,19,1,1731.11,1691.11,3,Yes
6462,470,2025-01-10,1,Boutique,18,1,1879.61,2025.57,4,No
6463,1494,2024-09-20,9,Boutique,18,1,1879.61,1741.47,3,Yes
6464,1888,2023-11-22,6,Online,14,1,4139.23,4079.68,4,Yes
6465,1524,2024-09-10,6,Boutique,3,1,2487.59,2348.82,2,Yes
6466,1094,2023-11-21,10,Online,10,1,8420.05,8724.9,5,Yes
6467,694,2024-05-30,1,Online,23,2,395.7,752.71,3,Yes
6468,1394,2025-01-15,5,Boutique,13,3,7115.72,22660.94,4,Yes
6469,2045,2023-09-05,1,Boutique,22,2,1263.19,2475.64,4,Yes
6470,181,2024-02-02,1,Online,12,1,7775.57,8294.54,4,Yes
6471,1221,2024-08-04,9,Boutique,9,2,7756.91,16721.57,4,Yes
6472,47,2023-07-22,6,Online,26,1,602.77,628.92,4,Yes
6473,634,2023-08-09,10,Boutique,27,2,356.86,727.78,4,Yes
6474,1164,2025-05-16,6,Boutique,10,1,8420.05,7948.39,3,Yes
6475,1689,2023-09-20,1,Boutique,19,1,1731.11,1851.06,4,Yes
6476,1564,2023-10-23,10,Online,16,1,4000.34,4177.55,4,Yes
6477,1451,2025-10-16,8,Boutique,21,1,2018.96,1950.49,3,Yes
6478,589,2023-10-19,1,Boutique,25,2,464.55,924.42,3,Yes
6479,1878,2024-11-14,1,Boutique,3,1,2487.59,2315.51,4,Yes
6480,1563,2025-05-25,6,Boutique,12,1,7775.57,7973.38,3,Yes
6481,840,2025-11-20,1,Boutique,8,3,9400.29,26510.01,4,Yes
6482,1414,2025-12-03,1,Boutique,25,2,464.55,951.63,3,Yes
6483,733,2024-07-08,1,Boutique,27,1,356.86,366.66,3,Yes
6484,1018,2023-12-15,6,Boutique,15,1,3992.76,3880.73,4,Yes
6485,1455,2023-08-07,5,Boutique,11,1,3218.81,3449.88,4,Yes
6486,758,2025-10-19,9,Boutique,23,2,395.7,826.72,3,Yes
6487,2003,2024-03-25,1,Boutique,13,2,7115.72,14224.0,3,Yes
6488,621,2024-05-18,8,Boutique,6,1,1450.79,1547.95,3,Yes
6489,1889,2023-03-27,9,Boutique,13,2,7115.72,15041.71,3,Yes
6490,182,2024-06-06,1,Private Client,11,1,3218.81,3317.8,4,Yes
6491,1321,2024-04-05,10,Boutique,6,1,1450.79,1370.23,5,Yes
6492,1800,2025-10-10,10,Online,6,2,1450.79,2900.22,4,Yes
6493,2078,2024-09-21,2,Boutique,5,1,1450.83,1535.42,5,Yes
6494,1326,2023-09-09,6,Online,7,1,4390.12,4466.61,4,Yes
6495,1500,2023-01-18,2,Private Client,23,1,395.7,398.58,3,Yes
6496,948,2024-05-14,2,Boutique,23,1,395.7,424.52,3,Yes
6497,1376,2024-04-02,7,Online,19,1,1731.11,1597.2,3,Yes
6498,985,2023-04-25,10,Boutique,11,3,3218.81,8902.53,3,Yes
6499,1421,2025-01-22,10,Boutique,6,3,1450.79,4625.92,5,Yes
6500,126,2025-02-07,5,Boutique,25,1,464.55,430.25,3,Yes
6501,120,2024-03-22,5,Boutique,9,1,7756.91,7549.08,5,Yes
6502,1452,2023-12-19,4,Boutique,20,3,1505.97,4824.42,3,Yes
6503,1009,2024-09-16,3,Boutique,25,2,464.55,957.52,4,Yes
6504,1214,2024-06-24,7,Boutique,18,2,1879.61,3848.33,2,Yes
6505,1452,2023-11-18,4,Online,8,2,9400.29,19272.85,2,Yes
6506,697,2023-08-14,6,Boutique,18,3,1879.61,5474.31,4,No
6507,1516,2023-12-27,2,Boutique,5,1,1450.83,1457.92,5,Yes
6508,1035,2025-04-13,7,Boutique,6,1,1450.79,1480.96,4,Yes
6509,1536,2023-04-22,2,Boutique,2,1,2881.29,2791.72,5,Yes
6510,814,2023-07-31,6,Boutique,25,1,464.55,486.5,3,Yes
6511,310,2025-08-05,6,Boutique,22,1,1263.19,1227.16,3,Yes
6512,1012,2023-06-08,2,Boutique,24,1,426.87,397.6,4,Yes
6513,1058,2024-07-25,4,Boutique,4,1,2247.59,2140.23,4,Yes
6514,1019,2024-10-31,1,Online,19,1,1731.11,1705.74,4,Yes
6515,825,2025-06-29,1,Boutique,4,2,2247.59,4788.67,4,Yes
6516,2045,2025-10-19,1,Boutique,16,2,4000.34,7892.85,3,Yes
6517,1117,2024-02-08,2,Boutique,1,1,1844.17,1723.13,3,Yes
6518,628,2024-02-08,1,Private Client,16,2,4000.34,7612.11,4,Yes
6519,1157,2024-08-23,1,Online,1,2,1844.17,3714.58,3,Yes
6520,989,2023-07-12,1,Boutique,24,1,426.87,404.85,4,Yes
6521,1492,2025-09-26,9,Boutique,17,2,1526.79,2840.54,3,Yes
6522,1829,2024-06-06,7,Boutique,5,3,1450.83,4502.1,3,Yes
6523,2078,2023-12-16,2,Boutique,26,2,602.77,1260.39,3,Yes
6524,1993,2023-11-12,10,Online,16,2,4000.34,8449.53,4,No
6525,1085,2025-07-31,1,Online,25,1,464.55,490.11,3,Yes
6526,340,2025-07-01,9,Boutique,3,3,2487.59,7318.6,3,Yes
6527,1860,2024-10-13,1,Boutique,10,1,8420.05,8735.93,2,Yes
6528,1326,2024-09-26,6,Online,18,2,1879.61,3809.47,2,Yes
6529,77,2025-10-07,9,Online,21,1,2018.96,1864.99,3,Yes
6530,1657,2024-08-15,1,Online,28,1,488.98,481.28,4,Yes
6531,1573,2024-03-19,1,Boutique,18,2,1879.61,3490.29,3,Yes
6532,92,2024-09-12,5,Online,26,3,602.77,1687.76,4,Yes
6533,1875,2025-01-25,7,Boutique,17,1,1526.79,1418.33,4,Yes
6534,466,2024-05-11,1,Boutique,11,2,3218.81,6912.4,3,Yes
6535,1353,2025-02-11,1,Online,9,1,7756.91,8184.1,4,Yes
6536,1309,2024-01-09,1,Online,11,3,3218.81,9562.34,3,Yes
6537,947,2023-07-03,1,Boutique,26,2,602.77,1156.93,5,Yes
6538,554,2023-02-01,10,Online,27,1,356.86,332.45,4,Yes
6539,2041,2023-10-10,1,Online,9,1,7756.91,7671.52,3,Yes
6540,2157,2025-04-15,6,Boutique,17,3,1526.79,4653.91,3,Yes
6541,92,2025-05-22,5,Online,20,2,1505.97,3155.12,4,Yes
6542,1003,2024-11-16,1,Boutique,5,1,1450.83,1346.73,4,Yes
6543,368,2024-04-06,9,Online,12,2,7775.57,15346.79,3,Yes
6544,820,2025-05-20,10,Boutique,18,3,1879.61,6069.06,3,Yes
6545,423,2025-09-10,7,Boutique,27,1,356.86,335.2,3,Yes
6546,572,2024-01-03,1,Online,25,3,464.55,1371.42,4,Yes
6547,1264,2024-10-19,1,Boutique,25,1,464.55,447.83,2,Yes
6548,435,2023-06-15,7,Boutique,16,3,4000.34,11298.32,3,Yes
6549,1424,2025-09-26,6,Online,9,1,7756.91,8177.58,3,Yes
6550,1634,2024-08-24,5,Online,8,3,9400.29,29090.28,3,Yes
6551,1754,2024-08-16,9,Boutique,6,2,1450.79,2860.52,5,Yes
6552,468,2023-05-06,3,Boutique,17,1,1526.79,1494.8,3,Yes
6553,1194,2023-02-07,1,Online,14,3,4139.23,13068.87,4,Yes
6554,1843,2023-12-14,8,Boutique,26,1,602.77,563.3,4,Yes
6555,792,2025-01-06,3,Boutique,21,2,2018.96,3809.75,4,Yes
6556,1707,2025-01-03,1,Boutique,24,2,426.87,909.27,3,Yes
6557,73,2024-03-01,1,Online,28,1,488.98,513.8,3,Yes
6558,147,2024-10-09,6,Boutique,14,1,4139.23,4321.28,3,Yes
6559,317,2023-10-13,3,Online,4,3,2247.59,6876.52,4,Yes
6560,606,2023-11-16,5,Online,8,1,9400.29,9088.13,3,Yes
6561,575,2024-05-26,1,Boutique,22,2,1263.19,2702.13,3,Yes
6562,1178,2023-08-13,7,Boutique,17,1,1526.79,1524.8,4,Yes
6563,312,2024-05-20,1,Boutique,1,3,1844.17,5338.31,3,Yes
6564,765,2025-01-11,5,Boutique,3,2,2487.59,4868.17,4,Yes
6565,2182,2025-10-25,9,Boutique,17,2,1526.79,2817.52,3,Yes
6566,436,2024-04-12,6,Online,20,3,1505.97,4340.92,3,Yes
6567,358,2025-07-26,8,Boutique,3,3,2487.59,7090.18,3,Yes
6568,135,2025-02-03,6,Online,7,1,4390.12,4134.13,4,Yes
6569,523,2023-06-12,5,Online,11,1,3218.81,2977.86,3,Yes
6570,804,2024-10-14,4,Boutique,25,1,464.55,444.25,4,Yes
6571,80,2025-06-19,7,Boutique,15,2,3992.76,7478.94,3,Yes
6572,1477,2025-03-18,3,Online,7,2,4390.12,8141.24,3,Yes
6573,2041,2023-03-23,1,Online,27,2,356.86,672.3,3,Yes
6574,368,2024-04-25,9,Private Client,5,1,1450.83,1381.75,4,Yes
6575,1007,2024-05-30,1,Boutique,17,1,1526.79,1506.26,4,Yes
6576,993,2023-07-06,6,Private Client,5,1,1450.83,1470.26,3,Yes
6577,596,2023-05-26,5,Boutique,1,2,1844.17,3583.45,4,Yes
6578,1897,2025-10-02,8,Boutique,22,2,1263.19,2381.37,4,Yes
6579,1045,2023-06-01,1,Boutique,24,1,426.87,456.94,3,Yes
6580,1824,2023-04-03,8,Boutique,7,3,4390.12,13201.66,4,Yes
6581,2012,2025-11-20,2,Online,17,2,1526.79,3171.76,2,Yes
6582,2000,2024-06-23,10,Boutique,8,1,9400.29,9692.73,4,Yes
6583,411,2024-10-10,6,Online,12,1,7775.57,7507.96,2,Yes
6584,387,2024-08-24,6,Boutique,25,2,464.55,938.0,3,Yes
6585,1749,2023-02-18,6,Private Client,28,2,488.98,993.95,5,Yes
6586,1022,2024-06-24,1,Boutique,26,2,602.77,1176.95,4,Yes
6587,2070,2023-06-05,6,Online,2,2,2881.29,5920.03,4,Yes
6588,19,2025-02-13,2,Boutique,17,1,1526.79,1597.8,5,Yes
6589,276,2024-06-29,6,Boutique,22,1,1263.19,1235.75,4,Yes
6590,659,2024-10-11,6,Online,28,1,488.98,451.03,2,Yes
6591,552,2025-09-27,2,Boutique,20,2,1505.97,2939.33,2,Yes
6592,679,2025-12-16,2,Boutique,14,1,4139.23,3885.46,3,Yes
6593,603,2023-06-24,6,Online,23,1,395.7,373.9,4,Yes
6594,365,2023-01-27,3,Boutique,3,1,2487.59,2434.24,4,Yes
6595,1974,2023-05-27,1,Boutique,19,2,1731.11,3300.26,3,Yes
6596,795,2025-05-17,3,Boutique,14,2,4139.23,8854.49,3,Yes
6597,1359,2023-09-22,7,Boutique,8,2,9400.29,19260.23,3,Yes
6598,1775,2023-09-15,3,Online,7,2,4390.12,8806.04,2,Yes
6599,590,2025-04-06,2,Boutique,5,2,1450.83,2674.04,5,Yes
6600,199,2025-01-12,10,Online,3,3,2487.59,6989.47,4,Yes
6601,2065,2024-12-10,1,Online,1,3,1844.17,5787.87,2,Yes
6602,218,2025-12-29,9,Online,27,2,356.86,701.13,2,Yes
6603,741,2025-11-14,3,Private Client,19,3,1731.11,4815.67,3,Yes
6604,650,2023-08-07,3,Boutique,15,2,3992.76,8401.48,3,Yes
6605,2195,2024-07-14,1,Boutique,25,1,464.55,449.88,5,Yes
6606,670,2025-06-10,6,Boutique,1,1,1844.17,1810.62,3,Yes
6607,1438,2025-11-29,1,Boutique,5,1,1450.83,1560.95,3,Yes
6608,665,2024-08-19,5,Boutique,20,3,1505.97,4167.69,3,Yes
6609,856,2023-12-09,1,Online,11,2,3218.81,6665.59,3,Yes
6610,895,2024-05-17,9,Online,14,1,4139.23,4436.52,4,Yes
6611,1894,2024-03-25,1,Boutique,22,2,1263.19,2350.08,4,Yes
6612,1187,2023-12-02,6,Boutique,18,1,1879.61,1989.7,3,Yes
6613,1843,2023-01-04,8,Boutique,20,1,1505.97,1485.79,5,Yes
6614,2149,2025-01-28,2,Online,9,1,7756.91,8226.04,4,Yes
6615,327,2024-05-31,1,Online,15,1,3992.76,3870.28,3,Yes
6616,2058,2023-08-26,5,Boutique,11,1,3218.81,3467.39,5,Yes
6617,183,2023-04-13,5,Online,5,1,1450.83,1484.96,3,Yes
6618,455,2025-10-06,4,Boutique,15,1,3992.76,4073.95,5,Yes
6619,1670,2025-11-23,1,Boutique,24,3,426.87,1343.29,3,Yes
6620,6,2024-06-01,10,Boutique,2,2,2881.29,5704.11,1,Yes
6621,1357,2024-03-15,6,Boutique,12,1,7775.57,7475.33,2,Yes
6622,211,2023-08-13,6,Boutique,27,1,356.86,343.32,5,No
6623,51,2024-07-18,3,Boutique,25,1,464.55,451.96,3,Yes
6624,1469,2025-12-18,6,Boutique,28,1,488.98,498.16,4,Yes
6625,1010,2023-09-03,6,Boutique,23,1,395.7,417.12,4,Yes
6626,377,2025-07-16,2,Online,7,2,4390.12,8779.65,4,Yes
6627,1075,2025-08-10,9,Boutique,2,1,2881.29,2836.78,3,Yes
6628,154,2025-03-29,1,Private Client,8,1,9400.29,9842.25,4,Yes
6629,582,2023-08-04,6,Boutique,9,1,7756.91,7495.87,4,Yes
6630,788,2023-10-10,5,Boutique,26,1,602.77,621.0,4,Yes
6631,791,2024-07-26,1,Boutique,27,1,356.86,334.35,3,Yes
6632,2182,2024-01-17,9,Boutique,28,3,488.98,1376.16,3,Yes
6633,163,2025-12-04,1,Boutique,5,1,1450.83,1484.27,3,Yes
6634,971,2023-06-21,10,Boutique,15,1,3992.76,3726.2,3,Yes
6635,648,2023-02-13,10,Online,19,2,1731.11,3271.13,3,Yes
6636,1526,2023-08-16,9,Online,19,1,1731.11,1765.56,3,Yes
6637,946,2024-07-27,1,Online,13,1,7115.72,7045.36,2,Yes
6638,689,2023-11-13,8,Boutique,13,1,7115.72,7185.51,4,Yes
6639,2163,2024-12-31,2,Boutique,6,1,1450.79,1561.5,4,Yes
6640,1523,2024-08-23,10,Boutique,1,1,1844.17,1883.11,3,Yes
6641,1496,2024-09-15,1,Online,10,1,8420.05,8542.44,2,Yes
6642,2048,2024-04-11,8,Private Client,27,1,356.86,350.02,4,Yes
6643,1173,2023-10-24,7,Online,25,2,464.55,948.56,3,Yes
6644,123,2024-06-28,9,Boutique,6,1,1450.79,1337.74,3,Yes
6645,804,2024-05-03,4,Boutique,25,2,464.55,937.62,3,Yes
6646,1093,2025-10-16,9,Boutique,3,2,2487.59,4632.01,4,No
6647,63,2023-08-03,1,Boutique,26,1,602.77,575.78,3,Yes
6648,733,2025-10-22,1,Boutique,13,2,7115.72,14375.17,3,Yes
6649,1658,2024-10-22,8,Boutique,19,1,1731.11,1777.63,4,Yes
6650,948,2024-10-15,2,Boutique,10,1,8420.05,8264.85,3,Yes
6651,479,2025-03-12,9,Boutique,13,1,7115.72,7023.48,3,Yes
6652,1138,2023-12-07,8,Boutique,7,1,4390.12,4388.73,4,Yes
6653,1997,2024-12-04,4,Online,15,3,3992.76,12474.8,3,Yes
6654,1404,2024-02-11,5,Boutique,23,2,395.7,730.32,3,Yes
6655,977,2025-05-02,8,Boutique,4,2,2247.59,4457.11,3,Yes
6656,237,2023-11-02,8,Online,11,2,3218.81,5937.31,3,Yes
6657,1955,2025-05-23,4,Boutique,8,1,9400.29,9128.27,5,Yes
6658,598,2024-05-09,3,Boutique,27,2,356.86,715.99,4,Yes
6659,1703,2024-07-31,2,Online,2,1,2881.29,2687.63,4,Yes
6660,2177,2024-06-24,7,Boutique,1,2,1844.17,3679.61,2,Yes
6661,165,2025-02-06,9,Boutique,1,2,1844.17,3938.9,3,Yes
6662,570,2025-06-14,1,Boutique,16,2,4000.34,8237.94,2,Yes
6663,141,2024-03-30,1,Boutique,18,1,1879.61,1964.49,3,Yes
6664,686,2023-10-26,4,Boutique,11,2,3218.81,6520.45,3,Yes
6665,687,2024-03-02,3,Boutique,27,3,356.86,1138.47,4,Yes
6666,2039,2024-12-16,1,Boutique,22,2,1263.19,2383.64,3,Yes
6667,1075,2025-01-26,9,Private Client,8,2,9400.29,18649.53,3,Yes
6668,1527,2023-01-31,1,Boutique,19,1,1731.11,1757.99,4,Yes
6669,1283,2023-11-28,1,Online,12,1,7775.57,8240.21,4,Yes
6670,922,2023-02-21,6,Boutique,6,2,1450.79,2812.45,4,Yes
6671,1342,2023-08-31,1,Boutique,24,1,426.87,392.8,4,Yes
6672,1690,2025-02-13,6,Boutique,25,1,464.55,499.81,2,Yes
6673,364,2024-11-16,4,Online,16,1,4000.34,3696.94,3,Yes
6674,1079,2024-07-26,3,Online,8,1,9400.29,8877.43,3,Yes
6675,1068,2025-05-21,1,Boutique,7,2,4390.12,8670.73,3,Yes
6676,2031,2024-11-30,6,Boutique,20,2,1505.97,3010.19,4,Yes
6677,2062,2024-06-02,3,Private Client,3,1,2487.59,2620.71,3,No
6678,1381,2024-08-17,6,Private Client,23,2,395.7,784.79,2,No
6679,1507,2023-10-10,4,Boutique,1,1,1844.17,1858.16,4,Yes
6680,618,2024-08-21,9,Boutique,23,1,395.7,376.71,2,Yes
6681,359,2023-05-28,2,Online,6,1,1450.79,1466.84,3,Yes
6682,1342,2023-03-11,1,Boutique,3,2,2487.59,4854.49,4,Yes
6683,1983,2023-08-22,1,Online,19,2,1731.11,3239.94,3,Yes
6684,1615,2024-11-09,5,Boutique,2,3,2881.29,9261.34,4,Yes
6685,194,2024-09-27,6,Online,17,1,1526.79,1424.6,4,Yes
6686,363,2024-04-11,10,Boutique,16,1,4000.34,4114.19,5,Yes
6687,1120,2024-07-10,6,Online,27,1,356.86,380.17,3,Yes
6688,1064,2025-06-12,6,Boutique,21,1,2018.96,1915.33,2,Yes
6689,107,2025-04-15,10,Online,7,2,4390.12,8410.93,2,Yes
6690,527,2024-09-09,8,Online,23,2,395.7,782.12,3,Yes
6691,1953,2023-05-14,1,Private Client,6,1,1450.79,1403.09,5,Yes
6692,784,2023-01-08,8,Private Client,11,1,3218.81,3352.21,3,Yes
6693,1783,2023-01-28,6,Boutique,15,1,3992.76,3889.37,3,Yes
6694,1750,2025-02-21,4,Boutique,26,2,602.77,1299.25,4,Yes
6695,1067,2024-06-24,1,Online,22,1,1263.19,1335.7,4,Yes
6696,1866,2024-09-18,1,Online,11,1,3218.81,3422.42,4,Yes
6697,1465,2025-11-23,1,Boutique,7,1,4390.12,4083.63,4,Yes
6698,1006,2023-01-07,1,Boutique,15,2,3992.76,7571.94,5,Yes
6699,1635,2023-02-09,9,Boutique,16,2,4000.34,7577.44,4,Yes
6700,94,2025-06-27,9,Boutique,8,1,9400.29,9658.93,3,Yes
6701,2044,2023-03-03,5,Online,5,2,1450.83,2675.06,3,Yes
6702,89,2024-01-14,8,Online,17,3,1526.79,4804.94,4,Yes
6703,1954,2023-11-18,8,Online,23,1,395.7,398.68,3,Yes
6704,2042,2025-01-02,3,Online,2,1,2881.29,2911.86,4,Yes
6705,1446,2025-04-18,4,Boutique,27,2,356.86,717.98,2,Yes
6706,526,2024-02-23,6,Boutique,21,1,2018.96,2030.38,3,Yes
6707,1831,2023-01-20,8,Online,7,2,4390.12,8355.82,3,Yes
6708,555,2024-02-16,5,Boutique,23,1,395.7,381.97,4,Yes
6709,681,2024-07-02,2,Boutique,25,1,464.55,463.63,3,No
6710,1498,2024-08-27,2,Online,21,2,2018.96,4152.82,4,Yes
6711,1632,2023-12-23,4,Private Client,6,1,1450.79,1397.85,3,Yes
6712,203,2023-07-20,8,Online,26,2,602.77,1264.59,3,Yes
6713,447,2025-12-07,5,Online,12,2,7775.57,16323.95,4,Yes
6714,1116,2025-02-03,6,Boutique,16,1,4000.34,3855.61,3,Yes
6715,778,2023-08-19,7,Boutique,11,1,3218.81,3249.74,4,Yes
6716,1687,2023-10-30,1,Online,22,1,1263.19,1232.66,4,Yes
6717,829,2024-01-22,1,Online,17,1,1526.79,1451.23,4,Yes
6718,559,2024-12-15,1,Boutique,10,1,8420.05,8832.3,3,Yes
6719,2023,2025-07-13,4,Boutique,23,1,395.7,426.82,3,Yes
6720,103,2023-02-27,4,Online,16,1,4000.34,4042.4,2,Yes
6721,1297,2024-03-09,10,Boutique,16,2,4000.34,8530.58,3,Yes
6722,1558,2024-06-05,1,Online,15,1,3992.76,4083.58,3,Yes
6723,116,2025-02-06,2,Boutique,26,3,602.77,1827.33,4,Yes
6724,859,2025-04-08,6,Boutique,15,1,3992.76,3980.08,4,Yes
6725,104,2024-04-27,1,Online,23,1,395.7,378.97,4,Yes
6726,1332,2024-01-02,6,Boutique,20,1,1505.97,1405.79,4,Yes
6727,929,2025-06-07,5,Boutique,4,2,2247.59,4453.71,2,Yes
6728,807,2025-06-01,5,Online,27,1,356.86,360.36,3,Yes
6729,560,2024-02-15,1,Online,22,1,1263.19,1265.1,2,Yes
6730,2075,2023-07-02,1,Boutique,3,1,2487.59,2565.43,4,Yes
6731,527,2023-06-07,8,Boutique,14,2,4139.23,7870.63,3,Yes
6732,953,2023-01-13,3,Boutique,10,1,8420.05,8223.63,4,Yes
6733,298,2024-07-19,7,Boutique,6,2,1450.79,2862.38,5,No
6734,777,2025-05-21,4,Boutique,27,3,356.86,1016.88,5,Yes
6735,361,2024-07-08,7,Boutique,11,1,3218.81,3428.14,5,Yes
6736,504,2024-11-08,10,Boutique,4,1,2247.59,2312.86,3,Yes
6737,1977,2025-05-12,2,Boutique,10,2,8420.05,15740.41,5,Yes
6738,2078,2024-09-09,2,Boutique,16,1,4000.34,4136.54,3,Yes
6739,1463,2023-07-23,1,Boutique,24,1,426.87,430.13,4,Yes
6740,2174,2025-08-14,1,Private Client,21,1,2018.96,2026.69,4,Yes
6741,596,2023-10-29,5,Private Client,8,3,9400.29,30410.85,4,Yes
6742,1590,2025-12-02,6,Boutique,9,2,7756.91,15807.22,2,Yes
6743,1390,2025-03-05,1,Online,4,3,2247.59,7170.78,3,Yes
6744,1876,2024-08-19,1,Online,17,1,1526.79,1627.81,5,Yes
6745,263,2024-12-29,1,Boutique,10,3,8420.05,23649.23,5,Yes
6746,1864,2024-05-20,4,Boutique,23,1,395.7,364.57,3,Yes
6747,2,2024-09-30,1,Boutique,13,3,7115.72,21126.06,3,Yes
6748,1934,2023-07-10,4,Online,23,1,395.7,412.75,3,Yes
6749,394,2025-06-17,8,Boutique,21,2,2018.96,4247.37,3,Yes
6750,306,2023-03-01,1,Private Client,21,1,2018.96,2111.83,4,Yes
6751,1170,2023-03-03,10,Online,17,2,1526.79,3027.83,5,Yes
6752,530,2023-10-29,1,Online,19,1,1731.11,1800.34,2,Yes
6753,528,2024-09-29,4,Private Client,17,1,1526.79,1580.23,5,Yes
6754,965,2025-09-25,2,Online,23,1,395.7,383.91,4,Yes
6755,671,2023-06-21,1,Boutique,21,2,2018.96,3823.89,5,Yes
6756,958,2023-03-04,5,Boutique,28,2,488.98,996.96,5,Yes
6757,1714,2025-02-10,7,Boutique,4,1,2247.59,2311.27,4,Yes
6758,721,2023-01-16,9,Online,23,1,395.7,400.0,4,Yes
6759,636,2024-11-21,1,Boutique,25,1,464.55,443.23,4,Yes
6760,1039,2025-04-21,1,Online,6,2,1450.79,2797.9,4,Yes
6761,557,2025-06-17,6,Private Client,14,2,4139.23,8554.61,4,Yes
6762,1118,2025-07-21,8,Boutique,9,1,7756.91,8331.07,3,Yes
6763,2155,2023-06-24,1,Boutique,6,2,1450.79,3108.1,4,Yes
6764,128,2024-02-21,1,Online,10,1,8420.05,8446.53,3,Yes
6765,1994,2024-03-26,6,Boutique,25,2,464.55,986.56,3,Yes
6766,38,2025-04-15,5,Boutique,6,2,1450.79,2683.13,4,Yes
6767,1633,2023-10-07,6,Online,9,1,7756.91,8205.14,3,Yes
6768,198,2023-09-01,1,Online,13,1,7115.72,7088.57,4,Yes
6769,2055,2024-11-05,4,Boutique,16,2,4000.34,8361.07,4,Yes
6770,519,2023-05-26,1,Private Client,16,1,4000.34,3683.89,4,Yes
6771,1025,2025-12-26,9,Boutique,19,3,1731.11,5499.58,3,Yes
6772,1086,2023-04-13,5,Online,5,2,1450.83,2945.76,3,Yes
6773,1042,2023-11-06,2,Online,11,1,3218.81,3085.03,3,Yes
6774,620,2023-04-27,6,Boutique,21,2,2018.96,3939.38,5,Yes
6775,1395,2025-02-01,1,Boutique,15,3,3992.76,11404.6,4,Yes
6776,1595,2025-01-07,6,Private Client,26,2,602.77,1190.96,4,Yes
6777,1723,2023-07-06,5,Boutique,8,1,9400.29,9144.61,4,Yes
6778,235,2025-02-23,1,Boutique,15,2,3992.76,8029.6,4,No
6779,447,2024-12-07,5,Boutique,11,1,3218.81,3380.93,4,Yes
6780,610,2025-05-25,1,Boutique,13,1,7115.72,7664.8,4,Yes
6781,8,2025-03-06,8,Private Client,27,1,356.86,342.67,4,Yes
6782,462,2024-04-17,9,Boutique,23,1,395.7,370.79,3,Yes
6783,1000,2024-07-09,8,Online,2,2,2881.29,5666.38,3,Yes
6784,1335,2024-11-12,6,Boutique,27,2,356.86,673.02,4,Yes
6785,134,2023-04-04,6,Online,2,1,2881.29,3035.38,4,Yes
6786,56,2025-01-05,1,Online,23,1,395.7,395.77,4,Yes
6787,993,2025-02-28,6,Boutique,26,1,602.77,614.34,4,Yes
6788,1384,2023-02-07,1,Private Client,12,1,7775.57,7340.9,3,Yes
6789,1995,2025-02-20,9,Boutique,26,1,602.77,626.84,4,Yes
6790,1112,2024-04-26,6,Boutique,20,1,1505.97,1620.08,4,Yes
6791,2186,2023-04-21,10,Private Client,22,1,1263.19,1259.63,3,Yes
6792,1524,2024-02-14,6,Online,9,2,7756.91,16661.74,3,Yes
6793,144,2024-02-01,1,Online,26,1,602.77,557.9,4,Yes
6794,2104,2023-02-11,1,Boutique,27,1,356.86,330.35,2,Yes
6795,620,2023-02-10,6,Boutique,20,1,1505.97,1616.81,4,Yes
6796,1887,2024-02-03,4,Boutique,15,2,3992.76,8241.4,3,Yes
6797,1030,2023-07-01,4,Private Client,7,2,4390.12,8342.9,4,Yes
6798,2021,2025-01-13,5,Private Client,25,1,464.55,454.43,4,Yes
6799,1409,2024-12-18,2,Boutique,14,2,4139.23,8288.73,4,Yes
6800,639,2024-04-08,1,Boutique,17,2,1526.79,3152.58,4,Yes
6801,1657,2025-12-09,1,Boutique,26,2,602.77,1271.51,4,Yes
6802,837,2023-10-25,4,Boutique,27,1,356.86,333.03,2,Yes
6803,1586,2023-05-25,2,Boutique,2,1,2881.29,2953.47,4,Yes
6804,780,2023-01-16,9,Online,9,2,7756.91,15456.01,3,Yes
6805,837,2025-12-11,4,Online,13,2,7115.72,14453.73,3,Yes
6806,265,2023-04-17,8,Online,5,3,1450.83,4358.43,4,Yes
6807,1217,2023-08-07,7,Online,4,1,2247.59,2229.86,3,Yes
6808,1398,2025-07-23,10,Online,23,1,395.7,377.06,4,Yes
6809,2058,2023-12-03,5,Online,21,2,2018.96,4020.05,4,Yes
6810,302,2025-07-09,1,Boutique,1,2,1844.17,3505.19,4,Yes
6811,1978,2024-01-06,7,Boutique,9,1,7756.91,7191.72,3,Yes
6812,805,2025-09-24,1,Boutique,24,2,426.87,836.5,3,Yes
6813,1076,2025-03-20,9,Online,16,3,4000.34,11088.86,4,Yes
6814,1776,2023-09-11,2,Private Client,19,1,1731.11,1748.43,4,Yes
6815,99,2024-08-02,8,Online,26,1,602.77,561.53,4,Yes
6816,1414,2024-09-27,1,Private Client,3,1,2487.59,2462.74,4,Yes
6817,1978,2025-11-19,7,Boutique,3,3,2487.59,8036.08,3,Yes
6818,357,2023-07-04,7,Online,7,1,4390.12,4045.85,5,Yes
6819,1664,2024-04-18,5,Online,18,2,1879.61,3679.14,3,Yes
6820,11,2025-09-11,6,Online,25,2,464.55,954.86,4,Yes
6821,81,2025-09-10,1,Private Client,20,1,1505.97,1423.78,4,Yes
6822,2054,2024-05-16,1,Online,7,3,4390.12,13298.34,3,Yes
6823,222,2025-05-23,8,Boutique,24,3,426.87,1231.06,4,Yes
6824,1941,2023-12-16,3,Boutique,16,2,4000.34,7645.79,3,Yes
6825,1947,2023-03-01,2,Boutique,21,2,2018.96,4293.11,4,Yes
6826,515,2025-05-28,1,Private Client,24,2,426.87,813.21,3,Yes
6827,221,2024-04-09,10,Boutique,4,1,2247.59,2203.2,3,Yes
6828,228,2023-11-07,6,Online,13,1,7115.72,6739.55,4,Yes
6829,293,2025-07-19,5,Online,10,2,8420.05,16257.8,3,Yes
6830,956,2025-08-22,1,Boutique,2,1,2881.29,2785.91,4,Yes
6831,1498,2023-10-07,2,Boutique,19,2,1731.11,3366.26,2,Yes
6832,1281,2024-12-11,3,Boutique,14,1,4139.23,4232.66,4,Yes
6833,1979,2025-08-24,4,Boutique,6,3,1450.79,4521.31,3,Yes
6834,1530,2024-11-25,4,Boutique,26,2,602.77,1207.6,4,Yes
6835,388,2025-06-28,4,Boutique,13,1,7115.72,7241.5,2,Yes
6836,189,2024-07-20,2,Boutique,22,1,1263.19,1326.5,3,Yes
6837,918,2023-09-28,1,Online,28,2,488.98,1056.13,4,Yes
6838,1202,2025-09-06,4,Online,12,3,7775.57,23164.38,3,Yes
6839,924,2025-12-12,6,Online,12,1,7775.57,8318.53,3,Yes
6840,1622,2025-04-20,6,Boutique,23,2,395.7,790.18,3,Yes
6841,760,2025-09-30,4,Private Client,12,1,7775.57,8126.4,4,Yes
6842,1478,2023-08-28,3,Private Client,11,2,3218.81,6513.04,4,Yes
6843,1066,2023-12-27,5,Private Client,14,2,4139.23,8787.14,4,Yes
6844,194,2025-01-03,6,Boutique,4,2,2247.59,4458.29,4,Yes
6845,1351,2025-05-01,3,Online,13,2,7115.72,14677.32,3,Yes
6846,1397,2025-05-09,10,Online,8,1,9400.29,9349.63,3,Yes
6847,1489,2024-12-01,6,Boutique,24,1,426.87,451.25,4,Yes
6848,163,2025-04-15,1,Boutique,27,1,356.86,385.09,3,Yes
6849,276,2025-04-02,6,Online,23,1,395.7,379.45,3,Yes
6850,364,2023-04-07,4,Boutique,3,1,2487.59,2477.38,3,Yes
6851,1666,2023-11-23,1,Boutique,14,2,4139.23,7723.81,2,Yes
6852,2003,2023-03-14,1,Boutique,19,1,1731.11,1631.67,3,Yes
6853,460,2025-09-20,2,Online,18,1,1879.61,2008.67,4,Yes
6854,2133,2025-09-20,6,Private Client,11,2,3218.81,6482.54,4,Yes
6855,1732,2023-11-29,5,Online,13,1,7115.72,6996.31,4,Yes
6856,1340,2024-04-02,9,Online,23,2,395.7,813.11,3,Yes
6857,1366,2025-01-03,5,Boutique,6,2,1450.79,2929.51,3,Yes
6858,657,2025-05-25,9,Online,28,1,488.98,472.45,4,Yes
6859,1107,2025-05-07,6,Boutique,23,3,395.7,1135.17,4,Yes
6860,1384,2023-04-09,1,Online,18,1,1879.61,1906.75,3,Yes
6861,2136,2025-01-01,8,Boutique,20,2,1505.97,2861.71,4,Yes
6862,742,2025-07-13,8,Boutique,1,1,1844.17,1737.7,4,Yes
6863,1996,2023-09-01,1,Boutique,2,2,2881.29,5595.13,3,Yes
6864,1522,2024-10-23,6,Online,7,2,4390.12,9287.87,4,Yes
6865,1624,2025-10-02,2,Private Client,5,1,1450.83,1343.31,4,Yes
6866,682,2024-01-02,6,Boutique,26,1,602.77,634.91,3,Yes
6867,1113,2024-05-13,8,Boutique,19,1,1731.11,1764.62,4,Yes
6868,1725,2023-04-23,1,Online,2,1,2881.29,2669.4,3,Yes
6869,899,2025-08-02,2,Private Client,3,3,2487.59,7584.61,4,Yes
6870,601,2025-11-13,1,Boutique,20,2,1505.97,2976.29,4,Yes
6871,1868,2023-10-10,7,Boutique,10,1,8420.05,8879.62,4,Yes
6872,1200,2024-02-05,2,Boutique,10,1,8420.05,8968.63,4,Yes
6873,483,2024-07-21,6,Boutique,21,2,2018.96,3899.98,2,Yes
6874,2011,2025-12-13,1,Boutique,8,2,9400.29,19655.39,4,Yes
6875,1143,2024-12-14,6,Boutique,9,1,7756.91,7520.86,4,Yes
6876,169,2024-02-26,6,Boutique,2,1,2881.29,2787.08,4,Yes
6877,2022,2025-04-28,1,Online,28,2,488.98,929.87,3,Yes
6878,2195,2024-04-19,1,Private Client,3,1,2487.59,2558.63,4,Yes
6879,439,2024-02-09,2,Private Client,16,1,4000.34,3847.81,3,Yes
6880,160,2023-02-05,6,Online,4,1,2247.59,2234.95,4,Yes
6881,814,2023-12-24,6,Online,23,2,395.7,830.92,3,Yes
6882,586,2024-07-11,1,Boutique,6,1,1450.79,1518.55,3,Yes
6883,864,2025-12-03,8,Online,13,3,7115.72,22561.19,2,Yes
6884,1042,2023-11-16,2,Boutique,6,3,1450.79,4116.34,4,Yes
6885,140,2025-01-07,1,Online,10,1,8420.05,8537.11,3,Yes
6886,1139,2024-10-19,8,Private Client,23,1,395.7,421.96,5,Yes
6887,328,2024-04-16,6,Online,17,2,1526.79,2829.84,2,Yes
6888,225,2024-06-08,8,Boutique,8,1,9400.29,9843.27,3,Yes
6889,558,2023-01-25,1,Online,9,1,7756.91,7441.96,3,Yes
6890,1574,2024-10-01,2,Private Client,2,1,2881.29,2959.5,3,Yes
6891,1742,2025-05-25,3,Boutique,17,2,1526.79,3159.8,3,Yes
6892,386,2023-06-23,6,Online,20,2,1505.97,3217.03,3,Yes
6893,521,2023-07-05,5,Boutique,11,3,3218.81,9670.03,4,Yes
6894,1277,2025-09-27,6,Online,18,2,1879.61,3968.67,3,Yes
6895,1122,2024-06-11,8,Boutique,22,2,1263.19,2342.59,4,Yes
6896,1834,2025-08-29,6,Boutique,3,1,2487.59,2455.96,4,Yes
6897,447,2024-11-14,5,Online,9,1,7756.91,7681.85,2,Yes
6898,1243,2023-07-05,6,Boutique,8,1,9400.29,9457.86,5,Yes
6899,107,2024-07-28,10,Boutique,7,2,4390.12,8754.03,4,Yes
6900,1500,2023-11-05,2,Boutique,27,2,356.86,767.16,3,Yes
6901,1478,2024-06-21,3,Online,7,2,4390.12,8188.16,3,Yes
6902,904,2025-05-07,8,Boutique,23,1,395.7,380.82,4,Yes
6903,1632,2023-07-12,4,Online,21,2,2018.96,4340.69,4,Yes
6904,1150,2023-02-22,1,Online,8,2,9400.29,18636.04,5,Yes
6905,1171,2024-04-19,7,Boutique,20,1,1505.97,1523.12,5,No
6906,24,2023-06-23,7,Online,5,1,1450.83,1353.57,2,Yes
6907,952,2024-11-30,6,Boutique,3,2,2487.59,4803.28,3,Yes
6908,1745,2024-01-25,9,Boutique,19,2,1731.11,3207.21,3,Yes
6909,2040,2024-04-01,2,Boutique,2,1,2881.29,2714.18,5,Yes
6910,120,2025-11-18,5,Boutique,14,1,4139.23,4227.52,4,Yes
6911,1676,2023-05-02,5,Boutique,21,1,2018.96,2104.12,3,Yes
6912,1321,2024-02-22,10,Boutique,28,2,488.98,1035.87,4,Yes
6913,855,2023-06-08,1,Online,2,1,2881.29,2766.71,3,Yes
6914,1016,2024-08-20,6,Online,10,2,8420.05,16389.77,4,Yes
6915,448,2024-05-30,10,Private Client,20,1,1505.97,1522.69,5,Yes
6916,1936,2025-10-22,3,Boutique,10,1,8420.05,7859.19,4,Yes
6917,1744,2024-10-20,8,Boutique,28,1,488.98,512.98,4,Yes
6918,996,2024-11-08,10,Boutique,17,1,1526.79,1522.71,4,Yes
6919,1943,2023-11-11,1,Boutique,2,1,2881.29,3095.89,4,Yes
6920,1447,2023-11-24,2,Online,27,2,356.86,670.02,4,Yes
6921,1085,2023-10-03,1,Boutique,1,2,1844.17,3471.93,3,Yes
6922,1725,2024-12-16,1,Boutique,18,2,1879.61,3668.14,4,Yes
6923,2132,2024-03-27,7,Boutique,4,2,2247.59,4284.27,4,Yes
6924,186,2024-04-30,1,Boutique,1,1,1844.17,1902.18,3,Yes
6925,72,2024-07-20,1,Boutique,22,1,1263.19,1353.5,5,Yes
6926,74,2023-09-03,6,Boutique,17,1,1526.79,1426.61,3,Yes
6927,1921,2025-07-23,2,Boutique,3,1,2487.59,2385.0,3,Yes
6928,1365,2025-06-07,1,Boutique,2,1,2881.29,2760.46,3,Yes
6929,2144,2023-06-13,1,Boutique,18,1,1879.61,1882.34,5,Yes
6930,1482,2024-06-10,7,Online,4,3,2247.59,6691.01,4,Yes
6931,765,2023-01-01,5,Boutique,25,1,464.55,481.41,4,Yes
6932,1097,2025-05-12,6,Boutique,3,1,2487.59,2580.18,3,Yes
6933,212,2023-05-17,1,Boutique,12,2,7775.57,15732.17,3,Yes
6934,724,2023-05-31,9,Boutique,22,1,1263.19,1281.59,5,Yes
6935,1766,2025-09-30,6,Boutique,16,2,4000.34,8438.88,3,Yes
6936,751,2025-11-07,6,Boutique,28,1,488.98,480.92,3,Yes
6937,1518,2025-09-25,5,Boutique,11,1,3218.81,2967.66,3,Yes
6938,1469,2024-11-28,6,Boutique,10,1,8420.05,8033.44,4,Yes
6939,394,2025-12-24,8,Online,19,1,1731.11,1602.42,4,Yes
6940,512,2023-11-29,1,Online,10,1,8420.05,8276.57,5,Yes
6941,686,2024-01-07,4,Boutique,21,1,2018.96,1973.04,4,Yes
6942,1739,2024-08-03,7,Boutique,25,2,464.55,869.43,4,Yes
6943,1721,2024-11-16,7,Online,3,1,2487.59,2589.09,3,Yes
6944,1827,2024-12-09,9,Online,24,1,426.87,430.49,3,Yes
6945,1283,2025-07-16,1,Private Client,6,1,1450.79,1387.12,3,Yes
6946,1858,2025-01-09,4,Boutique,14,2,4139.23,8621.69,4,Yes
6947,1313,2023-09-28,2,Boutique,12,3,7775.57,23953.48,3,Yes
6948,1865,2024-12-11,8,Online,8,1,9400.29,8936.43,5,Yes
6949,1412,2023-11-21,6,Online,2,1,2881.29,3103.9,2,Yes
6950,1808,2025-09-16,6,Boutique,9,3,7756.91,22069.69,4,Yes
6951,1569,2025-03-08,2,Online,14,1,4139.23,4319.17,3,Yes
6952,1064,2025-07-08,6,Boutique,1,1,1844.17,1982.35,3,Yes
6953,998,2024-06-30,5,Boutique,3,1,2487.59,2577.34,3,Yes
6954,599,2025-12-28,4,Boutique,20,2,1505.97,3091.83,2,Yes
6955,1084,2025-06-26,1,Boutique,6,1,1450.79,1544.41,4,Yes
6956,722,2023-07-31,6,Online,27,2,356.86,687.36,4,Yes
6957,1155,2024-08-19,6,Online,20,2,1505.97,2904.55,4,Yes
6958,1709,2023-02-17,4,Online,13,2,7115.72,14552.87,2,Yes
6959,17,2023-08-19,2,Boutique,11,1,3218.81,3415.61,2,Yes
6960,992,2024-08-01,1,Boutique,15,3,3992.76,12203.23,2,Yes
6961,878,2025-08-07,9,Boutique,18,3,1879.61,6069.23,4,Yes
6962,1447,2025-07-20,2,Boutique,19,1,1731.11,1654.36,4,Yes
6963,1466,2023-02-21,1,Online,19,3,1731.11,5464.11,3,Yes
6964,1679,2024-02-26,6,Boutique,6,2,1450.79,3099.94,3,Yes
6965,1544,2024-09-02,1,Boutique,15,2,3992.76,7892.25,4,Yes
6966,80,2024-03-21,7,Boutique,21,2,2018.96,4336.39,3,Yes
6967,1272,2025-08-18,6,Boutique,14,2,4139.23,7883.94,2,Yes
6968,1565,2023-05-11,1,Online,5,2,1450.83,3111.9,3,Yes
6969,1296,2024-08-22,1,Boutique,11,1,3218.81,3426.26,3,Yes
6970,2181,2024-01-09,2,Online,20,3,1505.97,4204.29,3,Yes
6971,1029,2024-07-04,7,Online,13,2,7115.72,14280.01,3,Yes
6972,1566,2024-06-13,1,Boutique,13,1,7115.72,7148.55,4,Yes
6973,1714,2024-01-22,7,Boutique,4,1,2247.59,2088.27,4,Yes
6974,1010,2023-12-02,6,Online,9,1,7756.91,7185.42,3,Yes
6975,773,2025-01-05,6,Boutique,23,1,395.7,364.37,3,Yes
6976,2189,2025-10-21,8,Online,13,1,7115.72,7143.62,2,Yes
6977,483,2025-06-14,6,Boutique,28,1,488.98,486.15,4,Yes
6978,1586,2024-06-21,2,Boutique,8,1,9400.29,10062.76,2,Yes
6979,1582,2024-05-10,5,Private Client,20,1,1505.97,1467.97,3,Yes
6980,1106,2025-11-01,1,Boutique,11,3,3218.81,9900.9,1,Yes
6981,1108,2024-05-22,1,Boutique,19,2,1731.11,3189.43,3,Yes
6982,175,2024-11-11,1,Boutique,1,2,1844.17,3784.85,5,Yes
6983,1852,2024-07-18,6,Boutique,9,3,7756.91,24810.17,4,Yes
6984,842,2025-02-19,10,Boutique,25,3,464.55,1361.27,4,Yes
6985,1873,2025-01-29,6,Boutique,2,1,2881.29,2795.57,3,Yes
6986,1887,2023-05-08,4,Boutique,4,1,2247.59,2292.91,5,Yes
6987,955,2023-05-26,1,Private Client,4,3,2247.59,6557.8,4,Yes
6988,1596,2024-05-13,10,Boutique,28,1,488.98,481.35,4,Yes
6989,340,2025-08-23,9,Boutique,1,1,1844.17,1777.22,5,Yes
6990,744,2024-07-13,8,Boutique,28,2,488.98,953.69,4,Yes
6991,1495,2025-07-12,3,Boutique,18,1,1879.61,1933.57,4,Yes
6992,1849,2024-02-07,6,Boutique,14,1,4139.23,4418.96,4,Yes
6993,15,2025-09-02,1,Boutique,13,2,7115.72,14420.7,4,Yes
6994,1989,2023-12-08,3,Private Client,8,1,9400.29,8663.36,4,Yes
6995,208,2025-12-07,6,Boutique,6,1,1450.79,1395.98,4,Yes
6996,1084,2024-06-24,1,Boutique,17,1,1526.79,1637.27,5,Yes
6997,397,2024-05-25,1,Online,23,1,395.7,421.68,5,Yes
6998,1958,2023-01-19,1,Boutique,11,1,3218.81,3020.86,3,Yes
6999,794,2024-05-09,1,Online,15,2,3992.76,8507.35,3,Yes
7000,209,2023-12-21,2,Boutique,7,1,4390.12,4716.41,3,Yes
7001,1157,2024-07-12,1,Online,22,1,1263.19,1227.73,3,Yes
7002,433,2023-12-11,1,Online,27,1,356.86,368.34,3,Yes
7003,1755,2025-12-19,4,Online,8,1,9400.29,9490.51,4,No
7004,583,2024-11-18,1,Boutique,11,2,3218.81,6269.78,2,Yes
7005,432,2023-08-17,1,Online,28,1,488.98,461.86,2,Yes
7006,1298,2023-05-27,3,Boutique,21,1,2018.96,1975.97,3,Yes
7007,351,2023-11-28,8,Online,2,2,2881.29,6157.01,2,Yes
7008,134,2024-03-08,6,Boutique,20,1,1505.97,1580.97,3,Yes
7009,639,2024-02-03,1,Boutique,11,1,3218.81,3131.61,4,Yes
7010,1229,2025-04-15,1,Boutique,14,3,4139.23,12512.41,4,Yes
7011,117,2024-08-09,2,Boutique,24,1,426.87,420.45,4,Yes
7012,1291,2024-08-21,1,Boutique,13,1,7115.72,7077.28,3,Yes
7013,1818,2025-01-26,1,Online,8,3,9400.29,29379.49,4,Yes
7014,2197,2023-12-12,1,Boutique,12,2,7775.57,15658.15,4,Yes
7015,1704,2025-11-02,6,Online,21,1,2018.96,1915.93,2,Yes
7016,1848,2025-01-07,5,Boutique,22,1,1263.19,1216.51,3,Yes
7017,2196,2024-01-15,1,Boutique,9,1,7756.91,7841.05,3,Yes
7018,465,2024-02-25,2,Boutique,26,2,602.77,1242.73,4,Yes
7019,976,2025-10-07,7,Boutique,26,2,602.77,1207.11,4,Yes
7020,2026,2024-02-22,10,Boutique,10,1,8420.05,8582.0,4,Yes
7021,1029,2023-12-22,7,Private Client,11,1,3218.81,3367.84,3,Yes
7022,526,2023-01-16,6,Boutique,11,1,3218.81,3242.19,3,Yes
7023,836,2023-11-11,4,Online,16,3,4000.34,12917.31,2,Yes
7024,1240,2024-06-16,5,Boutique,18,1,1879.61,1800.09,4,Yes
7025,1539,2025-11-05,6,Online,21,1,2018.96,2154.53,3,Yes
7026,1911,2024-06-28,5,Boutique,9,1,7756.91,7443.73,3,Yes
7027,1304,2024-11-24,6,Private Client,3,1,2487.59,2500.18,4,Yes
7028,132,2023-03-10,6,Boutique,22,1,1263.19,1254.28,4,Yes
7029,393,2024-02-15,8,Boutique,4,1,2247.59,2201.88,3,Yes
7030,481,2025-12-11,10,Boutique,20,1,1505.97,1617.47,3,Yes
7031,2035,2025-12-24,8,Boutique,19,1,1731.11,1668.04,2,Yes
7032,1226,2025-03-22,1,Boutique,10,1,8420.05,8655.64,3,Yes
7033,462,2025-07-07,9,Boutique,13,1,7115.72,7461.91,2,Yes
7034,1802,2025-04-26,2,Online,1,1,1844.17,1754.77,3,Yes
7035,152,2025-01-09,1,Boutique,12,3,7775.57,25092.65,3,Yes
7036,79,2024-03-14,4,Boutique,11,1,3218.81,3242.83,3,Yes
7037,1224,2024-06-13,5,Boutique,24,1,426.87,455.18,4,Yes
7038,1786,2024-12-30,1,Online,5,2,1450.83,2977.74,3,Yes
7039,2147,2023-09-30,1,Boutique,2,1,2881.29,2950.18,4,Yes
7040,2025,2024-04-03,1,Online,17,1,1526.79,1489.07,4,Yes
7041,1837,2025-03-30,10,Boutique,17,2,1526.79,3185.78,3,Yes
7042,1398,2024-07-21,10,Boutique,20,1,1505.97,1392.67,3,Yes
7043,1076,2025-05-10,9,Boutique,15,1,3992.76,4028.42,4,Yes
7044,1648,2024-05-11,2,Private Client,4,1,2247.59,2079.34,4,Yes
7045,2183,2025-03-05,7,Boutique,22,1,1263.19,1224.16,4,Yes
7046,411,2025-03-15,6,Boutique,11,2,3218.81,6021.8,3,Yes
7047,2009,2025-12-31,1,Online,23,1,395.7,421.76,3,Yes
7048,1494,2025-07-22,9,Boutique,1,2,1844.17,3764.03,3,Yes
7049,1136,2025-09-18,7,Online,10,3,8420.05,25941.21,3,Yes
7050,1549,2025-04-19,1,Private Client,18,2,1879.61,3970.42,4,Yes
7051,785,2024-09-26,1,Private Client,15,1,3992.76,4141.63,4,Yes
7052,1068,2024-08-25,1,Boutique,19,1,1731.11,1627.02,3,Yes
7053,1421,2025-01-05,10,Boutique,25,1,464.55,473.29,4,Yes
7054,2010,2025-09-17,1,Private Client,4,2,2247.59,4839.09,5,Yes
7055,1609,2024-01-02,3,Boutique,6,1,1450.79,1384.43,4,Yes
7056,743,2023-09-13,1,Boutique,2,1,2881.29,2936.48,3,Yes
7057,2064,2024-03-15,10,Boutique,13,2,7115.72,14376.29,2,Yes
7058,2021,2024-03-10,5,Boutique,27,3,356.86,1052.02,4,Yes
7059,662,2024-11-20,1,Private Client,2,2,2881.29,6181.76,4,Yes
7060,1828,2023-11-04,2,Online,13,1,7115.72,6952.23,3,Yes
7061,2150,2024-02-13,6,Boutique,15,1,3992.76,3733.19,4,Yes
7062,951,2025-04-05,5,Online,18,2,1879.61,4037.43,3,Yes
7063,25,2023-03-28,9,Boutique,11,1,3218.81,3336.86,2,Yes
7064,1617,2023-01-03,1,Online,5,1,1450.83,1414.26,4,Yes
7065,18,2024-01-07,6,Boutique,25,1,464.55,448.24,4,Yes
7066,570,2024-10-03,1,Boutique,14,1,4139.23,4422.7,3,Yes
7067,1017,2025-11-12,9,Boutique,22,1,1263.19,1217.42,4,Yes
7068,1356,2023-04-08,2,Boutique,16,1,4000.34,4024.12,4,Yes
7069,1593,2024-10-31,4,Boutique,14,1,4139.23,3950.45,2,Yes
7070,831,2023-11-17,6,Boutique,9,3,7756.91,25114.57,4,Yes
7071,1036,2024-06-17,4,Private Client,6,2,1450.79,3026.7,5,Yes
7072,1933,2025-03-30,1,Private Client,9,2,7756.91,15681.7,4,Yes
7073,1307,2024-01-02,10,Online,5,2,1450.83,3015.79,1,Yes
7074,1753,2024-02-21,1,Private Client,11,3,3218.81,10299.73,3,Yes
7075,872,2024-12-29,1,Private Client,12,1,7775.57,8351.74,5,Yes
7076,835,2025-04-27,5,Online,17,1,1526.79,1596.66,3,Yes
7077,857,2024-10-31,8,Boutique,6,2,1450.79,3063.63,4,Yes
7078,970,2023-05-13,1,Private Client,20,1,1505.97,1481.34,5,Yes
7079,593,2023-02-22,1,Boutique,25,1,464.55,456.51,4,Yes
7080,255,2025-01-10,3,Boutique,6,1,1450.79,1522.35,3,Yes
7081,2115,2024-11-25,6,Boutique,15,1,3992.76,4158.62,2,Yes
7082,603,2023-01-23,6,Boutique,17,1,1526.79,1624.74,4,Yes
7083,1066,2024-04-04,5,Private Client,22,2,1263.19,2378.03,4,Yes
7084,1812,2024-10-11,1,Online,3,2,2487.59,5127.07,3,Yes
7085,1840,2024-04-26,1,Online,19,2,1731.11,3544.01,2,Yes
7086,1810,2023-04-30,3,Online,23,1,395.7,414.6,3,Yes
7087,1258,2024-11-03,5,Boutique,2,1,2881.29,2662.11,3,Yes
7088,966,2023-07-27,6,Online,9,1,7756.91,8161.82,2,Yes
7089,1738,2023-11-14,2,Boutique,9,1,7756.91,7541.49,3,Yes
7090,485,2023-12-04,9,Boutique,7,2,4390.12,9043.12,4,Yes
7091,39,2023-06-04,1,Online,25,1,464.55,473.21,4,Yes
7092,11,2025-05-17,6,Online,16,1,4000.34,3962.06,4,Yes
7093,624,2024-01-29,5,Online,27,3,356.86,1112.72,3,Yes
7094,409,2024-05-19,1,Boutique,6,2,1450.79,3115.7,3,Yes
7095,2156,2025-08-28,2,Online,9,2,7756.91,15075.65,4,Yes
7096,2028,2023-11-09,6,Boutique,26,1,602.77,626.73,3,Yes
7097,1118,2023-01-14,8,Boutique,13,2,7115.72,13809.14,2,Yes
7098,2132,2023-03-18,7,Boutique,2,2,2881.29,6081.28,4,Yes
7099,2106,2024-02-13,5,Boutique,14,1,4139.23,4097.69,4,Yes
7100,605,2024-01-29,5,Boutique,5,1,1450.83,1439.05,4,Yes
7101,969,2023-08-08,9,Boutique,11,2,3218.81,6717.66,3,Yes
7102,165,2025-01-13,9,Online,15,2,3992.76,7980.63,4,Yes
7103,437,2024-03-08,10,Boutique,6,1,1450.79,1396.62,4,Yes
7104,1680,2025-03-16,1,Boutique,28,1,488.98,527.75,4,Yes
7105,1810,2025-09-14,3,Boutique,6,2,1450.79,2957.39,5,Yes
7106,1410,2024-10-15,6,Private Client,16,1,4000.34,4093.24,2,Yes
7107,1978,2025-03-27,7,Private Client,27,1,356.86,365.23,2,Yes
7108,1162,2025-01-24,6,Boutique,20,3,1505.97,4795.03,4,Yes
7109,814,2024-11-06,6,Boutique,4,1,2247.59,2133.91,2,Yes
7110,1830,2025-04-11,4,Boutique,5,1,1450.83,1348.49,3,No
7111,293,2023-01-28,5,Boutique,6,2,1450.79,2848.98,3,Yes
7112,1499,2025-09-14,2,Boutique,28,1,488.98,494.06,4,Yes
7113,462,2024-02-20,9,Boutique,13,3,7115.72,20615.24,3,Yes
7114,2092,2023-01-25,9,Boutique,14,1,4139.23,4264.54,3,Yes
7115,1107,2024-11-03,6,Online,24,2,426.87,795.54,2,Yes
7116,1435,2024-06-25,1,Boutique,28,1,488.98,511.72,3,Yes
7117,711,2023-06-14,4,Boutique,13,1,7115.72,7364.01,3,Yes
7118,1648,2023-07-27,2,Private Client,10,3,8420.05,24104.02,4,Yes
7119,89,2025-08-06,8,Online,17,2,1526.79,2955.11,3,Yes
7120,1664,2025-09-11,5,Online,24,2,426.87,895.68,4,Yes
7121,1042,2024-09-05,2,Boutique,18,2,1879.61,3923.63,4,Yes
7122,1934,2024-01-08,4,Boutique,27,2,356.86,749.55,4,Yes
7123,422,2024-09-09,1,Boutique,7,2,4390.12,8530.52,4,Yes
7124,876,2023-03-10,6,Boutique,4,2,2247.59,4832.91,4,Yes
7125,338,2023-04-11,3,Boutique,24,1,426.87,441.58,5,No
7126,266,2023-01-01,3,Online,22,1,1263.19,1175.31,4,Yes
7127,1379,2023-12-17,8,Private Client,21,1,2018.96,2011.77,4,Yes
7128,1815,2023-01-07,4,Online,16,2,4000.34,8211.32,3,Yes
7129,321,2023-11-14,3,Online,10,1,8420.05,7973.65,4,Yes
7130,850,2024-09-14,6,Online,26,1,602.77,641.52,3,Yes
7131,719,2024-05-23,3,Online,21,1,2018.96,2101.05,4,Yes
7132,992,2023-07-05,1,Private Client,20,2,1505.97,2810.23,3,Yes
7133,1809,2024-12-28,1,Online,19,1,1731.11,1845.56,4,Yes
7134,717,2024-04-06,1,Boutique,3,2,2487.59,4899.06,3,Yes
7135,985,2023-12-09,10,Boutique,19,3,1731.11,5153.84,3,Yes
7136,1940,2024-09-26,3,Online,23,1,395.7,413.62,2,Yes
7137,896,2024-12-13,8,Boutique,24,2,426.87,873.41,3,Yes
7138,1177,2025-10-28,5,Private Client,13,1,7115.72,7044.6,5,Yes
7139,1777,2024-07-29,3,Online,8,1,9400.29,9038.75,3,Yes
7140,1460,2023-05-16,6,Online,18,2,1879.61,3769.38,4,Yes
7141,1616,2024-01-18,6,Boutique,19,1,1731.11,1753.04,4,Yes
7142,1173,2023-07-05,7,Boutique,18,1,1879.61,1918.99,4,Yes
7143,542,2024-09-30,3,Boutique,22,1,1263.19,1284.42,3,Yes
7144,635,2025-07-16,6,Online,27,1,356.86,363.56,3,Yes
7145,1350,2025-08-21,5,Boutique,19,3,1731.11,5173.17,4,Yes
7146,698,2024-07-14,8,Private Client,22,1,1263.19,1275.7,4,Yes
7147,1953,2025-06-16,1,Online,4,3,2247.59,6514.74,5,Yes
7148,2123,2024-09-30,3,Online,13,3,7115.72,20180.32,3,Yes
7149,1605,2023-11-17,6,Private Client,12,1,7775.57,7908.61,3,Yes
7150,498,2025-05-07,4,Private Client,15,3,3992.76,11110.09,4,Yes
7151,722,2025-09-24,6,Boutique,26,1,602.77,560.84,4,Yes
7152,1775,2023-10-12,3,Online,15,2,3992.76,7662.67,3,Yes
7153,1364,2025-11-17,1,Boutique,10,2,8420.05,16016.49,4,Yes
7154,308,2023-12-17,1,Boutique,22,1,1263.19,1237.75,3,Yes
7155,884,2023-03-24,2,Boutique,19,1,1731.11,1695.46,2,Yes
7156,1265,2024-10-27,6,Online,21,1,2018.96,1895.19,1,Yes
7157,253,2024-06-24,9,Boutique,8,3,9400.29,27057.06,3,Yes
7158,936,2024-04-24,3,Online,19,1,1731.11,1593.89,4,Yes
7159,1244,2023-08-01,8,Online,25,1,464.55,453.47,4,Yes
7160,1753,2025-07-18,1,Online,9,2,7756.91,16249.63,2,Yes
7161,1738,2023-12-26,2,Boutique,7,1,4390.12,4225.87,3,Yes
7162,1053,2023-08-02,8,Online,8,2,9400.29,19231.78,4,Yes
7163,494,2023-10-31,3,Boutique,9,2,7756.91,14516.6,5,Yes
7164,959,2023-07-19,6,Boutique,17,1,1526.79,1407.65,2,Yes
7165,2022,2023-08-26,1,Private Client,15,2,3992.76,7983.47,3,Yes
7166,1748,2024-11-01,2,Boutique,16,3,4000.34,11927.06,5,Yes
7167,1178,2025-05-28,7,Boutique,7,2,4390.12,8346.87,4,Yes
7168,992,2023-09-08,1,Online,10,1,8420.05,8132.54,2,Yes
7169,2150,2024-04-20,6,Boutique,19,2,1731.11,3202.23,5,Yes
7170,927,2024-05-12,4,Boutique,6,1,1450.79,1519.92,3,Yes
7171,2060,2025-09-04,6,Online,25,3,464.55,1349.34,3,Yes
7172,1210,2025-09-23,5,Boutique,12,1,7775.57,7426.55,3,Yes
7173,932,2024-12-01,7,Boutique,15,1,3992.76,4187.39,4,Yes
7174,1926,2025-02-22,7,Online,10,3,8420.05,23398.07,3,Yes
7175,1159,2024-03-04,6,Online,27,2,356.86,689.11,3,Yes
7176,757,2024-06-22,1,Online,24,1,426.87,410.67,4,Yes
7177,1055,2025-06-19,4,Online,18,1,1879.61,1808.33,3,Yes
7178,456,2025-08-25,6,Boutique,4,3,2247.59,6215.75,5,Yes
7179,259,2023-07-29,4,Online,11,1,3218.81,3442.67,5,Yes
7180,431,2024-05-05,1,Online,5,1,1450.83,1535.36,3,Yes
7181,1965,2024-04-15,6,Boutique,13,1,7115.72,7018.37,5,Yes
7182,1974,2024-07-21,1,Private Client,10,2,8420.05,16693.08,3,Yes
7183,647,2024-10-25,4,Online,22,1,1263.19,1268.07,4,Yes
7184,447,2024-07-03,5,Boutique,7,3,4390.12,13124.67,3,Yes
7185,1113,2023-07-17,8,Online,11,1,3218.81,3362.57,4,Yes
7186,195,2024-06-04,1,Online,4,2,2247.59,4486.85,5,Yes
7187,1438,2024-11-18,1,Boutique,4,2,2247.59,4271.37,3,Yes
7188,1146,2024-04-11,2,Online,5,2,1450.83,2723.83,3,Yes
7189,1140,2024-08-18,5,Online,25,1,464.55,495.64,2,Yes
7190,196,2023-05-19,3,Online,9,1,7756.91,7196.41,2,Yes
7191,2084,2025-10-11,1,Boutique,1,1,1844.17,1961.48,3,Yes
7192,2115,2023-08-30,6,Boutique,16,1,4000.34,4122.26,3,Yes
7193,645,2023-11-12,1,Boutique,5,1,1450.83,1428.71,4,Yes
7194,1035,2024-10-28,7,Online,5,1,1450.83,1378.21,4,Yes
7195,1754,2025-01-02,9,Online,7,1,4390.12,4257.0,4,Yes
7196,322,2023-05-15,6,Boutique,8,1,9400.29,9445.22,3,Yes
7197,1692,2024-08-01,1,Boutique,19,1,1731.11,1774.55,3,Yes
7198,1017,2025-12-28,9,Boutique,1,2,1844.17,3801.33,3,Yes
7199,650,2024-03-14,3,Online,18,1,1879.61,1863.76,4,Yes
7200,1703,2023-03-18,2,Online,22,1,1263.19,1237.72,3,Yes
7201,831,2024-02-04,6,Boutique,11,1,3218.81,3357.0,3,Yes
7202,189,2024-01-09,2,Boutique,22,3,1263.19,4047.51,4,Yes
7203,1511,2025-11-01,1,Boutique,27,2,356.86,761.05,4,Yes
7204,92,2025-01-27,5,Boutique,16,2,4000.34,8066.76,3,Yes
7205,1912,2025-01-18,1,Online,21,1,2018.96,1882.97,3,Yes
7206,1581,2025-02-02,1,Boutique,11,3,3218.81,8997.15,3,Yes
7207,1409,2024-02-21,2,Boutique,21,1,2018.96,1987.55,5,Yes
7208,175,2023-07-26,1,Online,9,3,7756.91,24137.72,4,Yes
7209,1697,2023-12-07,6,Private Client,27,2,356.86,713.42,4,Yes
7210,474,2024-12-21,5,Private Client,7,1,4390.12,4479.58,3,Yes
7211,1935,2023-11-07,8,Private Client,22,1,1263.19,1332.58,3,Yes
7212,270,2024-09-16,1,Online,15,1,3992.76,3699.11,3,Yes
7213,2045,2023-03-24,1,Online,11,1,3218.81,3437.08,3,Yes
7214,694,2025-10-23,1,Online,23,2,395.7,769.99,4,Yes
7215,376,2025-05-22,8,Online,19,1,1731.11,1605.58,2,Yes
7216,1416,2023-08-24,4,Private Client,7,1,4390.12,4625.73,5,Yes
7217,2084,2024-01-24,1,Boutique,16,2,4000.34,8556.44,4,Yes
7218,1236,2024-01-28,4,Boutique,3,1,2487.59,2594.51,2,Yes
7219,1972,2025-01-16,2,Boutique,16,2,4000.34,8390.49,4,Yes
7220,134,2023-01-30,6,Online,8,1,9400.29,9958.75,3,Yes
7221,924,2025-09-08,6,Online,26,1,602.77,604.93,3,Yes
7222,690,2024-08-27,10,Online,10,1,8420.05,8663.17,3,Yes
7223,1702,2023-10-10,6,Boutique,9,2,7756.91,14983.75,3,Yes
7224,2030,2023-08-26,4,Boutique,3,1,2487.59,2387.97,3,Yes
7225,1873,2024-12-31,6,Private Client,7,1,4390.12,4466.64,2,Yes
7226,841,2023-01-31,8,Boutique,8,1,9400.29,9753.15,4,Yes
7227,988,2025-09-04,9,Boutique,3,1,2487.59,2446.65,4,Yes
7228,1462,2025-07-03,4,Online,16,1,4000.34,3936.52,3,Yes
7229,839,2023-07-26,1,Boutique,22,3,1263.19,4064.99,4,Yes
7230,1452,2025-06-21,4,Boutique,14,1,4139.23,4151.46,4,Yes
7231,748,2024-08-05,1,Boutique,7,1,4390.12,4731.7,3,Yes
7232,966,2024-04-04,6,Boutique,4,2,2247.59,4756.15,2,Yes
7233,1927,2023-05-16,10,Boutique,6,2,1450.79,2966.42,3,Yes
7234,2039,2025-09-04,1,Boutique,7,1,4390.12,4045.33,3,Yes
7235,145,2023-10-11,5,Boutique,12,2,7775.57,15043.36,3,Yes
7236,1851,2025-04-29,2,Boutique,7,3,4390.12,12996.81,3,Yes
7237,735,2023-12-17,1,Online,27,1,356.86,365.59,4,Yes
7238,528,2023-01-17,4,Boutique,1,2,1844.17,3626.68,4,Yes
7239,1412,2024-02-18,6,Boutique,18,2,1879.61,3956.4,3,Yes
7240,1119,2023-01-06,8,Boutique,11,1,3218.81,3302.71,3,Yes
7241,430,2025-02-18,4,Boutique,11,1,3218.81,3140.1,3,Yes
7242,1061,2023-03-28,10,Boutique,17,1,1526.79,1596.27,3,Yes
7243,1417,2023-07-08,8,Boutique,25,1,464.55,449.91,3,Yes
7244,1597,2024-02-24,1,Private Client,12,1,7775.57,7231.64,4,Yes
7245,1898,2025-12-26,1,Private Client,23,2,395.7,749.94,4,Yes
7246,1780,2023-09-05,1,Online,27,1,356.86,328.47,4,Yes
7247,518,2025-05-09,3,Boutique,23,1,395.7,416.74,3,Yes
7248,1401,2023-07-26,6,Online,19,1,1731.11,1766.32,3,Yes
7249,165,2024-02-28,9,Boutique,21,1,2018.96,2041.76,3,Yes
7250,2073,2024-07-02,9,Online,18,2,1879.61,3856.69,3,Yes
7251,1147,2024-05-01,6,Boutique,21,3,2018.96,6205.73,3,Yes
7252,129,2023-05-13,6,Online,24,2,426.87,862.69,3,Yes
7253,1658,2023-04-25,8,Private Client,13,2,7115.72,15011.12,4,Yes
7254,1018,2024-01-12,6,Boutique,10,1,8420.05,8340.49,3,Yes
7255,595,2025-09-03,3,Boutique,19,1,1731.11,1815.54,4,Yes
7256,1333,2023-07-30,9,Online,4,1,2247.59,2350.67,4,Yes
7257,182,2023-05-12,1,Boutique,24,3,426.87,1219.04,3,Yes
7258,1612,2023-06-03,9,Private Client,15,1,3992.76,3963.22,4,Yes
7259,744,2025-07-08,8,Boutique,18,1,1879.61,1980.34,3,Yes
7260,1839,2025-08-09,1,Boutique,1,2,1844.17,3883.59,3,Yes
7261,2091,2025-03-16,1,Online,19,1,1731.11,1599.27,3,Yes
7262,1953,2023-05-27,1,Boutique,2,1,2881.29,2753.61,4,Yes
7263,605,2024-12-15,5,Boutique,10,2,8420.05,16634.99,3,Yes
7264,1790,2023-08-19,7,Boutique,18,1,1879.61,1743.42,5,Yes
7265,1614,2024-03-26,8,Online,4,2,2247.59,4323.01,5,Yes
7266,263,2025-06-25,1,Boutique,22,1,1263.19,1214.34,4,Yes
7267,2118,2025-12-08,8,Online,10,1,8420.05,8035.51,3,Yes
7268,661,2023-04-17,7,Boutique,26,1,602.77,592.8,4,Yes
7269,1316,2023-04-03,6,Boutique,21,2,2018.96,4240.15,4,Yes
7270,822,2025-04-08,6,Boutique,4,1,2247.59,2155.57,3,Yes
7271,2195,2023-05-20,1,Private Client,24,3,426.87,1297.43,5,Yes
7272,2073,2023-01-11,9,Boutique,27,1,356.86,360.15,3,Yes
7273,1347,2024-03-23,1,Boutique,21,1,2018.96,2121.66,4,Yes
7274,2020,2025-07-15,6,Private Client,18,1,1879.61,1847.73,4,Yes
7275,816,2024-01-30,10,Private Client,20,1,1505.97,1439.36,3,Yes
7276,682,2024-01-13,6,Online,23,1,395.7,420.49,5,Yes
7277,1194,2023-12-27,1,Boutique,4,1,2247.59,2367.32,3,Yes
7278,2,2024-11-13,1,Boutique,15,3,3992.76,12211.14,4,Yes
7279,639,2025-10-13,1,Boutique,22,2,1263.19,2361.96,5,Yes
7280,590,2024-10-03,2,Online,18,1,1879.61,1734.09,3,Yes
7281,202,2024-07-26,6,Boutique,9,1,7756.91,7363.01,3,Yes
7282,1005,2025-09-23,1,Boutique,20,2,1505.97,2865.75,4,Yes
7283,1313,2025-07-11,2,Boutique,17,1,1526.79,1437.93,3,Yes
7284,2026,2024-01-31,10,Boutique,3,3,2487.59,7178.8,4,Yes
7285,1804,2023-07-05,6,Online,13,2,7115.72,13862.31,4,Yes
7286,126,2024-01-06,5,Online,7,1,4390.12,4568.84,3,Yes
7287,2097,2024-08-30,10,Online,14,1,4139.23,4277.99,4,Yes
7288,846,2023-10-09,4,Boutique,26,1,602.77,564.62,3,Yes
7289,1797,2025-11-22,6,Online,25,1,464.55,500.01,4,Yes
7290,179,2023-03-23,1,Boutique,6,3,1450.79,4527.95,2,Yes
7291,1605,2023-05-28,6,Boutique,14,3,4139.23,11748.99,4,Yes
7292,1903,2025-08-22,6,Boutique,14,2,4139.23,7781.09,3,Yes
7293,493,2025-09-18,6,Boutique,14,2,4139.23,7732.14,1,Yes
7294,964,2025-08-05,6,Boutique,20,1,1505.97,1561.82,2,Yes
7295,1193,2024-05-09,10,Boutique,18,1,1879.61,1800.3,3,Yes
7296,1987,2024-12-23,5,Private Client,9,2,7756.91,14453.84,5,Yes
7297,269,2024-12-03,7,Private Client,12,2,7775.57,15356.63,4,Yes
7298,1388,2025-10-27,9,Boutique,14,1,4139.23,4277.45,3,Yes
7299,624,2025-04-05,5,Boutique,24,2,426.87,827.04,3,Yes
7300,2148,2024-03-09,8,Boutique,23,2,395.7,789.2,4,Yes
7301,2145,2025-11-23,1,Boutique,16,2,4000.34,7607.27,3,Yes
7302,819,2024-07-16,1,Boutique,2,1,2881.29,2848.63,3,Yes
7303,548,2023-05-18,10,Boutique,16,1,4000.34,3910.06,4,Yes
7304,337,2024-01-02,10,Online,18,2,1879.61,3719.47,5,Yes
7305,359,2023-04-16,2,Online,24,1,426.87,424.53,3,Yes
7306,1420,2025-03-04,8,Boutique,9,1,7756.91,7250.91,4,Yes
7307,1925,2025-11-21,6,Online,25,1,464.55,434.33,3,Yes
7308,816,2024-09-27,10,Online,8,1,9400.29,9040.24,3,Yes
7309,360,2025-09-13,1,Boutique,1,1,1844.17,1730.79,4,Yes
7310,347,2025-08-15,1,Boutique,5,2,1450.83,2786.89,3,Yes
7311,1148,2025-05-04,5,Private Client,7,2,4390.12,8112.3,4,Yes
7312,552,2023-03-19,2,Online,10,3,8420.05,24656.89,3,Yes
7313,1888,2023-07-28,6,Boutique,22,2,1263.19,2410.53,3,Yes
7314,1931,2023-01-08,6,Online,11,1,3218.81,3420.77,3,Yes
7315,422,2025-01-06,1,Boutique,12,2,7775.57,16442.3,3,Yes
7316,336,2023-08-15,5,Online,1,2,1844.17,3570.56,3,Yes
7317,1527,2023-06-24,1,Boutique,26,3,602.77,1801.22,3,Yes
7318,57,2023-03-22,2,Boutique,6,1,1450.79,1556.59,4,Yes
7319,1686,2025-12-16,4,Online,4,2,2247.59,4512.51,3,Yes
7320,722,2023-08-26,6,Online,3,1,2487.59,2626.27,4,Yes
7321,386,2025-11-15,6,Boutique,4,2,2247.59,4729.92,4,Yes
7322,950,2023-07-06,1,Boutique,24,2,426.87,914.02,4,Yes
7323,1501,2024-09-21,8,Boutique,27,1,356.86,345.77,4,Yes
7324,1720,2025-10-10,2,Boutique,6,1,1450.79,1344.81,4,Yes
7325,2059,2025-03-25,1,Boutique,25,2,464.55,870.23,2,Yes
7326,260,2024-09-05,5,Online,5,2,1450.83,2934.76,4,Yes
7327,393,2025-06-10,8,Boutique,27,1,356.86,358.59,2,Yes
7328,600,2023-06-27,7,Online,9,2,7756.91,15013.54,4,Yes
7329,1040,2025-09-11,1,Online,4,2,2247.59,4314.45,3,Yes
7330,756,2023-10-07,3,Boutique,14,3,4139.23,12833.7,2,Yes
7331,477,2025-03-08,6,Online,15,1,3992.76,3890.87,3,Yes
7332,1188,2025-12-13,1,Private Client,28,1,488.98,497.11,4,Yes
7333,2072,2023-03-08,3,Boutique,4,1,2247.59,2323.93,3,Yes
7334,1600,2024-06-27,5,Private Client,22,2,1263.19,2498.27,5,Yes
7335,1262,2024-06-03,1,Online,14,3,4139.23,11808.54,2,Yes
7336,2070,2024-05-13,6,Online,10,1,8420.05,8906.1,3,Yes
7337,1842,2025-08-03,6,Boutique,27,1,356.86,333.65,2,Yes
7338,1583,2024-12-27,9,Online,7,3,4390.12,13864.64,4,Yes
7339,1760,2025-12-05,6,Boutique,18,2,1879.61,3961.72,4,Yes
7340,730,2025-11-24,5,Online,20,1,1505.97,1523.08,3,Yes
7341,1499,2023-07-08,2,Online,15,1,3992.76,4075.47,3,Yes
7342,749,2025-08-04,1,Boutique,8,1,9400.29,9186.74,4,No
7343,716,2023-05-16,5,Boutique,9,1,7756.91,8180.85,3,Yes
7344,531,2024-06-29,7,Boutique,5,1,1450.83,1395.98,3,Yes
7345,692,2025-03-03,7,Boutique,6,1,1450.79,1464.67,4,Yes
7346,1109,2024-07-08,8,Online,26,2,602.77,1109.44,5,Yes
7347,1571,2025-06-12,1,Boutique,12,1,7775.57,8322.77,2,Yes
7348,490,2025-08-03,8,Boutique,7,1,4390.12,4705.01,2,Yes
7349,5,2024-06-08,1,Boutique,7,1,4390.12,4537.92,4,Yes
7350,76,2023-06-23,5,Online,15,2,3992.76,7887.44,4,Yes
7351,1277,2024-09-28,6,Boutique,19,2,1731.11,3284.18,4,Yes
7352,2055,2023-07-26,4,Private Client,13,1,7115.72,7107.14,3,Yes
7353,473,2025-08-06,6,Online,18,2,1879.61,3934.5,3,Yes
7354,1382,2023-04-14,8,Online,10,1,8420.05,8561.88,4,Yes
7355,838,2025-11-29,6,Boutique,8,3,9400.29,28324.94,3,Yes
7356,603,2025-11-12,6,Boutique,25,1,464.55,490.52,4,Yes
7357,1187,2023-10-17,6,Boutique,11,2,3218.81,6245.14,3,Yes
7358,1482,2024-07-20,7,Boutique,8,1,9400.29,9941.69,2,Yes
7359,1765,2025-08-21,5,Online,8,2,9400.29,18618.45,3,Yes
7360,1699,2025-04-17,5,Boutique,15,2,3992.76,7349.76,3,Yes
7361,232,2024-02-15,1,Boutique,2,1,2881.29,2988.22,4,Yes
7362,328,2025-05-31,6,Online,27,2,356.86,756.87,2,Yes
7363,1144,2025-06-04,10,Boutique,20,3,1505.97,4506.6,4,Yes
7364,950,2024-02-28,1,Boutique,22,2,1263.19,2508.09,5,Yes
7365,1887,2023-06-04,4,Boutique,24,2,426.87,895.46,5,Yes
7366,1360,2023-05-31,1,Online,13,3,7115.72,22661.38,5,Yes
7367,1308,2023-07-31,6,Boutique,18,2,1879.61,4044.57,3,Yes
7368,198,2025-05-30,1,Online,12,1,7775.57,7583.54,4,Yes
7369,416,2025-01-24,3,Boutique,8,1,9400.29,9542.71,4,Yes
7370,1419,2024-06-24,6,Boutique,17,1,1526.79,1605.67,2,Yes
7371,938,2024-12-01,3,Online,27,2,356.86,717.36,3,Yes
7372,1244,2023-06-21,8,Online,6,1,1450.79,1441.94,5,Yes
7373,1240,2024-01-06,5,Boutique,16,1,4000.34,4046.38,4,Yes
7374,1339,2025-07-01,6,Online,24,1,426.87,417.09,5,Yes
7375,1692,2025-03-12,1,Boutique,24,3,426.87,1217.52,4,Yes
7376,216,2023-09-13,3,Online,28,1,488.98,455.07,3,Yes
7377,1650,2025-09-16,4,Online,27,3,356.86,1089.42,3,Yes
7378,1185,2024-11-06,1,Online,23,1,395.7,388.05,3,Yes
7379,610,2025-05-13,1,Private Client,23,2,395.7,839.89,4,Yes
7380,918,2024-02-20,1,Boutique,14,2,4139.23,7911.5,3,Yes
7381,157,2023-11-25,2,Online,27,1,356.86,346.05,3,Yes
7382,162,2025-07-06,1,Private Client,10,1,8420.05,9053.92,3,Yes
7383,42,2025-08-19,10,Boutique,27,1,356.86,360.07,4,Yes
7384,1354,2025-04-03,3,Boutique,28,2,488.98,953.98,4,Yes
7385,1587,2023-09-06,3,Online,25,1,464.55,491.37,4,Yes
7386,1453,2025-01-14,8,Boutique,2,1,2881.29,2993.49,3,Yes
7387,120,2023-11-04,5,Online,13,1,7115.72,7198.99,5,Yes
7388,1099,2024-07-26,1,Boutique,1,2,1844.17,3917.96,4,Yes
7389,2038,2025-03-08,8,Online,28,1,488.98,457.21,4,Yes
7390,123,2025-09-27,9,Boutique,18,1,1879.61,1847.88,3,Yes
7391,789,2025-01-30,6,Boutique,14,2,4139.23,8689.8,3,Yes
7392,257,2023-10-20,6,Private Client,3,2,2487.59,4884.39,4,Yes
7393,1861,2024-02-14,6,Online,15,1,3992.76,4265.38,4,Yes
7394,1293,2023-07-17,1,Boutique,9,1,7756.91,7325.65,4,Yes
7395,1173,2023-03-21,7,Boutique,26,3,602.77,1761.04,3,Yes
7396,1172,2023-05-17,1,Online,13,3,7115.72,21093.53,2,Yes
7397,680,2023-08-01,8,Online,23,1,395.7,407.54,4,Yes
7398,1202,2024-09-10,4,Online,5,2,1450.83,2760.22,2,Yes
7399,608,2025-08-17,4,Online,5,3,1450.83,4011.16,3,Yes
7400,331,2023-06-15,10,Boutique,22,2,1263.19,2718.99,4,Yes
7401,2104,2024-03-05,1,Online,2,1,2881.29,3065.12,3,Yes
7402,1231,2023-05-01,1,Online,1,3,1844.17,5355.67,3,Yes
7403,2153,2023-11-27,2,Boutique,27,2,356.86,711.83,3,Yes
7404,547,2025-12-27,8,Boutique,17,1,1526.79,1524.08,2,Yes
7405,793,2024-09-11,8,Boutique,19,2,1731.11,3666.75,4,Yes
7406,1905,2023-02-06,6,Online,17,3,1526.79,4651.5,4,Yes
7407,1379,2025-08-21,8,Online,9,1,7756.91,8162.05,3,Yes
7408,1683,2025-04-24,1,Online,10,1,8420.05,8975.09,2,Yes
7409,489,2025-03-07,3,Boutique,15,2,3992.76,8069.79,3,Yes
7410,1823,2023-10-13,2,Online,13,2,7115.72,13742.98,3,Yes
7411,1527,2025-06-05,1,Online,21,1,2018.96,2018.54,3,Yes
7412,650,2023-08-08,3,Boutique,25,1,464.55,490.63,4,Yes
7413,648,2025-10-27,10,Boutique,21,1,2018.96,2045.97,4,Yes
7414,1386,2023-08-04,1,Online,17,1,1526.79,1623.46,4,No
7415,381,2024-11-11,9,Private Client,27,1,356.86,379.44,4,Yes
7416,2067,2023-10-20,2,Boutique,28,2,488.98,958.14,4,Yes
7417,1864,2023-02-12,4,Boutique,23,3,395.7,1177.24,4,Yes
7418,129,2024-11-23,6,Boutique,7,2,4390.12,9030.18,4,Yes
7419,1200,2025-08-16,2,Boutique,4,2,2247.59,4215.45,4,Yes
7420,409,2023-04-24,1,Boutique,3,3,2487.59,7421.64,4,Yes
7421,792,2025-07-09,3,Online,1,3,1844.17,5222.15,3,Yes
7422,1108,2023-08-25,1,Private Client,7,1,4390.12,4634.53,3,Yes
7423,222,2024-10-14,8,Online,5,3,1450.83,4660.84,4,Yes
7424,1440,2023-06-07,4,Boutique,26,2,602.77,1136.4,3,Yes
7425,618,2025-06-26,9,Online,17,1,1526.79,1567.67,3,Yes
7426,1349,2025-08-18,4,Online,17,3,1526.79,4680.44,3,Yes
7427,1037,2025-05-02,4,Boutique,15,1,3992.76,4158.91,3,Yes
7428,225,2025-06-04,8,Boutique,3,3,2487.59,7696.54,3,Yes
7429,57,2023-03-01,2,Online,3,1,2487.59,2375.0,4,Yes
7430,1404,2024-02-05,5,Online,2,1,2881.29,2785.04,3,Yes
7431,117,2025-04-07,2,Boutique,8,1,9400.29,8896.78,4,Yes
7432,410,2024-04-20,8,Boutique,13,1,7115.72,7595.2,5,Yes
7433,1917,2024-10-16,8,Online,28,1,488.98,490.69,3,Yes
7434,1984,2025-04-24,1,Boutique,24,2,426.87,918.78,4,Yes
7435,2052,2025-07-12,7,Online,6,1,1450.79,1439.03,3,Yes
7436,23,2024-09-29,10,Online,5,1,1450.83,1463.07,3,Yes
7437,745,2024-10-10,1,Boutique,13,1,7115.72,7445.09,3,Yes
7438,602,2023-08-01,2,Boutique,22,1,1263.19,1323.26,4,Yes
7439,970,2025-09-16,1,Boutique,1,1,1844.17,1764.84,4,Yes
7440,1179,2025-03-14,6,Boutique,18,2,1879.61,3631.88,4,Yes
7441,1843,2023-05-08,8,Boutique,7,1,4390.12,4107.61,5,Yes
7442,81,2025-08-09,1,Online,17,3,1526.79,4804.23,4,Yes
7443,483,2023-08-05,6,Online,8,1,9400.29,9842.27,3,Yes
7444,1431,2024-12-11,1,Online,19,3,1731.11,4845.38,3,Yes
7445,33,2023-01-20,3,Online,16,3,4000.34,11535.25,4,Yes
7446,2083,2025-12-19,1,Online,14,1,4139.23,4106.03,4,Yes
7447,1273,2024-11-05,1,Private Client,20,2,1505.97,3032.07,5,Yes
7448,280,2024-12-14,2,Boutique,23,1,395.7,397.13,4,No
7449,2008,2025-01-08,3,Online,10,3,8420.05,27212.56,4,Yes
7450,2200,2024-07-10,6,Boutique,23,3,395.7,1237.27,3,Yes
7451,1683,2023-07-16,1,Boutique,2,2,2881.29,5405.93,4,Yes
7452,1575,2025-07-24,1,Online,21,1,2018.96,1952.25,3,Yes
7453,701,2024-11-08,1,Boutique,24,2,426.87,832.63,4,Yes
7454,1780,2024-05-18,1,Online,16,3,4000.34,11646.07,4,Yes
7455,1019,2025-01-07,1,Boutique,25,3,464.55,1457.41,3,Yes
7456,1254,2025-03-02,6,Boutique,13,2,7115.72,13913.93,4,Yes
7457,665,2023-07-16,5,Online,5,1,1450.83,1449.07,3,Yes
7458,1312,2025-02-19,1,Boutique,18,1,1879.61,1889.67,3,Yes
7459,1419,2025-01-13,6,Boutique,20,2,1505.97,2901.3,3,Yes
7460,1057,2024-02-26,10,Boutique,11,2,3218.81,6254.99,4,Yes
7461,1939,2024-03-07,1,Private Client,5,3,1450.83,4547.48,4,Yes
7462,1387,2025-07-14,5,Boutique,22,1,1263.19,1337.3,4,Yes
7463,1135,2023-08-23,3,Boutique,28,3,488.98,1358.29,4,Yes
7464,1145,2023-11-23,6,Online,22,1,1263.19,1284.44,5,Yes
7465,2064,2025-07-22,10,Online,13,3,7115.72,21802.92,3,Yes
7466,739,2024-04-23,7,Online,28,3,488.98,1522.64,4,Yes
7467,1547,2024-03-03,1,Boutique,1,1,1844.17,1901.37,4,Yes
7468,2146,2024-10-27,8,Private Client,6,3,1450.79,4615.2,3,Yes
7469,2164,2025-05-07,9,Online,11,2,3218.81,6003.44,2,Yes
7470,1495,2024-10-03,3,Boutique,10,1,8420.05,8269.66,5,Yes
7471,1463,2025-03-21,1,Boutique,1,2,1844.17,3854.81,2,Yes
7472,349,2025-12-02,8,Private Client,16,1,4000.34,4222.17,3,Yes
7473,232,2024-07-28,1,Online,13,2,7115.72,13695.81,4,Yes
7474,1997,2025-10-15,4,Online,21,3,2018.96,6139.53,4,Yes
7475,1557,2025-10-25,10,Online,27,1,356.86,338.63,4,Yes
7476,1971,2025-03-13,1,Boutique,16,1,4000.34,4224.93,5,Yes
7477,1657,2024-02-04,1,Boutique,15,1,3992.76,4139.97,3,Yes
7478,1943,2024-08-17,1,Boutique,7,2,4390.12,8389.79,4,Yes
7479,545,2023-04-27,3,Boutique,14,3,4139.23,12663.61,3,Yes
7480,392,2024-01-18,7,Boutique,24,3,426.87,1282.52,3,Yes
7481,1194,2025-05-08,1,Boutique,11,1,3218.81,3094.6,3,Yes
7482,2125,2023-03-23,6,Online,27,2,356.86,758.61,4,Yes
7483,1989,2025-04-11,3,Boutique,13,3,7115.72,20144.34,5,Yes
7484,297,2025-05-22,10,Boutique,5,1,1450.83,1443.28,3,Yes
7485,1087,2024-10-14,6,Online,18,3,1879.61,5713.53,3,Yes
7486,270,2025-01-03,1,Online,3,2,2487.59,5232.73,2,Yes
7487,1099,2023-03-11,1,Boutique,12,2,7775.57,14680.72,5,Yes
7488,1710,2024-01-22,1,Online,7,3,4390.12,13400.42,4,Yes
7489,510,2024-06-07,1,Online,26,1,602.77,555.18,3,Yes
7490,1117,2023-10-24,2,Boutique,20,2,1505.97,3167.4,4,Yes
7491,1077,2024-09-08,10,Boutique,15,1,3992.76,3823.3,3,Yes
7492,496,2024-12-19,8,Boutique,1,2,1844.17,3818.71,4,Yes
7493,94,2025-12-24,9,Online,19,1,1731.11,1759.33,3,Yes
7494,625,2023-06-27,6,Boutique,10,1,8420.05,7813.98,5,Yes
7495,229,2025-10-28,9,Boutique,14,1,4139.23,3929.44,3,Yes
7496,1415,2023-01-11,6,Private Client,15,1,3992.76,3844.38,3,Yes
7497,721,2025-02-23,9,Boutique,2,1,2881.29,3059.57,3,Yes
7498,980,2024-02-15,8,Boutique,25,2,464.55,926.25,5,Yes
7499,267,2025-06-10,1,Boutique,17,1,1526.79,1627.8,4,Yes
7500,1004,2024-08-29,6,Boutique,25,3,464.55,1292.74,3,Yes
7501,281,2023-06-04,8,Online,10,1,8420.05,7755.29,2,Yes
7502,962,2024-08-21,8,Online,5,2,1450.83,3109.77,2,Yes
7503,1107,2025-04-03,6,Boutique,28,1,488.98,506.5,4,Yes
7504,1210,2023-12-16,5,Boutique,6,3,1450.79,4549.67,2,Yes
7505,1372,2025-07-31,6,Boutique,6,3,1450.79,4641.93,4,Yes
7506,423,2023-01-19,7,Private Client,28,1,488.98,526.89,4,Yes
7507,2006,2023-11-09,10,Online,6,2,1450.79,2714.82,3,Yes
7508,454,2025-07-15,6,Online,25,1,464.55,439.15,5,Yes
7509,507,2024-06-11,7,Boutique,14,1,4139.23,3932.98,4,Yes
7510,1166,2024-07-10,6,Boutique,13,3,7115.72,22434.73,4,Yes
7511,316,2024-03-20,4,Boutique,13,1,7115.72,6951.26,3,Yes
7512,1700,2023-08-19,10,Private Client,25,1,464.55,471.48,4,Yes
7513,764,2024-09-16,6,Online,27,1,356.86,377.14,3,Yes
7514,1256,2025-10-07,1,Online,10,3,8420.05,26000.41,4,Yes
7515,898,2025-06-07,1,Online,16,1,4000.34,3722.18,4,Yes
7516,953,2023-12-25,3,Boutique,7,1,4390.12,4351.96,3,Yes
7517,1596,2023-02-13,10,Boutique,3,1,2487.59,2315.45,3,Yes
7518,2070,2025-05-26,6,Boutique,15,1,3992.76,3979.24,4,Yes
7519,384,2023-08-11,10,Boutique,23,1,395.7,377.93,4,Yes
7520,103,2025-06-20,4,Boutique,5,1,1450.83,1335.07,3,Yes
7521,900,2023-09-28,5,Boutique,25,3,464.55,1463.48,3,Yes
7522,110,2023-07-31,6,Boutique,8,2,9400.29,20212.53,3,Yes
7523,1496,2023-09-04,1,Private Client,26,1,602.77,647.53,3,Yes
7524,670,2025-08-05,6,Private Client,28,1,488.98,473.27,3,Yes
7525,384,2025-03-31,10,Boutique,22,1,1263.19,1329.64,4,Yes
7526,2021,2023-03-13,5,Boutique,5,1,1450.83,1492.33,5,Yes
7527,762,2023-10-22,10,Online,26,2,602.77,1263.42,4,Yes
7528,886,2023-06-20,4,Online,2,1,2881.29,3040.91,2,Yes
7529,2127,2023-09-03,1,Private Client,27,2,356.86,768.57,4,Yes
7530,1236,2024-09-08,4,Online,28,2,488.98,923.46,4,Yes
7531,1015,2023-08-28,2,Online,19,1,1731.11,1805.82,4,Yes
7532,1469,2023-11-07,6,Boutique,11,1,3218.81,3339.4,3,Yes
7533,2197,2024-02-02,1,Boutique,11,1,3218.81,3109.49,3,Yes
7534,10,2025-07-11,1,Boutique,3,1,2487.59,2444.84,4,Yes
7535,1566,2025-03-02,1,Online,13,3,7115.72,20243.11,3,Yes
7536,792,2023-01-22,3,Boutique,20,1,1505.97,1605.55,2,Yes
7537,1968,2025-03-23,6,Online,19,2,1731.11,3672.35,2,Yes
7538,1079,2025-06-22,3,Online,23,1,395.7,402.92,3,Yes
7539,1663,2025-04-11,1,Boutique,15,2,3992.76,8000.38,2,Yes
7540,744,2025-11-10,8,Private Client,6,1,1450.79,1388.79,3,Yes
7541,451,2024-05-21,10,Boutique,13,2,7115.72,14890.88,4,Yes
7542,1117,2023-06-09,2,Private Client,24,1,426.87,393.28,3,Yes
7543,1355,2025-01-13,10,Private Client,18,1,1879.61,1868.42,4,Yes
7544,1732,2025-03-23,5,Boutique,18,2,1879.61,3976.08,4,Yes
7545,1187,2023-06-29,6,Boutique,1,1,1844.17,1879.13,3,Yes
7546,908,2023-08-01,2,Boutique,21,2,2018.96,4125.22,2,Yes
7547,2133,2024-06-13,6,Online,23,1,395.7,368.52,4,Yes
7548,1749,2023-01-27,6,Boutique,25,1,464.55,448.7,4,Yes
7549,1115,2025-07-27,6,Private Client,21,1,2018.96,2075.12,2,Yes
7550,1508,2025-05-19,1,Boutique,27,3,356.86,993.43,4,Yes
7551,1277,2024-03-13,6,Online,11,3,3218.81,9395.22,3,Yes
7552,1814,2023-10-12,4,Private Client,16,1,4000.34,3906.86,4,Yes
7553,1679,2024-10-22,6,Online,1,1,1844.17,1843.79,3,Yes
7554,1268,2024-10-10,1,Boutique,19,2,1731.11,3385.98,4,Yes
7555,1064,2023-07-08,6,Online,8,1,9400.29,9331.28,2,Yes
7556,1634,2024-04-23,5,Boutique,19,1,1731.11,1744.13,4,Yes
7557,1057,2024-08-25,10,Boutique,23,1,395.7,372.17,4,Yes
7558,450,2025-10-11,6,Boutique,16,2,4000.34,7591.65,5,Yes
7559,1873,2024-05-31,6,Boutique,26,2,602.77,1269.68,4,Yes
7560,625,2025-07-04,6,Online,3,1,2487.59,2471.58,3,Yes
7561,1970,2023-08-18,1,Boutique,2,2,2881.29,5629.03,3,Yes
7562,885,2025-05-18,6,Online,12,2,7775.57,15386.63,4,Yes
7563,319,2025-01-28,6,Boutique,10,3,8420.05,23945.89,3,Yes
7564,1396,2023-02-03,1,Boutique,22,3,1263.19,3631.83,4,Yes
7565,1375,2023-10-23,1,Boutique,2,1,2881.29,2888.45,5,Yes
7566,1347,2024-03-28,1,Boutique,26,1,602.77,589.16,3,Yes
7567,488,2023-05-22,1,Boutique,21,1,2018.96,2011.03,2,Yes
7568,451,2024-10-09,10,Online,5,2,1450.83,2739.03,2,Yes
7569,353,2023-05-08,1,Private Client,5,2,1450.83,2742.17,4,Yes
7570,1140,2025-04-14,5,Boutique,6,1,1450.79,1423.85,3,Yes
7571,1941,2025-07-13,3,Boutique,3,1,2487.59,2439.37,3,Yes
7572,2133,2024-12-30,6,Boutique,10,1,8420.05,8936.48,3,Yes
7573,248,2024-04-07,5,Private Client,5,1,1450.83,1342.53,4,No
7574,568,2024-07-17,5,Online,24,3,426.87,1381.59,2,Yes
7575,684,2024-05-28,6,Online,20,1,1505.97,1615.97,3,Yes
7576,644,2023-01-01,9,Boutique,5,1,1450.83,1460.64,4,Yes
7577,479,2025-12-14,9,Boutique,15,2,3992.76,8265.02,3,Yes
7578,368,2023-12-04,9,Boutique,17,2,1526.79,3266.23,4,Yes
7579,1845,2025-06-26,5,Online,17,1,1526.79,1466.01,3,Yes
7580,357,2025-03-28,7,Boutique,24,1,426.87,414.28,4,Yes
7581,1369,2025-10-30,4,Online,18,1,1879.61,1762.6,4,Yes
7582,1467,2023-12-11,6,Boutique,26,1,602.77,608.93,2,Yes
7583,1843,2025-09-03,8,Boutique,10,3,8420.05,23883.77,4,Yes
7584,1060,2025-06-01,1,Boutique,23,1,395.7,422.98,4,Yes
7585,1645,2023-07-17,8,Online,7,1,4390.12,4342.05,4,Yes
7586,828,2025-11-03,1,Boutique,11,2,3218.81,6869.91,3,Yes
7587,1170,2025-05-21,10,Private Client,14,1,4139.23,3943.92,5,Yes
7588,1812,2024-06-25,1,Boutique,9,1,7756.91,7997.73,2,Yes
7589,1925,2024-04-01,6,Boutique,17,2,1526.79,3125.69,3,Yes
7590,2194,2025-01-19,5,Boutique,2,2,2881.29,5670.08,3,Yes
7591,168,2024-01-01,3,Online,17,2,1526.79,3248.2,4,Yes
7592,87,2024-02-05,6,Boutique,17,1,1526.79,1510.86,4,Yes
7593,154,2024-07-27,1,Boutique,27,2,356.86,679.28,3,Yes
7594,315,2024-04-26,1,Boutique,20,2,1505.97,3241.8,5,Yes
7595,1855,2023-04-20,6,Boutique,24,2,426.87,845.75,3,Yes
7596,723,2025-10-15,1,Online,10,3,8420.05,24080.29,2,Yes
7597,1982,2024-02-10,5,Boutique,24,1,426.87,417.56,4,Yes
7598,1854,2023-11-05,8,Online,12,2,7775.57,15833.57,5,Yes
7599,1730,2023-06-09,5,Online,12,1,7775.57,7790.53,3,Yes
7600,1129,2025-04-23,1,Online,27,1,356.86,364.57,3,Yes
7601,2024,2023-02-24,5,Boutique,15,2,3992.76,8192.32,3,Yes
7602,350,2025-01-30,1,Boutique,9,1,7756.91,7289.49,4,Yes
7603,824,2023-09-13,7,Private Client,18,1,1879.61,1823.94,5,Yes
7604,438,2024-06-17,3,Online,16,1,4000.34,4159.52,4,Yes
7605,2005,2024-02-26,4,Boutique,7,2,4390.12,8991.48,3,Yes
7606,169,2025-08-03,6,Boutique,28,2,488.98,913.55,1,Yes
7607,23,2025-08-19,10,Private Client,14,1,4139.23,4016.81,4,Yes
7608,281,2025-03-23,8,Boutique,4,1,2247.59,2402.7,4,Yes
7609,404,2025-06-05,7,Online,3,1,2487.59,2631.68,3,Yes
7610,2181,2023-09-21,2,Boutique,12,1,7775.57,7987.87,4,Yes
7611,232,2025-01-17,1,Boutique,16,1,4000.34,3726.95,3,Yes
7612,79,2025-04-12,4,Boutique,4,1,2247.59,2286.09,3,Yes
7613,1059,2023-08-21,6,Boutique,4,1,2247.59,2072.17,5,Yes
7614,1134,2024-11-10,1,Boutique,3,1,2487.59,2551.72,4,Yes
7615,1345,2023-08-21,8,Private Client,9,1,7756.91,8043.87,3,Yes
7616,1388,2025-12-04,9,Online,24,1,426.87,426.68,4,Yes
7617,1640,2024-07-11,9,Online,14,1,4139.23,3810.61,4,Yes
7618,1438,2025-07-01,1,Online,12,1,7775.57,7982.85,2,Yes
7619,547,2024-11-11,8,Boutique,10,1,8420.05,8850.81,3,Yes
7620,1730,2023-12-01,5,Boutique,14,2,4139.23,8392.2,4,Yes
7621,1317,2024-02-08,7,Private Client,12,1,7775.57,8035.83,3,Yes
7622,1109,2023-09-13,8,Boutique,12,2,7775.57,14531.78,4,Yes
7623,909,2025-12-25,1,Boutique,2,1,2881.29,2980.55,4,Yes
7624,1225,2025-10-16,1,Private Client,19,1,1731.11,1762.74,5,Yes
7625,685,2025-07-29,5,Boutique,13,2,7115.72,13846.67,4,Yes
7626,2104,2025-02-10,1,Online,10,2,8420.05,17339.47,3,Yes
7627,1676,2025-08-03,5,Online,23,2,395.7,809.83,3,Yes
7628,2114,2023-11-07,5,Boutique,21,1,2018.96,2051.09,3,Yes
7629,958,2024-11-12,5,Boutique,1,1,1844.17,1750.62,3,Yes
7630,1683,2023-05-09,1,Private Client,1,1,1844.17,1784.04,3,Yes
7631,1933,2025-02-19,1,Boutique,28,3,488.98,1582.27,3,Yes
7632,1605,2023-11-22,6,Boutique,8,2,9400.29,18599.37,4,Yes
7633,702,2025-02-28,1,Boutique,6,1,1450.79,1348.52,4,Yes
7634,821,2023-01-17,5,Online,20,2,1505.97,3204.22,2,Yes
7635,888,2024-11-29,4,Online,3,2,2487.59,4714.82,3,Yes
7636,1920,2025-10-05,1,Private Client,13,3,7115.72,21017.63,4,Yes
7637,1329,2023-12-08,9,Private Client,25,1,464.55,448.05,3,Yes
7638,876,2025-09-29,6,Private Client,25,1,464.55,499.03,3,Yes
7639,166,2025-04-17,6,Boutique,12,1,7775.57,7623.91,3,Yes
7640,1174,2024-09-19,1,Online,20,2,1505.97,3112.52,3,Yes
7641,557,2025-02-09,6,Boutique,16,1,4000.34,4063.31,4,Yes
7642,1198,2025-05-27,6,Boutique,11,1,3218.81,2983.44,4,Yes
7643,709,2024-12-10,3,Online,24,1,426.87,418.97,3,Yes
7644,718,2025-04-28,9,Boutique,4,2,2247.59,4416.08,2,Yes
7645,1604,2025-01-08,3,Private Client,8,1,9400.29,10137.02,3,Yes
7646,2145,2023-06-26,1,Boutique,7,1,4390.12,4609.22,3,Yes
7647,1101,2025-08-03,3,Online,16,1,4000.34,4228.62,5,Yes
7648,2020,2023-12-23,6,Boutique,12,1,7775.57,7543.57,5,Yes
7649,1261,2024-05-09,1,Boutique,6,2,1450.79,2822.22,3,Yes
7650,291,2023-02-04,1,Boutique,23,1,395.7,396.69,4,Yes
7651,2184,2025-03-28,8,Boutique,6,1,1450.79,1481.2,4,Yes
7652,1238,2023-01-10,1,Boutique,11,2,3218.81,6672.77,3,Yes
7653,2118,2025-09-12,8,Private Client,12,3,7775.57,24524.03,3,Yes
7654,746,2024-06-14,3,Online,16,1,4000.34,4239.21,3,Yes
7655,1198,2023-04-05,6,Boutique,22,1,1263.19,1167.11,3,Yes
7656,699,2024-07-29,1,Boutique,16,1,4000.34,4189.86,4,Yes
7657,524,2024-03-25,8,Boutique,23,1,395.7,402.72,3,Yes
7658,1846,2025-10-14,8,Boutique,16,1,4000.34,4020.88,2,Yes
7659,1024,2023-04-06,5,Online,4,1,2247.59,2293.79,4,Yes
7660,2011,2025-05-14,1,Boutique,12,1,7775.57,8250.74,3,Yes
7661,464,2024-10-30,6,Online,5,1,1450.83,1461.34,2,Yes
7662,1665,2023-07-26,3,Boutique,9,2,7756.91,14675.3,3,Yes
7663,451,2025-04-29,10,Boutique,18,1,1879.61,1860.6,3,Yes
7664,1420,2023-09-03,8,Online,9,1,7756.91,8283.71,3,Yes
7665,1916,2025-06-02,6,Boutique,16,3,4000.34,12604.88,4,Yes
7666,924,2023-03-24,6,Online,21,1,2018.96,1923.03,3,Yes
7667,316,2023-11-13,4,Online,26,1,602.77,623.42,3,Yes
7668,671,2024-10-06,1,Online,1,2,1844.17,3544.48,4,Yes
7669,698,2024-01-05,8,Boutique,27,3,356.86,1044.64,3,Yes
7670,993,2025-01-18,6,Private Client,23,2,395.7,787.46,3,Yes
7671,1377,2024-09-21,6,Online,5,1,1450.83,1437.1,3,Yes
7672,1263,2023-06-29,3,Boutique,19,1,1731.11,1600.73,3,Yes
7673,1128,2024-08-24,7,Boutique,3,1,2487.59,2596.65,3,Yes
7674,907,2024-08-22,1,Boutique,1,1,1844.17,1946.38,4,Yes
7675,1053,2025-04-20,8,Boutique,23,1,395.7,397.66,3,Yes
7676,89,2023-12-14,8,Private Client,14,3,4139.23,11767.9,4,Yes
7677,1587,2023-11-27,3,Boutique,18,1,1879.61,1803.81,3,Yes
7678,364,2024-09-01,4,Private Client,8,2,9400.29,17676.56,3,Yes
7679,2195,2025-01-13,1,Boutique,14,3,4139.23,11761.05,5,Yes
7680,314,2024-07-22,5,Boutique,20,2,1505.97,3193.33,2,Yes
7681,548,2024-01-24,10,Private Client,20,1,1505.97,1501.19,4,Yes
7682,796,2025-08-28,3,Boutique,13,3,7115.72,20018.56,4,Yes
7683,1530,2025-01-16,4,Online,27,1,356.86,342.86,3,Yes
7684,1510,2023-05-17,6,Private Client,21,1,2018.96,2164.16,4,Yes
7685,2149,2023-10-09,2,Private Client,16,1,4000.34,4006.27,5,Yes
7686,107,2025-10-15,10,Online,9,2,7756.91,15552.63,2,Yes
7687,857,2025-01-13,8,Online,7,2,4390.12,8816.27,4,Yes
7688,291,2024-06-14,1,Online,3,2,2487.59,4666.02,4,Yes
7689,1373,2023-01-16,1,Boutique,20,2,1505.97,3238.59,4,Yes
7690,617,2025-10-01,1,Online,25,3,464.55,1301.0,2,Yes
7691,1757,2024-07-21,6,Private Client,1,1,1844.17,1903.19,4,Yes
7692,1251,2025-12-27,1,Boutique,24,3,426.87,1190.0,2,Yes
7693,977,2023-01-30,8,Boutique,8,1,9400.29,9315.45,4,Yes
7694,2037,2024-10-25,1,Boutique,14,2,4139.23,8807.86,3,Yes
7695,1612,2025-09-25,9,Online,13,1,7115.72,7421.35,2,Yes
7696,1791,2025-05-24,6,Boutique,7,3,4390.12,12821.98,2,Yes
7697,868,2023-01-22,1,Online,13,1,7115.72,7174.18,4,Yes
7698,158,2025-11-19,6,Online,22,3,1263.19,3586.62,3,Yes
7699,328,2025-08-13,6,Online,7,1,4390.12,4710.51,3,Yes
7700,1478,2024-10-21,3,Boutique,26,2,602.77,1245.79,4,Yes
7701,870,2025-12-08,9,Boutique,20,2,1505.97,2951.36,3,Yes
7702,1131,2023-11-21,8,Online,20,3,1505.97,4386.3,2,Yes
7703,241,2023-06-30,3,Online,5,1,1450.83,1390.16,3,Yes
7704,1388,2023-05-02,9,Boutique,4,2,2247.59,4701.25,5,Yes
7705,1749,2023-05-04,6,Boutique,4,1,2247.59,2224.08,5,Yes
7706,1557,2023-09-23,10,Boutique,25,1,464.55,451.93,4,Yes
7707,1691,2023-01-28,10,Boutique,6,1,1450.79,1544.85,4,Yes
7708,1563,2023-03-18,6,Private Client,14,2,4139.23,7815.15,4,Yes
7709,413,2024-03-07,1,Online,3,1,2487.59,2393.59,3,Yes
7710,1959,2025-05-28,6,Online,3,3,2487.59,7277.41,3,Yes
7711,569,2025-06-12,6,Boutique,26,2,602.77,1159.22,3,Yes
7712,1655,2025-11-24,6,Boutique,24,1,426.87,432.7,4,Yes
7713,1600,2024-03-11,5,Boutique,3,3,2487.59,7583.41,3,Yes
7714,151,2025-12-21,9,Online,4,1,2247.59,2087.47,3,Yes
7715,1284,2023-02-21,9,Boutique,22,2,1263.19,2382.69,2,Yes
7716,256,2023-04-26,1,Online,9,1,7756.91,7382.75,3,Yes
7717,2109,2023-02-16,1,Boutique,22,1,1263.19,1176.35,4,Yes
7718,1796,2024-03-13,7,Boutique,16,3,4000.34,11280.5,3,Yes
7719,1421,2023-04-11,10,Boutique,19,1,1731.11,1659.0,5,Yes
7720,1186,2023-04-17,8,Online,16,2,4000.34,7803.06,4,Yes
7721,349,2025-09-09,8,Boutique,12,2,7775.57,16275.97,3,Yes
7722,2079,2025-11-24,8,Boutique,6,1,1450.79,1385.31,3,Yes
7723,2119,2025-09-27,4,Private Client,20,2,1505.97,3093.88,4,Yes
7724,397,2023-12-25,1,Online,21,1,2018.96,1876.14,4,Yes
7725,2050,2025-06-05,4,Boutique,21,2,2018.96,4140.15,4,Yes
7726,1159,2025-03-10,6,Boutique,3,1,2487.59,2604.89,2,Yes
7727,146,2025-10-22,1,Boutique,21,1,2018.96,2052.82,3,Yes
7728,264,2024-03-10,1,Online,28,1,488.98,465.62,3,Yes
7729,1335,2024-08-26,6,Online,28,2,488.98,951.42,3,Yes
7730,204,2024-07-19,5,Boutique,5,2,1450.83,3043.35,4,Yes
7731,1835,2025-07-04,1,Online,7,2,4390.12,8684.67,4,No
7732,2107,2023-08-16,6,Boutique,25,1,464.55,446.36,4,Yes
7733,988,2024-06-28,9,Boutique,5,2,1450.83,3102.54,3,Yes
7734,1348,2024-10-09,8,Private Client,9,2,7756.91,15854.76,3,Yes
7735,1361,2023-09-05,10,Boutique,15,1,3992.76,4188.06,3,Yes
7736,1727,2025-12-12,10,Private Client,21,1,2018.96,1865.36,4,No
7737,1981,2023-11-10,1,Online,20,2,1505.97,2934.51,3,Yes
7738,1690,2023-02-06,6,Boutique,6,2,1450.79,2882.5,3,Yes
7739,908,2024-12-24,2,Boutique,8,3,9400.29,28595.33,3,Yes
7740,1184,2025-09-06,4,Boutique,20,1,1505.97,1431.27,4,Yes
7741,1259,2023-03-25,1,Private Client,5,2,1450.83,2900.71,4,Yes
7742,1477,2025-06-18,3,Boutique,26,1,602.77,620.67,4,Yes
7743,199,2024-12-19,10,Boutique,17,3,1526.79,4467.42,2,Yes
7744,1501,2024-07-03,8,Boutique,10,1,8420.05,8677.96,2,Yes
7745,1057,2024-12-15,10,Online,28,1,488.98,480.35,4,Yes
7746,1113,2024-08-09,8,Boutique,1,3,1844.17,5505.48,5,Yes
7747,1261,2023-06-01,1,Boutique,16,1,4000.34,3766.27,5,Yes
7748,1184,2025-11-27,4,Private Client,24,1,426.87,437.2,4,Yes
7749,1856,2023-06-14,7,Boutique,23,1,395.7,378.24,4,Yes
7750,1314,2025-07-26,4,Boutique,21,1,2018.96,2125.19,3,Yes
7751,1903,2023-07-31,6,Online,25,2,464.55,937.04,2,Yes
7752,578,2024-06-09,4,Online,1,1,1844.17,1861.95,3,Yes
7753,335,2025-01-11,4,Boutique,3,2,2487.59,5303.52,3,Yes
7754,1021,2023-05-12,8,Boutique,6,1,1450.79,1373.59,5,Yes
7755,1347,2023-04-06,1,Boutique,17,1,1526.79,1534.18,2,Yes
7756,1963,2025-10-09,7,Boutique,28,1,488.98,479.76,4,Yes
7757,611,2024-06-05,2,Online,22,3,1263.19,4072.32,4,Yes
7758,329,2024-01-09,1,Online,2,1,2881.29,3016.23,4,Yes
7759,547,2025-11-05,8,Online,26,3,602.77,1882.81,3,Yes
7760,339,2024-08-30,10,Boutique,5,1,1450.83,1382.15,2,Yes
7761,807,2023-01-18,5,Online,11,2,3218.81,6167.06,2,Yes
7762,1034,2025-10-27,10,Boutique,10,1,8420.05,7785.76,4,Yes
7763,430,2025-09-04,4,Private Client,15,1,3992.76,4081.26,4,Yes
7764,1531,2025-05-28,8,Boutique,18,3,1879.61,5522.3,3,Yes
7765,806,2024-08-16,1,Online,17,1,1526.79,1480.87,3,Yes
7766,1697,2024-10-04,6,Boutique,14,1,4139.23,4229.98,5,Yes
7767,1613,2023-05-09,5,Boutique,28,1,488.98,514.7,4,Yes
7768,2083,2025-03-11,1,Online,28,1,488.98,460.27,4,Yes
7769,1999,2024-03-30,7,Boutique,13,1,7115.72,7592.37,3,Yes
7770,557,2025-05-25,6,Boutique,20,1,1505.97,1393.75,4,Yes
7771,1686,2024-07-24,4,Online,2,1,2881.29,2694.63,3,Yes
7772,491,2025-12-31,10,Online,25,3,464.55,1469.05,3,Yes
7773,1604,2025-10-10,3,Online,12,2,7775.57,15532.99,4,Yes
7774,254,2024-02-05,3,Boutique,27,1,356.86,381.94,3,Yes
7775,17,2024-04-06,2,Boutique,11,1,3218.81,3199.06,3,Yes
7776,261,2023-03-30,2,Private Client,19,2,1731.11,3698.27,4,Yes
7777,1849,2025-04-02,6,Boutique,12,2,7775.57,14903.29,3,Yes
7778,1280,2023-01-06,8,Online,25,2,464.55,946.41,3,Yes
7779,1887,2025-08-02,4,Boutique,4,3,2247.59,7276.22,4,Yes
7780,1448,2023-03-25,6,Boutique,10,1,8420.05,8253.08,3,Yes
7781,501,2025-12-31,1,Boutique,12,1,7775.57,7155.33,3,Yes
7782,1016,2024-09-12,6,Online,7,2,4390.12,8167.8,5,Yes
7783,2055,2023-06-21,4,Boutique,23,1,395.7,418.43,5,Yes
7784,1223,2024-11-29,8,Boutique,6,2,1450.79,2897.81,4,Yes
7785,2040,2023-09-30,2,Boutique,8,2,9400.29,18911.03,3,Yes
7786,1686,2024-06-13,4,Boutique,27,1,356.86,373.96,4,Yes
7787,2100,2023-11-15,1,Boutique,11,2,3218.81,6758.55,3,Yes
7788,1243,2024-03-04,6,Boutique,6,3,1450.79,4336.65,4,Yes
7789,109,2025-04-26,5,Online,25,1,464.55,491.16,2,Yes
7790,921,2023-09-06,8,Boutique,21,1,2018.96,2008.76,2,Yes
7791,66,2024-01-22,6,Boutique,27,1,356.86,366.85,3,Yes
7792,202,2023-12-29,6,Private Client,3,1,2487.59,2301.86,3,Yes
7793,1818,2023-03-09,1,Boutique,21,3,2018.96,5706.06,3,Yes
7794,214,2024-03-13,10,Private Client,20,3,1505.97,4771.94,4,Yes
7795,2116,2025-10-12,2,Boutique,19,1,1731.11,1679.35,3,Yes
7796,327,2023-10-23,1,Boutique,1,1,1844.17,1795.41,4,Yes
7797,1074,2024-10-08,10,Boutique,24,1,426.87,438.0,3,Yes
7798,1041,2023-02-02,3,Boutique,4,1,2247.59,2280.87,4,Yes
7799,523,2023-02-01,5,Online,28,1,488.98,456.29,3,Yes
7800,988,2024-07-08,9,Boutique,19,2,1731.11,3609.44,4,Yes
7801,1004,2023-11-01,6,Online,28,3,488.98,1494.45,4,Yes
7802,504,2025-03-03,10,Boutique,20,1,1505.97,1591.59,4,Yes
7803,1249,2023-04-06,1,Boutique,17,1,1526.79,1535.46,3,Yes
7804,756,2025-12-25,3,Online,28,3,488.98,1446.83,3,Yes
7805,1342,2024-06-04,1,Online,22,2,1263.19,2474.37,3,Yes
7806,1868,2023-08-18,7,Boutique,19,1,1731.11,1593.85,4,Yes
7807,1915,2025-01-02,8,Boutique,24,3,426.87,1186.31,3,Yes
7808,1382,2023-12-24,8,Online,27,2,356.86,671.61,4,Yes
7809,1507,2024-02-06,4,Private Client,14,1,4139.23,4423.7,3,Yes
7810,1453,2025-02-28,8,Boutique,10,3,8420.05,26798.6,5,Yes
7811,1521,2023-04-09,1,Private Client,21,1,2018.96,2018.05,4,Yes
7812,1595,2023-09-28,6,Boutique,9,2,7756.91,14720.0,3,Yes
7813,1888,2023-12-28,6,Private Client,25,1,464.55,438.25,3,Yes
7814,1324,2024-06-11,6,Online,16,2,4000.34,7688.5,3,Yes
7815,2132,2025-11-10,7,Private Client,15,2,3992.76,8507.74,5,Yes
7816,1653,2024-06-23,3,Online,27,1,356.86,358.09,1,Yes
7817,1344,2024-08-17,1,Boutique,16,1,4000.34,4194.94,3,Yes
7818,1379,2025-04-12,8,Boutique,18,1,1879.61,1881.64,3,Yes
7819,1009,2024-02-01,3,Boutique,21,2,2018.96,4108.63,4,Yes
7820,1318,2025-11-25,4,Boutique,23,1,395.7,402.67,4,Yes
7821,539,2024-05-09,3,Boutique,23,1,395.7,366.03,3,Yes
7822,17,2023-11-10,2,Private Client,10,3,8420.05,25038.95,3,Yes
7823,575,2024-05-04,1,Boutique,3,1,2487.59,2632.49,3,Yes
7824,1803,2023-08-21,10,Boutique,7,1,4390.12,4382.46,3,Yes
7825,1063,2025-10-26,10,Boutique,7,2,4390.12,8689.4,3,Yes
7826,130,2024-10-25,7,Online,20,1,1505.97,1512.37,3,Yes
7827,2163,2023-09-01,2,Boutique,11,1,3218.81,3157.4,4,Yes
7828,1474,2023-08-29,5,Boutique,23,2,395.7,793.35,5,Yes
7829,950,2024-07-11,1,Online,24,1,426.87,401.96,5,Yes
7830,1069,2023-03-16,1,Online,3,3,2487.59,8021.52,3,Yes
7831,216,2023-10-10,3,Online,18,1,1879.61,1739.51,3,Yes
7832,1624,2023-03-28,2,Online,25,1,464.55,463.3,4,Yes
7833,1439,2025-05-30,10,Boutique,28,1,488.98,466.29,4,Yes
7834,1003,2025-07-18,1,Online,12,1,7775.57,7226.12,3,Yes
7835,1947,2023-06-09,2,Boutique,23,1,395.7,405.3,3,Yes
7836,1464,2024-03-21,3,Boutique,17,1,1526.79,1645.31,4,Yes
7837,617,2023-03-23,1,Boutique,26,1,602.77,626.84,4,Yes
7838,1870,2025-10-27,1,Boutique,26,2,602.77,1158.09,3,Yes
7839,301,2023-07-01,4,Boutique,9,1,7756.91,7748.71,4,Yes
7840,985,2025-05-19,10,Boutique,5,2,1450.83,2692.64,4,Yes
7841,1195,2025-08-23,4,Online,18,1,1879.61,1889.13,4,Yes
7842,406,2024-04-22,1,Boutique,23,1,395.7,370.34,3,Yes
7843,161,2023-07-02,5,Online,9,2,7756.91,16245.1,4,Yes
7844,1819,2023-06-23,1,Boutique,13,1,7115.72,6611.02,4,Yes
7845,1576,2023-01-14,3,Private Client,3,2,2487.59,4584.62,4,No
7846,26,2023-03-14,9,Boutique,4,3,2247.59,7132.83,3,Yes
7847,83,2024-05-28,2,Online,25,2,464.55,994.89,4,Yes
7848,173,2024-08-24,6,Online,18,1,1879.61,1755.27,3,Yes
7849,999,2023-12-09,8,Private Client,20,1,1505.97,1452.7,4,Yes
7850,1709,2023-11-29,4,Boutique,21,2,2018.96,4194.07,2,Yes
7851,6,2023-12-21,10,Boutique,15,3,3992.76,12054.28,4,Yes
7852,525,2025-04-26,6,Boutique,20,1,1505.97,1614.22,3,Yes
7853,2111,2023-06-12,1,Boutique,23,1,395.7,388.68,4,Yes
7854,2046,2023-04-26,8,Boutique,6,2,1450.79,2671.0,3,Yes
7855,761,2025-10-28,4,Online,9,1,7756.91,7160.86,3,Yes
7856,205,2025-11-12,6,Boutique,11,1,3218.81,3252.21,4,Yes
7857,897,2025-03-01,4,Boutique,13,1,7115.72,7402.75,3,Yes
7858,1789,2024-06-26,2,Boutique,4,1,2247.59,2352.1,5,Yes
7859,2088,2024-02-18,1,Boutique,27,1,356.86,380.36,4,Yes
7860,1189,2024-11-12,1,Private Client,15,2,3992.76,7639.36,4,Yes
7861,2036,2024-10-03,4,Online,25,3,464.55,1446.81,3,Yes
7862,1553,2024-10-30,1,Boutique,17,2,1526.79,3213.39,4,Yes
7863,877,2023-01-22,4,Boutique,12,2,7775.57,16387.85,3,Yes
7864,825,2025-08-26,1,Private Client,6,2,1450.79,2860.51,3,Yes
7865,1483,2023-11-26,8,Boutique,7,2,4390.12,8957.23,4,Yes
7866,1817,2025-11-11,10,Online,25,1,464.55,468.38,3,Yes
7867,1102,2025-06-20,2,Private Client,17,1,1526.79,1550.6,5,Yes
7868,839,2024-12-24,1,Boutique,11,1,3218.81,3106.55,3,Yes
7869,600,2023-09-09,7,Boutique,12,2,7775.57,16007.06,4,Yes
7870,1962,2023-07-24,6,Boutique,28,3,488.98,1516.23,3,Yes
7871,938,2025-04-11,3,Private Client,13,1,7115.72,6769.55,3,Yes
7872,425,2025-03-01,4,Boutique,1,1,1844.17,1827.54,4,Yes
7873,2138,2025-12-20,10,Boutique,18,1,1879.61,1856.18,3,Yes
7874,997,2024-04-09,10,Online,22,1,1263.19,1313.51,4,Yes
7875,1268,2024-01-29,1,Online,19,1,1731.11,1777.23,3,Yes
7876,422,2025-10-17,1,Boutique,11,1,3218.81,3206.55,3,Yes
7877,1206,2024-10-21,1,Boutique,22,1,1263.19,1294.02,4,Yes
7878,1658,2025-06-30,8,Online,18,2,1879.61,3616.59,5,Yes
7879,2101,2024-06-13,9,Boutique,10,3,8420.05,24178.4,4,Yes
7880,1014,2025-11-24,8,Boutique,6,1,1450.79,1390.42,3,Yes
7881,685,2023-02-26,5,Online,23,1,395.7,365.91,4,Yes
7882,293,2024-06-05,5,Boutique,22,2,1263.19,2603.62,4,Yes
7883,1078,2023-12-27,1,Boutique,2,1,2881.29,3105.27,4,Yes
7884,16,2023-08-22,9,Boutique,5,2,1450.83,2813.0,5,Yes
7885,176,2023-08-11,9,Boutique,10,1,8420.05,8999.12,3,Yes
7886,1564,2023-11-23,10,Online,15,1,3992.76,4060.82,4,Yes
7887,1430,2025-04-15,6,Online,14,1,4139.23,3957.06,3,Yes
7888,1491,2024-05-03,1,Online,6,1,1450.79,1337.48,3,Yes
7889,1904,2024-04-22,6,Online,14,2,4139.23,8574.8,4,Yes
7890,129,2025-09-11,6,Online,24,1,426.87,440.3,3,Yes
7891,884,2025-03-02,2,Boutique,25,1,464.55,444.43,4,Yes
7892,1268,2024-05-26,1,Boutique,21,1,2018.96,1964.92,3,Yes
7893,426,2025-10-09,9,Online,14,1,4139.23,4402.85,2,Yes
7894,750,2024-01-17,6,Boutique,12,1,7775.57,7349.14,3,Yes
7895,744,2024-03-27,8,Boutique,23,2,395.7,833.88,4,Yes
7896,1027,2023-08-02,10,Boutique,4,1,2247.59,2128.64,4,Yes
7897,479,2024-07-18,9,Boutique,26,1,602.77,601.01,3,Yes
7898,976,2025-01-01,7,Boutique,12,1,7775.57,7774.28,4,Yes
7899,44,2024-03-14,1,Online,21,1,2018.96,2009.94,3,Yes
7900,947,2025-01-24,1,Boutique,17,2,1526.79,2949.97,4,Yes
7901,1560,2024-09-20,4,Private Client,19,1,1731.11,1662.8,4,Yes
7902,1940,2025-06-21,3,Boutique,16,2,4000.34,8299.14,1,Yes
7903,99,2025-12-01,8,Boutique,18,1,1879.61,1812.15,3,Yes
7904,171,2024-01-30,9,Boutique,6,1,1450.79,1476.3,4,Yes
7905,148,2023-09-04,1,Boutique,9,3,7756.91,24561.38,4,Yes
7906,2171,2025-06-23,5,Online,26,1,602.77,635.27,2,Yes
7907,112,2023-09-05,10,Boutique,19,1,1731.11,1638.92,3,Yes
7908,1023,2024-08-21,8,Boutique,12,1,7775.57,7968.08,4,Yes
7909,68,2025-05-14,5,Boutique,11,2,3218.81,6542.97,3,Yes
7910,828,2023-03-25,1,Boutique,28,1,488.98,471.92,4,Yes
7911,1753,2025-02-11,1,Boutique,16,1,4000.34,3930.86,3,Yes
7912,1632,2023-02-20,4,Boutique,2,2,2881.29,5564.45,4,Yes
7913,1310,2024-07-03,6,Boutique,18,1,1879.61,1890.76,3,No
7914,160,2025-02-09,6,Online,6,1,1450.79,1521.27,4,Yes
7915,1785,2025-09-07,2,Online,26,1,602.77,639.18,4,No
7916,1809,2024-04-09,1,Boutique,22,3,1263.19,3924.67,2,Yes
7917,1014,2024-02-23,8,Boutique,5,3,1450.83,4340.96,4,Yes
7918,877,2023-03-28,4,Online,9,1,7756.91,8325.45,3,Yes
7919,552,2023-09-16,2,Online,13,2,7115.72,14376.89,4,Yes
7920,1176,2023-11-07,2,Boutique,7,2,4390.12,8750.1,3,Yes
7921,1164,2023-06-22,6,Boutique,23,1,395.7,418.29,3,Yes
7922,1391,2025-07-28,4,Boutique,27,2,356.86,677.71,3,Yes
7923,1152,2024-05-19,5,Boutique,1,3,1844.17,5229.66,4,Yes
7924,2195,2023-11-25,1,Boutique,10,1,8420.05,8800.69,5,Yes
7925,1309,2023-07-15,1,Boutique,26,1,602.77,638.51,2,Yes
7926,1493,2023-03-03,1,Online,18,2,1879.61,3502.25,3,Yes
7927,1242,2025-11-14,2,Boutique,12,1,7775.57,8104.12,4,Yes
7928,436,2024-07-15,6,Boutique,3,1,2487.59,2457.52,5,Yes
7929,732,2025-06-15,8,Online,5,1,1450.83,1498.12,4,Yes
7930,1169,2025-12-11,10,Online,14,2,4139.23,7794.96,3,Yes
7931,1865,2025-04-23,8,Boutique,27,1,356.86,383.87,4,Yes
7932,1301,2023-02-09,6,Boutique,15,1,3992.76,4236.34,3,Yes
7933,1778,2024-12-28,7,Boutique,12,1,7775.57,7658.59,4,Yes
7934,60,2024-04-01,6,Online,4,2,2247.59,4778.09,4,Yes
7935,1634,2025-05-27,5,Boutique,24,1,426.87,453.84,4,Yes
7936,1138,2025-02-26,8,Boutique,16,3,4000.34,11926.62,3,Yes
7937,1519,2023-01-02,8,Boutique,11,3,3218.81,10346.88,3,Yes
7938,336,2023-08-04,5,Online,4,1,2247.59,2419.07,4,Yes
7939,831,2025-02-15,6,Boutique,6,1,1450.79,1385.15,4,Yes
7940,1593,2024-11-09,4,Boutique,25,2,464.55,864.68,3,Yes
7941,285,2024-02-18,1,Boutique,16,3,4000.34,11676.8,3,Yes
7942,2177,2023-07-29,7,Online,2,1,2881.29,2876.14,4,Yes
7943,1916,2025-12-17,6,Online,13,2,7115.72,13303.95,3,Yes
7944,2002,2023-02-12,6,Online,8,1,9400.29,8859.83,3,Yes
7945,960,2023-05-18,4,Private Client,12,1,7775.57,8362.41,2,Yes
7946,1622,2024-09-29,6,Boutique,21,1,2018.96,2095.62,4,Yes
7947,71,2024-04-13,1,Boutique,26,2,602.77,1277.86,3,Yes
7948,1122,2024-12-26,8,Boutique,6,1,1450.79,1560.16,3,Yes
7949,1324,2023-07-21,6,Boutique,3,3,2487.59,7317.27,2,Yes
7950,884,2023-07-11,2,Boutique,15,3,3992.76,12338.33,4,Yes
7951,1099,2023-04-17,1,Boutique,8,1,9400.29,8925.04,3,Yes
7952,143,2023-11-23,6,Boutique,2,1,2881.29,2905.11,3,Yes
7953,1047,2025-01-19,10,Boutique,16,2,4000.34,7629.29,4,Yes
7954,1069,2024-10-05,1,Private Client,13,2,7115.72,13458.23,4,Yes
7955,92,2023-12-23,5,Boutique,1,1,1844.17,1725.68,3,Yes
7956,2082,2024-08-17,10,Boutique,11,1,3218.81,3259.88,4,Yes
7957,678,2024-05-15,10,Boutique,28,2,488.98,1048.35,4,Yes
7958,382,2024-04-12,1,Online,1,1,1844.17,1732.7,4,Yes
7959,1704,2024-05-22,6,Online,8,1,9400.29,9403.77,2,Yes
7960,966,2023-04-16,6,Boutique,2,1,2881.29,2967.53,3,Yes
7961,1180,2025-12-25,4,Boutique,13,1,7115.72,7111.01,3,Yes
7962,501,2023-07-14,1,Online,21,1,2018.96,2151.98,2,Yes
7963,459,2023-02-16,1,Boutique,2,1,2881.29,2727.45,4,Yes
7964,50,2025-10-05,1,Private Client,27,2,356.86,659.38,3,Yes
7965,970,2024-06-20,1,Boutique,4,1,2247.59,2205.56,3,Yes
7966,988,2025-04-26,9,Boutique,25,1,464.55,468.67,4,Yes
7967,532,2024-12-09,6,Online,2,1,2881.29,2768.12,3,Yes
7968,1004,2025-03-18,6,Boutique,13,1,7115.72,6738.23,3,Yes
7969,1116,2024-09-03,6,Boutique,4,1,2247.59,2357.21,4,Yes
7970,1480,2023-04-25,5,Boutique,26,1,602.77,572.74,3,Yes
7971,339,2024-11-10,10,Online,21,1,2018.96,2000.44,4,Yes
7972,1659,2024-09-22,9,Boutique,26,1,602.77,646.6,3,Yes
7973,1877,2023-08-07,7,Boutique,15,2,3992.76,8129.52,4,Yes
7974,1874,2023-07-16,1,Boutique,26,1,602.77,602.55,3,Yes
7975,2052,2024-02-05,7,Online,21,1,2018.96,1973.82,3,Yes
7976,1705,2025-01-18,5,Boutique,12,2,7775.57,15601.86,4,Yes
7977,281,2024-11-11,8,Boutique,12,2,7775.57,16134.14,2,Yes
7978,1314,2023-03-17,4,Boutique,5,3,1450.83,4577.1,3,Yes
7979,2121,2023-10-14,5,Online,10,3,8420.05,25865.78,4,Yes
7980,1161,2025-05-10,2,Online,26,2,602.77,1261.54,2,Yes
7981,971,2025-01-11,10,Boutique,2,1,2881.29,2691.55,3,Yes
7982,998,2023-10-21,5,Online,8,3,9400.29,26009.66,4,Yes
7983,1417,2025-03-19,8,Boutique,27,1,356.86,370.24,4,Yes
7984,208,2025-06-04,6,Boutique,5,1,1450.83,1395.51,3,Yes
7985,260,2024-02-18,5,Online,22,1,1263.19,1339.52,4,Yes
7986,930,2024-03-06,1,Boutique,8,2,9400.29,18908.42,4,Yes
7987,263,2023-06-20,1,Online,24,3,426.87,1276.21,4,Yes
7988,783,2024-06-27,10,Private Client,13,2,7115.72,14852.66,3,Yes
7989,505,2025-09-15,10,Boutique,13,1,7115.72,7390.21,3,Yes
7990,1574,2023-03-13,2,Boutique,26,2,602.77,1244.94,3,Yes
7991,203,2025-10-19,8,Online,23,1,395.7,407.72,3,Yes
7992,1760,2024-06-15,6,Boutique,15,1,3992.76,4002.6,5,Yes
7993,2014,2023-08-27,6,Boutique,15,2,3992.76,8530.42,4,Yes
7994,2100,2024-12-11,1,Boutique,24,2,426.87,907.1,3,Yes
7995,1380,2024-07-30,8,Boutique,26,1,602.77,586.32,2,Yes
7996,45,2024-12-13,1,Online,11,2,3218.81,6751.46,3,Yes
7997,1402,2024-10-03,8,Boutique,23,1,395.7,420.46,3,Yes
7998,789,2024-08-12,6,Online,10,1,8420.05,8579.36,3,Yes
7999,1436,2023-07-09,6,Online,6,2,1450.79,2927.38,4,Yes
8000,2190,2025-03-22,2,Boutique,5,1,1450.83,1490.73,5,Yes
8001,2085,2025-10-11,1,Boutique,5,1,1450.83,1372.62,3,Yes
8002,2093,2024-09-16,8,Online,8,1,9400.29,8779.64,5,Yes
8003,1656,2024-09-20,8,Online,1,2,1844.17,3877.27,3,Yes
8004,1070,2025-06-07,1,Boutique,2,1,2881.29,2915.09,3,Yes
8005,1676,2025-11-24,5,Boutique,17,1,1526.79,1434.57,4,Yes
8006,301,2025-02-22,4,Boutique,26,3,602.77,1784.1,3,Yes
8007,288,2024-11-01,6,Boutique,7,1,4390.12,4248.4,3,Yes
8008,786,2024-12-22,9,Boutique,25,2,464.55,984.92,3,Yes
8009,1266,2024-06-09,6,Online,23,1,395.7,396.16,5,Yes
8010,1806,2024-06-20,7,Boutique,9,1,7756.91,7853.11,3,Yes
8011,1820,2025-04-26,1,Private Client,4,1,2247.59,2152.4,4,Yes
8012,71,2025-09-22,1,Online,7,1,4390.12,4600.19,3,Yes
8013,835,2025-07-02,5,Boutique,28,1,488.98,522.63,4,Yes
8014,612,2023-06-27,3,Boutique,10,1,8420.05,8814.1,5,Yes
8015,1417,2023-10-03,8,Online,16,1,4000.34,3995.77,2,Yes
8016,1329,2023-11-08,9,Online,10,2,8420.05,17742.97,4,Yes
8017,191,2025-03-01,6,Private Client,7,1,4390.12,4170.94,2,Yes
8018,1748,2024-11-28,2,Boutique,26,1,602.77,565.49,4,Yes
8019,2126,2023-01-27,8,Boutique,26,1,602.77,596.81,4,Yes
8020,1582,2025-07-01,5,Private Client,2,1,2881.29,2734.48,4,Yes
8021,1629,2024-02-26,6,Boutique,2,1,2881.29,2770.26,4,Yes
8022,889,2025-11-03,2,Online,8,1,9400.29,9528.31,2,Yes
8023,17,2024-05-15,2,Boutique,14,2,4139.23,8151.17,4,Yes
8024,815,2025-06-26,1,Online,18,1,1879.61,1989.64,2,Yes
8025,1598,2023-11-21,6,Boutique,1,1,1844.17,1763.21,3,Yes
8026,1067,2023-10-12,1,Online,17,1,1526.79,1648.15,3,Yes
8027,2026,2025-12-04,10,Boutique,17,1,1526.79,1492.44,4,Yes
8028,109,2024-05-12,5,Private Client,22,1,1263.19,1266.3,4,Yes
8029,284,2025-06-30,1,Boutique,5,1,1450.83,1365.48,3,No
8030,1961,2023-05-25,4,Boutique,16,1,4000.34,4051.1,4,Yes
8031,1630,2025-08-05,2,Boutique,7,1,4390.12,4714.14,2,Yes
8032,737,2023-03-23,1,Online,15,2,3992.76,8304.17,3,Yes
8033,1142,2025-09-06,2,Online,19,1,1731.11,1660.22,3,Yes
8034,932,2024-05-02,7,Boutique,21,1,2018.96,2000.42,4,Yes
8035,603,2023-03-23,6,Boutique,2,2,2881.29,5693.83,5,Yes
8036,1364,2023-04-04,1,Boutique,27,3,356.86,1001.71,3,Yes
8037,1825,2023-12-09,8,Boutique,16,1,4000.34,4247.31,3,Yes
8038,491,2025-03-07,10,Boutique,25,1,464.55,455.74,2,Yes
8039,2067,2023-12-27,2,Online,9,2,7756.91,15499.57,4,Yes
8040,1199,2025-12-25,3,Boutique,20,3,1505.97,4367.01,4,Yes
8041,1642,2024-09-15,8,Online,18,2,1879.61,3550.14,4,Yes
8042,801,2025-05-17,7,Online,10,1,8420.05,8961.78,4,Yes
8043,760,2024-03-04,4,Private Client,24,1,426.87,395.27,4,Yes
8044,1166,2023-06-20,6,Online,20,1,1505.97,1481.85,4,Yes
8045,1487,2024-07-31,1,Boutique,21,1,2018.96,2093.48,3,Yes
8046,1494,2023-03-09,9,Online,4,2,2247.59,4357.71,3,Yes
8047,705,2025-11-23,6,Boutique,2,2,2881.29,5712.82,3,Yes
8048,815,2023-01-01,1,Boutique,14,1,4139.23,4181.93,3,Yes
8049,803,2023-05-31,1,Online,22,3,1263.19,4089.75,3,Yes
8050,373,2025-06-20,1,Online,1,1,1844.17,1920.39,5,Yes
8051,1492,2023-09-15,9,Boutique,28,3,488.98,1576.58,3,Yes
8052,1462,2025-01-19,4,Boutique,8,2,9400.29,19381.58,3,Yes
8053,2190,2024-09-19,2,Boutique,11,1,3218.81,3099.87,4,Yes
8054,823,2025-03-05,1,Boutique,1,3,1844.17,5344.39,4,Yes
8055,222,2023-01-19,8,Online,5,2,1450.83,3051.37,4,Yes
8056,1388,2023-02-04,9,Boutique,25,1,464.55,459.18,5,Yes
8057,994,2024-01-06,2,Boutique,13,2,7115.72,13935.94,4,Yes
8058,1212,2024-05-05,1,Boutique,17,2,1526.79,3271.04,3,Yes
8059,2161,2025-03-27,8,Online,10,1,8420.05,7764.27,4,Yes
8060,1205,2023-01-07,1,Online,23,1,395.7,397.28,4,Yes
8061,1926,2024-07-02,7,Online,7,1,4390.12,4583.34,3,Yes
8062,598,2024-01-06,3,Boutique,13,1,7115.72,7384.6,4,Yes
8063,485,2025-01-26,9,Private Client,21,2,2018.96,3952.36,4,Yes
8064,1667,2024-07-27,3,Boutique,4,2,2247.59,4520.82,4,Yes
8065,2051,2024-11-11,10,Online,25,2,464.55,855.6,3,Yes
8066,1502,2023-03-29,5,Boutique,21,3,2018.96,6090.63,5,Yes
8067,662,2024-04-07,1,Boutique,13,1,7115.72,7218.64,3,Yes
8068,2115,2025-12-07,6,Boutique,1,1,1844.17,1954.76,3,Yes
8069,1555,2024-04-25,6,Boutique,25,2,464.55,886.1,2,Yes
8070,2020,2025-04-02,6,Boutique,11,3,3218.81,10158.79,4,Yes
8071,1342,2024-06-07,1,Private Client,28,1,488.98,506.04,4,Yes
8072,2146,2023-07-30,8,Boutique,21,2,2018.96,4145.19,3,Yes
8073,1081,2023-09-01,6,Boutique,9,1,7756.91,7625.83,3,Yes
8074,88,2023-08-27,8,Boutique,13,1,7115.72,6964.79,4,Yes
8075,52,2025-02-07,1,Boutique,11,1,3218.81,3323.49,3,Yes
8076,1748,2023-08-23,2,Online,27,3,356.86,1154.55,4,Yes
8077,41,2023-07-06,1,Online,8,1,9400.29,9257.94,3,Yes
8078,2139,2024-12-13,6,Online,28,1,488.98,521.73,3,Yes
8079,39,2024-05-11,1,Boutique,26,3,602.77,1833.35,5,Yes
8080,2152,2023-07-06,5,Private Client,7,1,4390.12,4648.73,4,Yes
8081,2091,2025-07-24,1,Boutique,27,1,356.86,340.71,2,Yes
8082,209,2023-11-09,2,Private Client,28,2,488.98,1018.99,2,Yes
8083,600,2025-03-29,7,Boutique,22,2,1263.19,2661.77,5,Yes
8084,605,2023-01-22,5,Online,25,1,464.55,489.24,3,Yes
8085,1710,2023-03-09,1,Boutique,28,1,488.98,511.25,3,Yes
8086,2157,2024-01-27,6,Boutique,20,2,1505.97,2917.58,2,Yes
8087,214,2025-12-24,10,Boutique,15,2,3992.76,8013.57,3,Yes
8088,1628,2024-12-29,9,Online,15,2,3992.76,7729.61,4,Yes
8089,1717,2024-06-24,4,Boutique,21,2,2018.96,3936.47,3,Yes
8090,1577,2024-07-21,1,Boutique,12,3,7775.57,22584.8,4,Yes
8091,2125,2025-06-18,6,Online,17,2,1526.79,2948.16,3,Yes
8092,2143,2023-07-31,6,Online,23,1,395.7,407.95,5,Yes
8093,269,2023-07-19,7,Private Client,6,2,1450.79,2971.34,4,Yes
8094,683,2025-09-13,7,Boutique,13,2,7115.72,13558.04,3,Yes
8095,162,2023-06-27,1,Boutique,16,1,4000.34,4122.92,4,Yes
8096,465,2025-07-19,2,Boutique,27,2,356.86,689.86,5,Yes
8097,823,2023-02-13,1,Online,23,1,395.7,376.82,4,Yes
8098,2005,2023-06-17,4,Private Client,1,2,1844.17,3834.25,2,Yes
8099,2100,2023-10-14,1,Private Client,13,1,7115.72,6959.59,4,Yes
8100,488,2024-12-09,1,Private Client,7,1,4390.12,4438.83,3,Yes
8101,2140,2023-12-03,1,Online,13,1,7115.72,6774.31,3,Yes
8102,651,2024-08-08,10,Private Client,7,2,4390.12,8939.96,3,Yes
8103,1756,2023-07-02,6,Boutique,8,1,9400.29,8961.1,4,Yes
8104,1635,2023-01-16,9,Private Client,18,1,1879.61,1779.43,4,Yes
8105,1772,2025-06-05,1,Online,17,2,1526.79,2998.14,4,Yes
8106,719,2025-04-16,3,Boutique,16,1,4000.34,4186.0,3,Yes
8107,1168,2023-04-20,8,Boutique,28,1,488.98,463.67,4,Yes
8108,199,2023-11-02,10,Boutique,17,2,1526.79,2866.47,4,Yes
8109,1347,2025-09-06,1,Online,8,1,9400.29,8695.87,3,Yes
8110,1823,2023-01-06,2,Online,7,1,4390.12,4331.09,5,Yes
8111,1356,2025-04-22,2,Boutique,25,2,464.55,896.7,3,Yes
8112,1725,2023-12-27,1,Online,18,1,1879.61,1817.09,4,Yes
8113,803,2024-10-17,1,Boutique,4,1,2247.59,2420.9,4,Yes
8114,701,2025-09-10,1,Online,24,3,426.87,1217.94,4,Yes
8115,503,2024-12-24,8,Online,22,1,1263.19,1254.79,4,Yes
8116,469,2023-04-25,6,Private Client,2,1,2881.29,3105.51,4,Yes
8117,2010,2023-10-03,1,Boutique,16,2,4000.34,7399.82,4,Yes
8118,1975,2023-03-21,9,Private Client,26,2,602.77,1243.47,4,No
8119,1730,2023-06-28,5,Boutique,18,1,1879.61,1840.84,4,Yes
8120,1937,2024-07-14,6,Boutique,23,1,395.7,421.41,3,Yes
8121,624,2024-05-23,5,Boutique,25,1,464.55,495.17,3,Yes
8122,967,2023-09-17,3,Online,8,1,9400.29,9230.65,3,No
8123,663,2023-10-19,2,Private Client,14,1,4139.23,3954.76,3,Yes
8124,751,2025-06-03,6,Online,18,1,1879.61,1857.96,4,Yes
8125,1873,2023-10-18,6,Private Client,19,3,1731.11,5579.97,2,Yes
8126,1419,2024-06-25,6,Boutique,24,1,426.87,411.94,4,Yes
8127,1099,2025-02-02,1,Boutique,4,1,2247.59,2420.68,3,Yes
8128,383,2025-12-22,2,Boutique,22,1,1263.19,1327.74,3,Yes
8129,1394,2024-08-16,5,Boutique,28,1,488.98,470.79,4,Yes
8130,1653,2025-08-05,3,Private Client,14,2,4139.23,8664.0,3,Yes
8131,176,2024-04-24,9,Online,2,1,2881.29,2673.74,4,Yes
8132,228,2024-01-16,6,Boutique,17,2,1526.79,3077.06,4,Yes
8133,2039,2023-11-06,1,Online,6,3,1450.79,4253.03,2,Yes
8134,1366,2025-12-15,5,Boutique,8,1,9400.29,9290.4,4,Yes
8135,1986,2025-04-26,1,Boutique,16,1,4000.34,3982.97,4,Yes
8136,1263,2024-02-29,3,Boutique,21,1,2018.96,2019.84,4,Yes
8137,1636,2024-10-22,5,Online,1,1,1844.17,1890.32,4,Yes
8138,1021,2023-08-14,8,Private Client,26,1,602.77,621.75,3,Yes
8139,1712,2023-01-25,4,Boutique,18,1,1879.61,2022.67,4,No
8140,350,2023-04-05,1,Boutique,3,2,2487.59,5184.36,4,Yes
8141,441,2024-05-22,1,Boutique,28,2,488.98,1007.35,3,Yes
8142,1612,2024-07-18,9,Boutique,18,1,1879.61,1847.27,3,Yes
8143,1385,2024-10-05,2,Online,25,3,464.55,1308.43,2,Yes
8144,288,2024-05-04,6,Boutique,10,1,8420.05,7825.65,4,Yes
8145,2056,2024-04-03,9,Online,2,2,2881.29,5742.01,4,Yes
8146,2135,2025-06-19,3,Boutique,19,1,1731.11,1777.71,4,Yes
8147,998,2023-12-04,5,Boutique,25,1,464.55,475.71,3,Yes
8148,1423,2025-08-20,5,Boutique,11,1,3218.81,3452.04,4,Yes
8149,74,2023-12-11,6,Boutique,19,1,1731.11,1698.55,3,Yes
8150,1463,2024-07-29,1,Online,24,1,426.87,435.6,2,Yes
8151,430,2025-07-31,4,Boutique,24,3,426.87,1360.08,3,Yes
8152,1472,2023-12-12,8,Boutique,27,1,356.86,351.38,3,Yes
8153,846,2023-11-21,4,Online,3,1,2487.59,2478.73,4,Yes
8154,1731,2024-04-11,1,Private Client,10,2,8420.05,17979.76,4,Yes
8155,36,2023-04-01,3,Online,16,2,4000.34,8065.0,4,Yes
8156,1114,2023-10-21,3,Boutique,28,2,488.98,1024.84,4,Yes
8157,1021,2024-06-07,8,Boutique,26,1,602.77,644.78,4,Yes
8158,1439,2025-04-29,10,Online,3,1,2487.59,2515.87,2,Yes
8159,1998,2023-09-16,2,Online,24,1,426.87,400.18,4,No
8160,1320,2023-07-05,3,Boutique,19,1,1731.11,1820.21,4,Yes
8161,619,2023-12-10,6,Boutique,20,2,1505.97,3165.08,3,Yes
8162,170,2025-03-31,9,Boutique,21,1,2018.96,1894.59,5,Yes
8163,146,2025-01-10,1,Boutique,7,1,4390.12,4423.92,3,Yes
8164,868,2024-07-22,1,Boutique,17,3,1526.79,4570.91,5,Yes
8165,420,2025-08-07,7,Boutique,8,2,9400.29,19844.88,3,Yes
8166,1996,2024-05-23,1,Boutique,3,1,2487.59,2397.89,3,Yes
8167,1714,2023-01-16,7,Boutique,7,3,4390.12,13015.01,4,Yes
8168,573,2024-06-08,1,Boutique,27,1,356.86,362.84,3,Yes
8169,1960,2023-07-19,5,Boutique,10,1,8420.05,8443.28,5,Yes
8170,1027,2023-11-05,10,Boutique,27,1,356.86,382.84,5,Yes
8171,1287,2023-09-16,4,Private Client,19,1,1731.11,1858.7,2,Yes
8172,321,2024-02-29,3,Boutique,25,2,464.55,866.9,4,Yes
8173,1600,2025-02-17,5,Online,15,1,3992.76,3863.62,4,Yes
8174,1613,2025-11-10,5,Online,26,3,602.77,1665.83,4,Yes
8175,477,2024-09-30,6,Boutique,15,2,3992.76,7880.57,4,Yes
8176,1827,2025-07-08,9,Boutique,5,1,1450.83,1488.47,3,Yes
8177,783,2025-10-08,10,Boutique,3,3,2487.59,7428.48,3,Yes
8178,533,2023-12-16,6,Online,3,1,2487.59,2315.32,3,Yes
8179,1363,2025-08-18,1,Boutique,4,1,2247.59,2138.25,3,Yes
8180,1948,2024-03-13,10,Boutique,15,2,3992.76,7568.09,3,Yes
8181,1165,2024-03-31,3,Online,16,1,4000.34,4007.46,3,Yes
8182,1971,2024-09-15,1,Online,5,1,1450.83,1492.08,5,Yes
8183,579,2024-10-04,1,Boutique,21,3,2018.96,5878.88,3,Yes
8184,1374,2024-01-27,1,Online,8,1,9400.29,8844.48,4,Yes
8185,1594,2024-07-27,1,Boutique,10,1,8420.05,8822.32,3,Yes
8186,1748,2023-02-02,2,Online,22,1,1263.19,1335.62,3,Yes
8187,2178,2025-07-09,9,Boutique,21,1,2018.96,1946.76,5,Yes
8188,2034,2024-02-14,5,Online,2,2,2881.29,5689.51,2,Yes
8189,2059,2025-10-19,1,Boutique,14,2,4139.23,7724.71,2,Yes
8190,257,2024-02-17,6,Boutique,5,2,1450.83,2775.24,4,Yes
8191,1418,2023-10-26,1,Boutique,7,1,4390.12,4577.67,4,Yes
8192,1443,2023-03-14,6,Online,11,2,3218.81,6298.77,3,Yes
8193,882,2023-09-18,3,Boutique,3,3,2487.59,7587.78,4,Yes
8194,19,2024-11-20,2,Boutique,12,1,7775.57,8330.66,4,Yes
8195,110,2025-08-16,6,Boutique,14,3,4139.23,12862.02,3,Yes
8196,1461,2025-01-01,3,Boutique,23,1,395.7,392.75,4,Yes
8197,1058,2024-11-15,4,Online,1,2,1844.17,3609.78,3,Yes
8198,1312,2025-04-19,1,Private Client,22,3,1263.19,3601.93,4,Yes
8199,1868,2023-12-01,7,Online,16,2,4000.34,8328.57,4,Yes
8200,1003,2025-01-01,1,Online,15,1,3992.76,3745.16,4,Yes
8201,255,2025-03-14,3,Boutique,1,2,1844.17,3429.5,3,Yes
8202,638,2024-01-25,1,Boutique,23,1,395.7,370.68,4,Yes
8203,2043,2025-01-29,7,Boutique,22,1,1263.19,1211.23,4,Yes
8204,2182,2025-06-01,9,Private Client,13,3,7115.72,21781.36,4,Yes
8205,397,2025-08-29,1,Online,26,1,602.77,637.62,3,Yes
8206,1622,2025-12-30,6,Boutique,27,2,356.86,769.98,5,Yes
8207,685,2025-07-29,5,Boutique,15,1,3992.76,4140.64,3,Yes
8208,1857,2025-06-21,1,Boutique,17,1,1526.79,1440.31,3,Yes
8209,2067,2023-01-24,2,Boutique,9,1,7756.91,7481.02,4,Yes
8210,1011,2024-07-10,1,Online,5,2,1450.83,2730.8,3,Yes
8211,2167,2024-12-01,1,Boutique,27,1,356.86,334.91,4,Yes
8212,302,2024-02-07,1,Online,23,2,395.7,799.98,4,Yes
8213,227,2024-03-16,1,Private Client,12,1,7775.57,8281.57,3,Yes
8214,1531,2025-05-31,8,Private Client,17,2,1526.79,3143.64,4,Yes
8215,1236,2025-07-14,4,Private Client,11,1,3218.81,3373.65,3,Yes
8216,356,2024-04-29,8,Boutique,11,3,3218.81,9668.94,4,Yes
8217,701,2025-12-26,1,Private Client,24,2,426.87,850.37,5,Yes
8218,1784,2023-01-31,7,Boutique,8,2,9400.29,20116.57,4,Yes
8219,1587,2023-11-18,3,Online,15,3,3992.76,12403.68,4,Yes
8220,1215,2024-07-19,7,Boutique,25,2,464.55,923.06,3,Yes
8221,1046,2023-01-10,1,Boutique,2,2,2881.29,5608.22,3,Yes
8222,1646,2024-11-08,8,Boutique,22,1,1263.19,1180.96,4,Yes
8223,1351,2025-04-30,3,Boutique,10,2,8420.05,17704.96,3,Yes
8224,365,2025-07-15,3,Private Client,21,1,2018.96,1912.14,5,Yes
8225,1068,2023-10-12,1,Online,22,2,1263.19,2532.45,3,Yes
8226,519,2023-06-02,1,Boutique,14,1,4139.23,4230.15,4,Yes
8227,1627,2024-01-06,1,Boutique,5,2,1450.83,3014.98,4,Yes
8228,1345,2023-10-28,8,Online,27,1,356.86,333.07,4,Yes
8229,1646,2023-05-26,8,Boutique,17,2,1526.79,2814.51,4,Yes
8230,982,2025-12-11,5,Online,18,1,1879.61,1941.56,3,Yes
8231,2037,2024-12-02,1,Boutique,19,1,1731.11,1718.48,3,Yes
8232,922,2023-05-21,6,Online,7,1,4390.12,4166.14,3,Yes
8233,957,2023-03-25,6,Private Client,26,1,602.77,649.26,4,Yes
8234,361,2023-01-21,7,Boutique,25,1,464.55,486.21,4,Yes
8235,1311,2025-10-26,1,Boutique,18,1,1879.61,1903.22,4,Yes
8236,182,2025-08-24,1,Private Client,12,2,7775.57,16054.02,3,Yes
8237,1475,2024-03-28,1,Private Client,15,2,3992.76,7544.75,3,Yes
8238,2145,2023-12-08,1,Private Client,14,1,4139.23,4445.35,4,Yes
8239,563,2024-01-28,1,Boutique,10,2,8420.05,18177.52,4,Yes
8240,314,2025-09-29,5,Boutique,17,1,1526.79,1563.05,3,Yes
8241,2069,2025-08-28,6,Boutique,1,2,1844.17,3787.67,3,Yes
8242,403,2023-06-07,1,Boutique,4,1,2247.59,2321.12,3,Yes
8243,1148,2025-03-21,5,Online,9,2,7756.91,15925.34,3,Yes
8244,613,2024-11-29,1,Boutique,4,1,2247.59,2225.49,3,Yes
8245,1877,2023-06-15,7,Online,19,1,1731.11,1742.38,4,Yes
8246,1614,2023-02-03,8,Private Client,26,1,602.77,581.82,4,Yes
8247,693,2023-09-12,9,Private Client,24,2,426.87,846.48,3,Yes
8248,1735,2023-10-29,1,Boutique,25,1,464.55,459.8,4,Yes
8249,1726,2023-08-08,1,Boutique,5,2,1450.83,2803.3,4,Yes
8250,840,2025-11-21,1,Online,18,1,1879.61,1965.83,4,Yes
8251,2151,2025-07-23,6,Boutique,15,1,3992.76,3935.05,4,Yes
8252,1811,2024-05-23,9,Online,20,2,1505.97,3036.86,4,Yes
8253,753,2025-08-10,6,Online,26,1,602.77,569.6,3,Yes
8254,2182,2023-08-03,9,Boutique,8,1,9400.29,9362.64,3,Yes
8255,1459,2023-09-02,3,Boutique,2,2,2881.29,6003.65,4,Yes
8256,937,2023-01-20,2,Boutique,25,1,464.55,460.43,4,Yes
8257,1342,2023-07-29,1,Online,13,2,7115.72,14362.92,3,Yes
8258,1694,2024-03-01,1,Boutique,27,3,356.86,1105.13,3,Yes
8259,505,2025-09-26,10,Online,13,2,7115.72,13978.63,4,Yes
8260,1970,2025-09-07,1,Private Client,28,1,488.98,477.5,3,Yes
8261,52,2023-03-13,1,Boutique,14,1,4139.23,3864.88,3,Yes
8262,1470,2023-06-27,4,Private Client,15,2,3992.76,8090.64,3,Yes
8263,1406,2023-10-26,6,Online,21,1,2018.96,2085.81,3,Yes
8264,2000,2023-09-23,10,Online,12,1,7775.57,7876.66,4,Yes
8265,389,2024-06-03,2,Boutique,23,1,395.7,381.99,4,Yes
8266,1673,2023-10-02,10,Boutique,5,1,1450.83,1395.66,2,Yes
8267,674,2025-08-05,1,Boutique,3,1,2487.59,2352.06,4,Yes
8268,1890,2023-02-22,6,Boutique,18,3,1879.61,5230.12,4,Yes
8269,1503,2025-03-22,2,Boutique,3,2,2487.59,4916.97,3,Yes
8270,593,2024-05-03,1,Online,14,2,4139.23,7828.8,4,Yes
8271,83,2024-05-16,2,Boutique,2,1,2881.29,2969.25,4,Yes
8272,414,2023-11-03,10,Private Client,18,1,1879.61,2018.47,3,Yes
8273,198,2024-02-21,1,Online,13,1,7115.72,6630.12,3,Yes
8274,1713,2024-05-23,8,Boutique,2,3,2881.29,9187.34,3,Yes
8275,1304,2025-07-09,6,Boutique,12,1,7775.57,7971.78,3,Yes
8276,300,2024-09-29,6,Private Client,27,3,356.86,1132.29,4,Yes
8277,129,2024-10-27,6,Boutique,2,3,2881.29,8166.67,5,Yes
8278,1907,2023-01-06,6,Boutique,8,1,9400.29,10011.66,3,Yes
8279,1716,2024-02-26,1,Private Client,5,2,1450.83,3114.23,3,Yes
8280,207,2024-01-25,1,Boutique,25,2,464.55,989.56,3,Yes
8281,2025,2023-11-30,1,Online,11,1,3218.81,3365.85,2,Yes
8282,294,2023-12-04,6,Boutique,13,2,7115.72,13298.55,3,Yes
8283,1964,2025-04-27,1,Boutique,28,1,488.98,467.13,4,Yes
8284,1874,2023-09-26,1,Boutique,21,3,2018.96,6457.25,3,Yes
8285,2007,2023-03-06,6,Private Client,17,1,1526.79,1460.69,4,Yes
8286,2077,2024-11-08,8,Private Client,24,1,426.87,416.47,3,Yes
8287,2089,2025-12-23,4,Boutique,16,1,4000.34,3712.62,4,Yes
8288,1216,2024-10-18,8,Boutique,19,2,1731.11,3533.18,4,Yes
8289,1773,2025-02-19,10,Boutique,26,1,602.77,608.87,4,Yes
8290,626,2023-11-25,7,Boutique,27,1,356.86,383.23,3,Yes
8291,278,2024-06-01,10,Boutique,26,1,602.77,640.61,4,Yes
8292,529,2025-05-11,1,Boutique,15,1,3992.76,3996.56,5,Yes
8293,2134,2024-02-25,6,Boutique,18,3,1879.61,5737.48,3,Yes
8294,1925,2023-11-05,6,Boutique,6,1,1450.79,1430.64,3,Yes
8295,1881,2025-03-24,2,Online,4,1,2247.59,2115.42,3,Yes
8296,1926,2025-04-25,7,Private Client,4,1,2247.59,2379.85,5,Yes
8297,693,2025-08-19,9,Online,13,1,7115.72,7172.12,4,Yes
8298,1361,2024-12-21,10,Online,9,1,7756.91,7664.31,2,Yes
8299,863,2025-12-01,6,Boutique,10,1,8420.05,7838.68,4,Yes
8300,225,2024-08-12,8,Boutique,14,1,4139.23,4248.76,3,Yes
8301,1918,2023-11-16,5,Online,28,1,488.98,481.13,4,Yes
8302,1968,2025-10-07,6,Online,8,1,9400.29,9029.84,2,Yes
8303,1957,2024-03-20,1,Boutique,3,1,2487.59,2637.54,4,Yes
8304,1840,2023-10-13,1,Boutique,9,2,7756.91,14728.53,3,Yes
8305,68,2023-06-20,5,Private Client,1,1,1844.17,1848.6,3,Yes
8306,1643,2023-09-20,3,Online,15,1,3992.76,4181.7,4,Yes
8307,1021,2025-07-30,8,Online,15,2,3992.76,8431.53,3,Yes
8308,1101,2023-05-22,3,Online,28,1,488.98,513.91,4,Yes
8309,1563,2024-09-19,6,Boutique,7,2,4390.12,9337.44,3,Yes
8310,1525,2024-08-15,8,Boutique,15,1,3992.76,3764.28,3,Yes
8311,1471,2024-02-20,3,Private Client,7,1,4390.12,4699.51,4,Yes
8312,1716,2023-01-25,1,Boutique,13,2,7115.72,13117.52,4,Yes
8313,1583,2024-09-18,9,Boutique,12,1,7775.57,7471.89,4,Yes
8314,1383,2023-04-04,1,Online,18,1,1879.61,1754.51,5,Yes
8315,1301,2023-11-01,6,Boutique,7,2,4390.12,9406.14,3,Yes
8316,1337,2023-07-04,7,Boutique,7,1,4390.12,4336.69,5,Yes
8317,1243,2023-10-10,6,Boutique,15,1,3992.76,3874.75,5,Yes
8318,1706,2024-11-16,4,Boutique,9,3,7756.91,22031.19,4,Yes
8319,1902,2025-05-12,1,Online,6,2,1450.79,2741.79,4,Yes
8320,1968,2024-11-15,6,Boutique,26,2,602.77,1227.52,3,Yes
8321,1680,2024-10-27,1,Boutique,27,1,356.86,331.0,3,Yes
8322,1316,2025-11-03,6,Boutique,26,1,602.77,611.87,3,Yes
8323,2114,2025-06-08,5,Boutique,9,2,7756.91,16195.56,3,Yes
8324,731,2025-03-26,9,Boutique,19,1,1731.11,1759.09,4,Yes
8325,568,2023-12-07,5,Boutique,24,1,426.87,449.18,3,Yes
8326,1749,2024-08-26,6,Online,20,2,1505.97,2898.82,4,Yes
8327,1630,2025-01-03,2,Online,16,1,4000.34,3729.71,3,Yes
8328,596,2025-03-29,5,Boutique,16,1,4000.34,4141.79,4,Yes
8329,648,2025-06-25,10,Boutique,27,2,356.86,751.19,4,Yes
8330,2194,2024-06-23,5,Boutique,1,2,1844.17,3689.33,2,Yes
8331,1554,2024-03-14,3,Online,23,1,395.7,416.0,4,Yes
8332,125,2025-09-14,1,Boutique,13,3,7115.72,21203.43,3,Yes
8333,1538,2024-10-27,4,Boutique,19,1,1731.11,1647.61,3,Yes
8334,1356,2024-01-19,2,Boutique,4,1,2247.59,2238.38,3,Yes
8335,480,2024-08-04,8,Private Client,19,1,1731.11,1652.43,5,Yes
8336,1002,2023-06-09,8,Online,22,3,1263.19,3772.61,3,Yes
8337,712,2024-03-07,3,Online,10,2,8420.05,15890.46,3,Yes
8338,1971,2024-09-06,1,Boutique,13,2,7115.72,13515.46,4,Yes
8339,1422,2024-05-02,6,Boutique,1,1,1844.17,1957.15,3,Yes
8340,1818,2023-12-09,1,Boutique,13,1,7115.72,6678.37,3,Yes
8341,815,2023-04-19,1,Private Client,10,2,8420.05,16097.18,3,Yes
8342,56,2025-04-28,1,Boutique,15,1,3992.76,4309.32,3,Yes
8343,1655,2023-10-28,6,Boutique,15,2,3992.76,8082.65,4,Yes
8344,132,2024-12-05,6,Boutique,7,2,4390.12,8900.8,4,Yes
8345,231,2025-12-30,6,Online,26,1,602.77,636.04,3,Yes
8346,395,2023-09-26,1,Boutique,14,3,4139.23,12466.01,3,Yes
8347,982,2024-04-22,5,Boutique,8,1,9400.29,8981.84,3,Yes
8348,933,2023-06-25,1,Private Client,19,1,1731.11,1709.63,5,Yes
8349,1530,2023-08-27,4,Boutique,25,1,464.55,483.5,2,Yes
8350,1410,2025-06-11,6,Boutique,18,2,1879.61,3983.24,4,Yes
8351,533,2024-09-01,6,Boutique,15,2,3992.76,7695.75,3,Yes
8352,965,2025-05-08,2,Online,26,1,602.77,579.81,4,Yes
8353,2174,2024-05-06,1,Boutique,27,3,356.86,1041.05,3,Yes
8354,555,2023-04-09,5,Boutique,26,2,602.77,1224.1,2,Yes
8355,1494,2023-11-25,9,Online,9,1,7756.91,7482.02,3,Yes
8356,385,2024-03-20,10,Boutique,12,3,7775.57,24794.0,3,Yes
8357,712,2025-09-24,3,Private Client,21,1,2018.96,2173.37,4,Yes
8358,1472,2023-10-22,8,Online,22,2,1263.19,2598.78,5,Yes
8359,654,2024-03-17,2,Boutique,14,3,4139.23,13352.1,4,Yes
8360,1143,2025-03-05,6,Boutique,2,2,2881.29,5566.98,3,Yes
8361,1117,2025-06-09,2,Online,5,2,1450.83,3047.98,2,Yes
8362,1609,2023-01-31,3,Online,22,1,1263.19,1299.26,4,Yes
8363,538,2024-03-13,6,Online,5,1,1450.83,1395.86,4,Yes
8364,1457,2023-10-13,2,Boutique,14,2,4139.23,8037.93,4,Yes
8365,1898,2023-10-18,1,Private Client,4,1,2247.59,2243.5,4,Yes
8366,2193,2024-01-03,6,Boutique,24,2,426.87,893.58,4,Yes
8367,1092,2024-04-30,1,Boutique,2,1,2881.29,3052.89,3,Yes
8368,700,2024-07-08,8,Private Client,1,1,1844.17,1883.69,3,Yes
8369,1902,2023-06-17,1,Online,2,1,2881.29,2983.44,2,Yes
8370,2179,2025-02-09,2,Boutique,13,1,7115.72,6846.86,4,Yes
8371,733,2023-03-19,1,Private Client,27,1,356.86,370.62,4,Yes
8372,1305,2025-04-30,1,Boutique,20,2,1505.97,3062.53,3,Yes
8373,1813,2025-06-10,3,Boutique,17,1,1526.79,1459.1,4,Yes
8374,1676,2024-10-22,5,Online,25,1,464.55,498.01,4,Yes
8375,513,2024-08-11,10,Boutique,13,2,7115.72,14260.72,4,No
8376,1,2025-01-31,6,Private Client,17,1,1526.79,1598.72,3,Yes
8377,1966,2024-07-18,1,Online,5,2,1450.83,2913.55,3,Yes
8378,432,2025-03-22,1,Boutique,24,1,426.87,456.44,4,Yes
8379,1290,2023-10-29,7,Private Client,25,1,464.55,437.89,3,Yes
8380,399,2023-10-20,4,Boutique,25,1,464.55,467.98,4,Yes
8381,808,2023-10-21,4,Boutique,8,2,9400.29,17372.2,3,Yes
8382,1280,2023-04-19,8,Private Client,22,1,1263.19,1202.03,4,Yes
8383,952,2023-12-31,6,Online,22,1,1263.19,1218.93,2,Yes
8384,1069,2024-08-22,1,Boutique,12,2,7775.57,15482.99,3,Yes
8385,855,2024-11-08,1,Boutique,9,2,7756.91,16308.56,2,Yes
8386,745,2023-04-03,1,Boutique,18,2,1879.61,3739.16,4,Yes
8387,2098,2025-12-23,6,Boutique,16,2,4000.34,8079.01,3,Yes
8388,243,2024-03-03,8,Online,19,1,1731.11,1848.56,3,Yes
8389,1164,2024-09-29,6,Boutique,22,3,1263.19,3945.11,3,Yes
8390,1620,2024-01-03,8,Boutique,8,1,9400.29,8723.78,3,Yes
8391,276,2023-04-15,6,Online,7,1,4390.12,4162.86,4,Yes
8392,8,2023-07-28,8,Boutique,24,3,426.87,1185.99,4,Yes
8393,715,2025-10-08,7,Boutique,21,1,2018.96,1879.75,2,Yes
8394,1959,2024-04-18,6,Private Client,9,1,7756.91,7556.91,4,Yes
8395,2081,2025-12-20,2,Boutique,22,2,1263.19,2618.49,3,Yes
8396,810,2023-01-12,3,Online,12,1,7775.57,7457.52,2,Yes
8397,1473,2024-04-10,5,Boutique,14,3,4139.23,12203.68,4,Yes
8398,928,2024-10-10,3,Boutique,10,2,8420.05,16554.15,3,Yes
8399,862,2025-05-24,1,Boutique,16,2,4000.34,8116.28,4,Yes
8400,37,2024-01-21,2,Boutique,2,2,2881.29,6124.86,3,Yes
8401,2082,2025-06-02,10,Boutique,6,3,1450.79,4688.88,2,Yes
8402,455,2024-07-08,4,Boutique,11,1,3218.81,3272.69,4,Yes
8403,444,2025-11-28,10,Boutique,4,2,2247.59,4498.83,4,Yes
8404,212,2024-10-15,1,Boutique,5,2,1450.83,2986.1,3,Yes
8405,1730,2025-05-14,5,Boutique,5,3,1450.83,4469.51,3,Yes
8406,982,2025-09-15,5,Private Client,17,2,1526.79,3065.28,4,Yes
8407,296,2023-12-19,2,Online,26,1,602.77,625.62,3,Yes
8408,152,2024-05-28,1,Private Client,5,1,1450.83,1448.8,3,Yes
8409,1970,2025-03-14,1,Online,26,1,602.77,650.65,3,Yes
8410,1220,2023-12-09,1,Boutique,11,2,3218.81,5973.08,4,Yes
8411,600,2023-12-02,7,Boutique,9,3,7756.91,23059.3,4,Yes
8412,1323,2023-01-24,8,Online,15,1,3992.76,3926.97,4,Yes
8413,1553,2025-06-03,1,Boutique,24,2,426.87,890.66,4,Yes
8414,1512,2023-04-14,5,Boutique,24,3,426.87,1217.26,4,Yes
8415,232,2024-07-27,1,Boutique,3,2,2487.59,4922.7,3,Yes
8416,367,2025-02-13,3,Boutique,16,1,4000.34,4127.04,4,Yes
8417,481,2025-06-05,10,Boutique,9,1,7756.91,7884.98,3,Yes
8418,572,2023-08-31,1,Private Client,25,1,464.55,467.9,4,Yes
8419,1203,2023-12-08,9,Online,26,1,602.77,596.5,2,Yes
8420,1508,2024-09-24,1,Boutique,23,2,395.7,823.31,3,Yes
8421,1613,2025-05-14,5,Online,6,3,1450.79,4454.34,5,Yes
8422,1571,2023-06-22,1,Boutique,9,1,7756.91,8221.97,4,Yes
8423,930,2023-04-13,1,Online,27,1,356.86,370.16,5,Yes
8424,1040,2023-06-09,1,Private Client,22,1,1263.19,1190.51,4,Yes
8425,1426,2024-12-14,6,Boutique,19,3,1731.11,5292.66,4,Yes
8426,171,2024-07-10,9,Online,6,1,1450.79,1345.07,4,Yes
8427,1056,2024-07-29,8,Boutique,11,1,3218.81,3160.8,5,Yes
8428,1239,2023-07-15,3,Boutique,2,1,2881.29,2840.69,4,Yes
8429,2007,2025-09-15,6,Online,18,2,1879.61,3972.67,3,Yes
8430,189,2025-07-22,2,Online,28,1,488.98,463.97,4,Yes
8431,786,2023-03-11,9,Online,7,1,4390.12,4490.95,4,Yes
8432,583,2025-04-22,1,Private Client,24,1,426.87,405.86,3,Yes
8433,1832,2023-09-04,6,Online,23,2,395.7,848.21,4,Yes
8434,600,2023-11-25,7,Online,21,3,2018.96,6085.47,3,Yes
8435,846,2023-06-07,4,Online,4,1,2247.59,2322.47,3,Yes
8436,2030,2025-07-06,4,Boutique,24,1,426.87,436.88,3,Yes
8437,1206,2024-11-28,1,Boutique,28,1,488.98,473.62,4,Yes
8438,954,2025-01-12,7,Boutique,25,1,464.55,494.37,4,Yes
8439,2070,2024-08-07,6,Boutique,7,1,4390.12,4479.5,3,Yes
8440,1098,2023-02-24,6,Online,17,2,1526.79,3058.62,4,Yes
8441,1626,2024-04-30,3,Boutique,4,3,2247.59,6773.37,3,Yes
8442,1871,2024-02-14,3,Boutique,13,1,7115.72,7560.53,4,Yes
8443,166,2025-08-17,6,Private Client,20,2,1505.97,2799.48,3,Yes
8444,2025,2025-06-23,1,Boutique,26,1,602.77,592.07,4,Yes
8445,234,2024-12-27,10,Boutique,19,1,1731.11,1825.73,4,Yes
8446,1399,2025-11-04,1,Boutique,4,1,2247.59,2081.27,5,Yes
8447,1457,2023-05-27,2,Online,25,2,464.55,949.79,3,Yes
8448,641,2025-11-14,1,Boutique,13,1,7115.72,7005.58,4,Yes
8449,1358,2023-11-29,2,Private Client,1,1,1844.17,1757.0,4,Yes
8450,1828,2023-10-17,2,Boutique,2,1,2881.29,2932.65,5,Yes
8451,607,2024-07-23,1,Online,7,3,4390.12,13867.99,1,Yes
8452,540,2025-03-01,4,Boutique,25,1,464.55,462.12,3,Yes
8453,1468,2025-06-27,6,Boutique,23,1,395.7,373.33,5,Yes
8454,343,2023-01-27,1,Boutique,17,3,1526.79,4438.31,3,No
8455,637,2025-12-25,1,Boutique,7,1,4390.12,4728.23,4,Yes
8456,79,2025-07-14,4,Boutique,22,3,1263.19,3553.76,4,Yes
8457,2105,2024-01-23,6,Boutique,13,2,7115.72,13458.88,3,Yes
8458,191,2025-12-26,6,Boutique,17,1,1526.79,1646.53,4,Yes
8459,644,2023-09-07,9,Online,1,1,1844.17,1956.92,4,Yes
8460,1487,2023-05-22,1,Boutique,28,1,488.98,505.19,5,Yes
8461,2090,2023-09-24,6,Private Client,2,1,2881.29,2720.39,3,Yes
8462,1510,2023-08-03,6,Private Client,6,1,1450.79,1390.56,4,Yes
8463,1217,2024-05-03,7,Boutique,12,1,7775.57,7377.69,4,Yes
8464,790,2024-05-10,3,Boutique,13,1,7115.72,7264.81,4,Yes
8465,742,2024-04-24,8,Online,20,2,1505.97,2963.2,4,Yes
8466,90,2024-10-04,1,Online,20,3,1505.97,4191.02,3,Yes
8467,1715,2023-01-01,7,Private Client,22,1,1263.19,1221.01,4,Yes
8468,987,2025-10-29,6,Online,9,1,7756.91,8204.52,5,Yes
8469,648,2025-04-20,10,Boutique,17,2,1526.79,3198.22,4,Yes
8470,819,2024-01-15,1,Boutique,18,1,1879.61,1922.62,4,Yes
8471,243,2025-04-23,8,Private Client,8,1,9400.29,8776.93,4,Yes
8472,1900,2023-10-29,5,Online,8,1,9400.29,9976.03,3,Yes
8473,219,2024-10-11,4,Online,27,1,356.86,358.83,4,Yes
8474,9,2025-03-19,2,Online,11,2,3218.81,6432.03,3,Yes
8475,430,2023-12-05,4,Boutique,22,2,1263.19,2701.84,2,Yes
8476,13,2025-09-25,1,Private Client,22,3,1263.19,3491.77,4,Yes
8477,1799,2024-10-27,1,Private Client,28,2,488.98,986.71,4,Yes
8478,690,2024-02-08,10,Boutique,8,1,9400.29,9838.34,3,Yes
8479,1783,2023-09-04,6,Boutique,18,2,1879.61,3496.79,4,Yes
8480,677,2024-07-12,1,Boutique,18,2,1879.61,3673.31,3,Yes
8481,1005,2025-02-16,1,Online,13,1,7115.72,7659.34,3,Yes
8482,208,2023-04-21,6,Boutique,1,1,1844.17,1759.13,5,Yes
8483,1324,2025-09-14,6,Boutique,15,2,3992.76,8025.36,4,Yes
8484,1003,2025-03-23,1,Boutique,22,1,1263.19,1312.92,5,Yes
8485,1766,2025-07-18,6,Boutique,6,2,1450.79,2850.69,3,Yes
8486,1554,2025-06-04,3,Boutique,6,2,1450.79,2858.81,4,Yes
8487,1683,2025-06-27,1,Online,13,1,7115.72,6618.49,3,Yes
8488,1986,2025-03-01,1,Private Client,27,2,356.86,678.33,4,Yes
8489,771,2023-10-19,6,Boutique,2,3,2881.29,9170.26,3,Yes
8490,238,2023-06-24,7,Online,23,2,395.7,831.71,4,Yes
8491,1585,2023-04-19,5,Online,19,1,1731.11,1677.0,3,Yes
8492,1308,2025-08-19,6,Boutique,17,1,1526.79,1497.89,3,Yes
8493,2086,2025-04-27,9,Boutique,1,1,1844.17,1826.59,4,Yes
8494,1820,2025-11-03,1,Boutique,14,2,4139.23,8074.4,3,Yes
8495,32,2024-11-23,2,Boutique,16,2,4000.34,8197.7,3,Yes
8496,292,2025-08-21,2,Private Client,15,3,3992.76,11044.6,4,Yes
8497,292,2023-02-12,2,Online,9,1,7756.91,8228.74,5,Yes
8498,1643,2024-04-05,3,Boutique,19,1,1731.11,1675.89,5,Yes
8499,1406,2024-12-05,6,Private Client,8,2,9400.29,19920.71,5,Yes
8500,578,2025-10-29,4,Private Client,15,1,3992.76,3963.62,3,Yes
8501,1162,2023-05-29,6,Private Client,10,1,8420.05,8792.33,4,Yes
8502,1224,2023-12-04,5,Boutique,23,2,395.7,832.65,2,Yes
8503,447,2025-09-29,5,Online,2,2,2881.29,5579.37,4,Yes
8504,278,2023-08-12,10,Online,18,2,1879.61,3843.62,3,Yes
8505,1825,2023-12-20,8,Online,20,3,1505.97,4595.56,5,Yes
8506,1423,2024-07-08,5,Boutique,2,1,2881.29,2870.23,4,Yes
8507,984,2023-03-07,10,Online,21,1,2018.96,2009.13,4,Yes
8508,1573,2024-09-12,1,Boutique,12,1,7775.57,7533.23,3,Yes
8509,59,2023-03-25,6,Online,10,1,8420.05,8164.34,4,Yes
8510,459,2023-08-15,1,Online,12,1,7775.57,7835.47,4,Yes
8511,104,2025-06-10,1,Boutique,7,1,4390.12,4061.58,3,Yes
8512,831,2025-10-09,6,Boutique,2,1,2881.29,3081.21,4,Yes
8513,789,2023-01-20,6,Online,25,3,464.55,1427.09,4,Yes
8514,2152,2025-11-24,5,Boutique,1,3,1844.17,5482.45,4,Yes
8515,742,2025-01-24,8,Boutique,2,1,2881.29,2679.28,4,Yes
8516,1573,2025-07-29,1,Online,23,1,395.7,403.93,3,Yes
8517,555,2023-09-27,5,Online,28,1,488.98,451.25,4,Yes
8518,628,2024-02-10,1,Boutique,21,1,2018.96,2077.06,3,Yes
8519,1108,2023-10-31,1,Boutique,17,1,1526.79,1422.36,3,Yes
8520,2135,2025-10-05,3,Online,20,1,1505.97,1543.58,4,Yes
8521,428,2025-03-20,5,Online,8,1,9400.29,9258.74,3,Yes
8522,1827,2025-11-18,9,Boutique,21,1,2018.96,2071.49,3,Yes
8523,1945,2024-01-26,2,Boutique,12,2,7775.57,14651.66,4,Yes
8524,2144,2025-06-27,1,Boutique,2,2,2881.29,5409.8,4,Yes
8525,1878,2023-05-22,1,Private Client,9,1,7756.91,7443.44,2,Yes
8526,1160,2024-10-07,1,Boutique,17,3,1526.79,4515.52,3,Yes
8527,1272,2025-03-19,6,Boutique,17,1,1526.79,1466.46,2,Yes
8528,884,2025-08-05,2,Boutique,10,1,8420.05,7856.94,3,Yes
8529,486,2023-09-02,8,Boutique,13,1,7115.72,6916.51,4,Yes
8530,1426,2025-02-04,6,Online,5,1,1450.83,1498.59,4,Yes
8531,604,2025-05-25,9,Online,14,1,4139.23,4194.26,3,No
8532,412,2025-06-30,1,Boutique,14,1,4139.23,4446.08,3,Yes
8533,1995,2025-10-25,9,Boutique,15,1,3992.76,3951.82,4,Yes
8534,1932,2025-07-08,8,Boutique,25,2,464.55,904.25,4,Yes
8535,247,2025-07-27,5,Online,22,1,1263.19,1302.33,3,Yes
8536,2172,2024-03-24,3,Boutique,5,2,1450.83,2860.79,3,No
8537,1623,2023-09-23,1,Private Client,22,1,1263.19,1287.1,3,Yes
8538,2061,2023-09-07,8,Boutique,6,2,1450.79,3108.77,4,No
8539,800,2025-08-12,3,Boutique,9,1,7756.91,7755.9,4,Yes
8540,945,2024-06-26,7,Boutique,9,2,7756.91,15509.29,3,Yes
8541,1266,2024-09-23,6,Private Client,21,1,2018.96,2107.85,3,Yes
8542,1263,2025-06-25,3,Boutique,4,1,2247.59,2339.68,4,Yes
8543,1189,2024-06-04,1,Online,1,1,1844.17,1848.96,3,Yes
8544,176,2025-06-02,9,Online,22,1,1263.19,1175.22,4,Yes
8545,1053,2025-01-03,8,Boutique,23,2,395.7,852.28,3,Yes
8546,1318,2023-05-24,4,Boutique,23,1,395.7,387.93,5,Yes
8547,477,2025-08-01,6,Private Client,15,2,3992.76,7751.33,5,Yes
8548,1716,2024-07-18,1,Boutique,14,1,4139.23,4458.15,3,Yes
8549,1675,2023-03-11,2,Online,1,1,1844.17,1953.97,4,Yes
8550,334,2024-09-24,6,Private Client,6,1,1450.79,1411.38,3,Yes
8551,1272,2025-06-07,6,Boutique,8,1,9400.29,9111.98,3,Yes
8552,1265,2025-03-11,6,Boutique,3,2,2487.59,5151.07,3,Yes
8553,931,2023-06-29,1,Boutique,17,1,1526.79,1486.32,4,Yes
8554,685,2024-08-15,5,Boutique,23,2,395.7,759.93,2,Yes
8555,561,2024-07-20,1,Boutique,20,1,1505.97,1621.55,3,Yes
8556,123,2024-11-21,9,Online,28,1,488.98,494.12,4,Yes
8557,1059,2024-10-26,6,Online,5,2,1450.83,3023.53,5,Yes
8558,840,2024-02-10,1,Online,18,1,1879.61,1943.68,2,Yes
8559,416,2025-09-12,3,Private Client,7,2,4390.12,9139.21,5,Yes
8560,708,2024-09-28,8,Boutique,17,1,1526.79,1625.33,3,Yes
8561,347,2025-11-26,1,Boutique,15,1,3992.76,3993.25,3,Yes
8562,2085,2024-05-31,1,Boutique,20,1,1505.97,1567.02,2,Yes
8563,1724,2025-04-29,1,Boutique,24,1,426.87,447.14,3,Yes
8564,849,2025-06-26,6,Boutique,16,1,4000.34,4286.05,5,Yes
8565,535,2023-11-12,1,Boutique,13,2,7115.72,14716.67,3,Yes
8566,1730,2023-01-27,5,Online,28,1,488.98,519.7,4,Yes
8567,1902,2023-02-24,1,Private Client,7,1,4390.12,4105.67,3,Yes
8568,664,2023-09-06,4,Boutique,15,1,3992.76,3753.89,3,Yes
8569,1042,2023-09-30,2,Online,23,2,395.7,748.14,2,Yes
8570,27,2023-07-10,6,Online,23,1,395.7,373.21,3,Yes
8571,1053,2024-07-28,8,Boutique,28,1,488.98,456.71,3,Yes
8572,1675,2025-05-06,2,Boutique,5,1,1450.83,1363.22,4,Yes
8573,1659,2024-09-07,9,Private Client,27,1,356.86,385.18,3,Yes
8574,640,2025-10-14,1,Online,12,2,7775.57,14984.29,4,Yes
8575,1742,2024-11-03,3,Private Client,28,2,488.98,974.53,3,Yes
8576,42,2024-11-13,10,Boutique,10,1,8420.05,8853.33,3,Yes
8577,1715,2023-04-19,7,Boutique,19,2,1731.11,3250.78,4,Yes
8578,1987,2024-10-13,5,Boutique,10,3,8420.05,24522.01,2,Yes
8579,702,2025-09-07,1,Private Client,7,1,4390.12,4150.8,5,Yes
8580,1455,2023-08-14,5,Boutique,24,2,426.87,793.99,3,Yes
8581,2128,2023-12-19,1,Boutique,23,2,395.7,849.74,3,Yes
8582,1252,2023-05-25,5,Boutique,22,3,1263.19,4006.85,5,Yes
8583,1997,2025-07-03,4,Boutique,15,3,3992.76,12705.21,3,Yes
8584,919,2023-09-30,1,Boutique,9,1,7756.91,8214.48,3,Yes
8585,165,2024-06-17,9,Online,27,1,356.86,337.14,4,Yes
8586,1450,2024-04-04,7,Boutique,6,1,1450.79,1516.95,3,Yes
8587,1066,2025-07-29,5,Boutique,21,1,2018.96,2092.57,5,Yes
8588,1821,2025-10-31,9,Boutique,11,1,3218.81,3437.9,4,Yes
8589,336,2023-06-30,5,Online,6,2,1450.79,2771.27,2,Yes
8590,1925,2023-01-29,6,Boutique,26,1,602.77,594.48,3,Yes
8591,881,2024-06-15,2,Boutique,20,1,1505.97,1456.56,2,Yes
8592,1454,2025-10-25,1,Online,15,2,3992.76,7676.22,3,Yes
8593,972,2023-05-20,4,Boutique,13,1,7115.72,7289.21,5,No
8594,30,2025-11-17,1,Boutique,6,3,1450.79,4118.35,4,Yes
8595,1541,2023-04-08,6,Boutique,20,1,1505.97,1497.49,3,Yes
8596,575,2023-09-19,1,Boutique,21,3,2018.96,6198.99,4,Yes
8597,221,2023-01-19,10,Boutique,15,1,3992.76,3756.58,4,Yes
8598,827,2023-01-12,1,Online,6,3,1450.79,4183.14,3,Yes
8599,2014,2024-06-20,6,Online,16,1,4000.34,4299.48,3,Yes
8600,1518,2023-09-16,5,Online,1,1,1844.17,1931.34,5,Yes
8601,754,2023-01-24,5,Boutique,6,3,1450.79,4475.6,4,Yes
8602,1277,2025-10-28,6,Boutique,16,2,4000.34,8456.36,4,Yes
8603,1588,2023-08-16,6,Online,22,2,1263.19,2329.92,4,Yes
8604,1021,2024-01-11,8,Boutique,1,1,1844.17,1698.43,4,Yes
8605,1489,2023-08-12,6,Boutique,7,2,4390.12,8294.12,3,Yes
8606,1962,2025-01-05,6,Online,28,1,488.98,488.61,2,Yes
8607,1863,2023-09-14,1,Boutique,10,1,8420.05,8514.32,3,Yes
8608,438,2024-05-29,3,Online,21,1,2018.96,1894.17,3,Yes
8609,479,2025-04-12,9,Boutique,8,3,9400.29,26270.96,4,Yes
8610,783,2024-12-01,10,Boutique,21,1,2018.96,2125.02,4,Yes
8611,1008,2025-06-29,6,Private Client,26,3,602.77,1798.03,3,Yes
8612,72,2024-11-29,1,Boutique,5,1,1450.83,1565.15,5,Yes
8613,582,2024-03-13,6,Online,18,2,1879.61,3596.43,3,Yes
8614,220,2023-02-06,10,Boutique,4,2,2247.59,4601.05,5,Yes
8615,1028,2023-04-16,3,Boutique,20,3,1505.97,4737.94,4,Yes
8616,290,2024-09-06,1,Boutique,16,2,4000.34,8477.7,4,Yes
8617,380,2023-08-20,1,Boutique,10,1,8420.05,8159.12,3,Yes
8618,1379,2025-05-16,8,Private Client,26,1,602.77,573.19,5,Yes
8619,1959,2025-11-06,6,Online,16,1,4000.34,3825.03,3,Yes
8620,2128,2025-08-17,1,Online,8,1,9400.29,9651.08,3,Yes
8621,66,2023-10-05,6,Online,19,1,1731.11,1737.29,4,Yes
8622,2184,2023-05-05,8,Online,1,1,1844.17,1873.38,4,Yes
8623,399,2024-11-05,4,Boutique,23,2,395.7,730.69,4,Yes
8624,347,2024-12-15,1,Boutique,9,1,7756.91,7621.6,3,Yes
8625,1985,2024-10-28,9,Online,6,1,1450.79,1406.72,3,Yes
8626,2107,2025-07-01,6,Boutique,13,2,7115.72,15059.78,2,Yes
8627,778,2024-01-30,7,Boutique,13,1,7115.72,7430.24,3,Yes
8628,1904,2025-02-11,6,Online,18,3,1879.61,5575.29,5,Yes
8629,79,2023-07-05,4,Boutique,14,2,4139.23,8451.35,4,Yes
8630,1582,2024-04-10,5,Boutique,2,2,2881.29,5345.53,2,Yes
8631,1779,2025-12-16,6,Boutique,16,1,4000.34,4088.19,3,Yes
8632,2163,2024-04-02,2,Boutique,17,2,1526.79,2856.79,2,Yes
8633,986,2025-09-27,1,Boutique,22,1,1263.19,1306.45,3,Yes
8634,1486,2023-03-15,1,Boutique,16,1,4000.34,4047.6,3,Yes
8635,1650,2024-09-23,4,Boutique,14,1,4139.23,4007.1,4,Yes
8636,2174,2025-11-03,1,Boutique,13,2,7115.72,13937.34,4,Yes
8637,1626,2025-04-19,3,Boutique,16,2,4000.34,7475.95,4,Yes
8638,965,2025-06-30,2,Private Client,24,1,426.87,414.77,3,Yes
8639,829,2025-03-04,1,Boutique,1,1,1844.17,1981.92,4,Yes
8640,1198,2023-02-18,6,Online,28,1,488.98,487.9,4,Yes
8641,1719,2025-08-23,1,Online,17,1,1526.79,1520.5,5,Yes
8642,1229,2023-12-25,1,Boutique,1,1,1844.17,1882.3,3,Yes
8643,1841,2023-08-30,1,Boutique,10,1,8420.05,8399.09,3,Yes
8644,498,2025-12-12,4,Boutique,5,2,1450.83,2834.58,4,Yes
8645,537,2025-12-28,3,Online,7,1,4390.12,4136.91,3,Yes
8646,2064,2023-02-25,10,Boutique,4,3,2247.59,6883.36,3,Yes
8647,1165,2025-05-28,3,Boutique,1,1,1844.17,1917.62,2,Yes
8648,1972,2023-09-12,2,Boutique,1,1,1844.17,1969.01,3,Yes
8649,300,2023-01-05,6,Boutique,10,1,8420.05,7750.51,3,Yes
8650,303,2025-12-11,3,Boutique,3,1,2487.59,2315.11,3,Yes
8651,592,2023-11-25,7,Private Client,5,2,1450.83,3087.09,4,Yes
8652,76,2023-04-08,5,Boutique,13,1,7115.72,7265.04,5,Yes
8653,914,2025-09-07,6,Boutique,21,1,2018.96,2166.88,3,Yes
8654,780,2025-09-29,9,Online,25,1,464.55,459.41,4,Yes
8655,921,2025-02-21,8,Online,9,3,7756.91,22960.53,3,Yes
8656,1524,2024-07-30,6,Boutique,25,2,464.55,905.95,3,Yes
8657,1750,2023-11-23,4,Boutique,8,2,9400.29,17726.15,3,Yes
8658,2036,2023-08-31,4,Boutique,11,1,3218.81,3156.3,4,Yes
8659,1006,2024-01-02,1,Boutique,25,2,464.55,856.95,4,Yes
8660,1702,2025-02-12,6,Boutique,24,1,426.87,427.51,3,Yes
8661,804,2024-12-24,4,Boutique,14,2,4139.23,8738.36,3,Yes
8662,1052,2023-08-22,10,Boutique,8,3,9400.29,27394.08,4,Yes
8663,872,2024-10-13,1,Private Client,24,1,426.87,399.18,4,Yes
8664,115,2023-11-29,5,Boutique,24,2,426.87,918.46,5,Yes
8665,373,2024-05-09,1,Boutique,21,2,2018.96,3798.21,5,Yes
8666,850,2024-01-04,6,Private Client,10,1,8420.05,8458.71,4,Yes
8667,2138,2023-04-05,10,Online,3,3,2487.59,7831.95,3,Yes
8668,757,2025-06-25,1,Boutique,4,1,2247.59,2158.53,4,Yes
8669,1322,2025-03-12,1,Boutique,25,2,464.55,979.86,4,Yes
8670,31,2023-07-27,1,Private Client,23,3,395.7,1197.93,4,Yes
8671,1853,2024-08-29,6,Boutique,12,2,7775.57,15132.97,3,Yes
8672,1806,2024-04-17,7,Online,9,1,7756.91,8210.77,4,Yes
8673,1437,2025-10-28,10,Private Client,11,1,3218.81,3281.64,4,Yes
8674,690,2023-05-16,10,Boutique,11,1,3218.81,3278.23,5,Yes
8675,1215,2024-09-01,7,Online,16,1,4000.34,4002.91,2,Yes
8676,457,2025-06-29,6,Private Client,13,1,7115.72,6859.26,3,Yes
8677,449,2023-09-18,1,Online,27,2,356.86,691.44,3,Yes
8678,68,2024-04-02,5,Boutique,14,2,4139.23,7732.85,3,Yes
8679,1863,2023-08-20,1,Online,7,3,4390.12,12630.32,3,Yes
8680,1803,2023-04-11,10,Boutique,12,1,7775.57,7499.16,3,Yes
8681,1806,2023-05-27,7,Online,24,2,426.87,793.46,3,Yes
8682,874,2024-12-17,1,Online,28,2,488.98,916.98,3,No
8683,467,2024-05-21,4,Boutique,19,1,1731.11,1667.48,3,Yes
8684,128,2024-07-11,1,Boutique,8,2,9400.29,19333.77,3,Yes
8685,1800,2023-04-14,10,Boutique,4,1,2247.59,2134.04,4,Yes
8686,733,2023-12-02,1,Boutique,22,1,1263.19,1267.61,4,Yes
8687,1268,2024-03-21,1,Boutique,17,1,1526.79,1528.72,3,Yes
8688,1929,2025-01-03,6,Boutique,2,3,2881.29,9105.85,3,Yes
8689,1043,2024-03-19,2,Boutique,23,1,395.7,402.61,3,Yes
8690,1420,2023-04-28,8,Online,22,1,1263.19,1347.47,4,Yes
8691,368,2025-07-17,9,Online,13,1,7115.72,7261.57,2,Yes
8692,2106,2024-12-23,5,Boutique,26,3,602.77,1671.03,4,Yes
8693,2096,2024-07-20,4,Boutique,28,3,488.98,1439.12,3,Yes
8694,812,2023-03-29,6,Boutique,21,1,2018.96,2083.26,3,Yes
8695,59,2024-04-20,6,Boutique,7,2,4390.12,8745.29,3,Yes
8696,161,2023-10-22,5,Online,18,1,1879.61,1855.37,3,Yes
8697,103,2024-12-20,4,Online,10,1,8420.05,8651.16,3,Yes
8698,846,2025-09-21,4,Boutique,4,2,2247.59,4341.07,4,Yes
8699,412,2025-04-23,1,Online,21,1,2018.96,2151.07,3,Yes
8700,786,2024-11-16,9,Online,8,1,9400.29,9269.65,5,Yes
8701,183,2024-09-30,5,Boutique,22,3,1263.19,3869.13,2,Yes
8702,2047,2025-08-18,8,Boutique,22,1,1263.19,1360.67,4,Yes
8703,957,2025-07-23,6,Boutique,21,1,2018.96,2111.18,3,Yes
8704,437,2025-06-08,10,Boutique,26,2,602.77,1211.64,3,Yes
8705,1840,2025-07-02,1,Boutique,13,1,7115.72,7524.89,3,Yes
8706,606,2024-02-10,5,Boutique,14,2,4139.23,8358.51,2,Yes
8707,1471,2025-12-23,3,Boutique,21,1,2018.96,2000.11,3,Yes
8708,497,2023-04-29,8,Boutique,17,1,1526.79,1618.02,3,Yes
8709,1367,2023-12-07,3,Boutique,12,2,7775.57,14374.62,3,Yes
8710,1852,2023-11-09,6,Boutique,4,2,2247.59,4428.63,2,Yes
8711,1023,2023-06-12,8,Boutique,9,3,7756.91,22686.14,4,Yes
8712,1773,2023-10-20,10,Boutique,15,1,3992.76,4129.53,3,Yes
8713,1490,2024-11-20,9,Boutique,15,1,3992.76,3681.38,3,Yes
8714,1320,2024-11-03,3,Online,18,2,1879.61,3855.97,3,Yes
8715,2121,2024-02-03,5,Online,27,1,356.86,348.09,3,Yes
8716,337,2025-06-27,10,Boutique,6,2,1450.79,2714.9,4,Yes
8717,203,2024-05-01,8,Boutique,2,1,2881.29,3102.73,4,Yes
8718,231,2025-11-13,6,Online,9,1,7756.91,7399.76,4,Yes
8719,809,2025-12-18,9,Online,5,1,1450.83,1415.81,5,Yes
8720,1329,2025-01-18,9,Boutique,25,1,464.55,442.78,3,Yes
8721,466,2023-08-28,1,Online,12,1,7775.57,7977.1,3,Yes
8722,1198,2023-11-07,6,Boutique,26,2,602.77,1260.03,4,Yes
8723,804,2023-11-17,4,Online,5,1,1450.83,1534.55,3,Yes
8724,266,2024-11-02,3,Private Client,12,1,7775.57,7540.43,5,Yes
8725,2126,2024-07-25,8,Boutique,25,3,464.55,1399.13,4,Yes
8726,1671,2024-02-18,10,Private Client,15,1,3992.76,4097.06,3,Yes
8727,176,2024-02-06,9,Boutique,2,1,2881.29,2941.0,4,Yes
8728,1445,2023-02-28,8,Boutique,11,2,3218.81,6660.13,5,Yes
8729,1596,2023-02-22,10,Boutique,23,1,395.7,412.78,3,Yes
8730,254,2025-12-23,3,Online,24,3,426.87,1198.13,4,Yes
8731,1544,2024-09-24,1,Boutique,19,1,1731.11,1639.24,5,Yes
8732,903,2023-10-13,1,Online,17,1,1526.79,1584.03,3,Yes
8733,2155,2023-01-18,1,Online,18,1,1879.61,1872.6,3,Yes
8734,1195,2025-10-25,4,Boutique,10,2,8420.05,16643.5,4,Yes
8735,2106,2023-06-09,5,Boutique,5,1,1450.83,1440.49,3,Yes
8736,1361,2023-05-22,10,Boutique,25,1,464.55,455.04,2,Yes
8737,84,2024-02-01,1,Online,21,3,2018.96,6145.13,3,Yes
8738,1141,2025-11-07,1,Private Client,17,1,1526.79,1483.63,3,Yes
8739,712,2024-08-02,3,Boutique,28,3,488.98,1499.05,5,Yes
8740,1558,2024-06-17,1,Boutique,1,1,1844.17,1756.43,3,Yes
8741,1762,2025-06-29,5,Boutique,13,2,7115.72,14818.21,3,Yes
8742,1941,2024-04-05,3,Boutique,2,1,2881.29,3011.11,3,Yes
8743,1807,2023-10-13,8,Boutique,17,1,1526.79,1545.97,4,Yes
8744,901,2025-10-25,6,Online,15,3,3992.76,11727.84,3,Yes
8745,657,2023-05-09,9,Private Client,8,1,9400.29,8669.92,3,Yes
8746,659,2025-08-13,6,Online,2,1,2881.29,2706.81,3,Yes
8747,851,2024-11-01,1,Boutique,28,2,488.98,912.19,4,Yes
8748,141,2024-05-13,1,Boutique,27,1,356.86,328.89,4,Yes
8749,1930,2023-10-03,4,Boutique,8,1,9400.29,9734.52,4,Yes
8750,1055,2023-01-29,4,Boutique,27,2,356.86,765.8,3,Yes
8751,1502,2025-10-01,5,Boutique,5,1,1450.83,1337.36,3,Yes
8752,111,2024-10-11,3,Boutique,17,3,1526.79,4296.53,4,Yes
8753,1092,2023-01-31,1,Online,4,2,2247.59,4754.59,3,Yes
8754,1719,2025-04-22,1,Boutique,12,1,7775.57,8010.08,4,Yes
8755,196,2023-12-02,3,Private Client,18,3,1879.61,5552.86,3,Yes
8756,126,2024-07-23,5,Boutique,6,1,1450.79,1565.18,3,Yes
8757,262,2023-11-09,6,Boutique,5,1,1450.83,1467.92,4,Yes
8758,924,2024-08-21,6,Boutique,28,2,488.98,1004.5,3,Yes
8759,1822,2025-05-14,6,Boutique,25,2,464.55,951.87,4,Yes
8760,1605,2024-01-06,6,Private Client,28,3,488.98,1401.86,3,Yes
8761,108,2025-03-15,2,Boutique,19,1,1731.11,1727.82,2,Yes
8762,2083,2023-11-10,1,Private Client,5,1,1450.83,1385.0,4,Yes
8763,655,2023-01-28,1,Boutique,10,2,8420.05,16865.6,3,Yes
8764,2014,2025-08-23,6,Boutique,23,1,395.7,365.99,4,Yes
8765,998,2025-10-26,5,Boutique,25,3,464.55,1367.33,4,Yes
8766,285,2024-04-17,1,Online,19,1,1731.11,1695.72,4,Yes
8767,1471,2025-11-22,3,Boutique,4,3,2247.59,6517.97,3,Yes
8768,27,2023-03-30,6,Private Client,13,1,7115.72,6636.67,4,Yes
8769,1592,2023-02-09,7,Boutique,13,1,7115.72,7424.22,3,Yes
8770,1392,2024-11-11,9,Boutique,17,1,1526.79,1507.36,4,Yes
8771,848,2024-01-10,1,Online,18,3,1879.61,5922.1,3,Yes
8772,1129,2025-09-24,1,Boutique,19,1,1731.11,1824.1,3,Yes
8773,18,2024-01-28,6,Boutique,26,1,602.77,575.15,4,Yes
8774,2091,2025-11-07,1,Online,23,1,395.7,390.72,2,Yes
8775,2137,2023-05-12,5,Boutique,23,2,395.7,819.38,3,Yes
8776,157,2023-10-17,2,Boutique,17,1,1526.79,1526.67,3,Yes
8777,1290,2025-03-16,7,Boutique,25,2,464.55,981.88,4,Yes
8778,2182,2023-07-28,9,Boutique,3,1,2487.59,2516.08,3,Yes
8779,1625,2023-11-23,2,Boutique,13,1,7115.72,7263.25,5,Yes
8780,1772,2025-09-18,1,Boutique,13,1,7115.72,7442.5,3,Yes
8781,1156,2024-05-17,9,Online,3,2,2487.59,4674.46,5,Yes
8782,1058,2023-10-06,4,Boutique,2,2,2881.29,5840.26,4,Yes
8783,2131,2025-02-26,4,Online,15,3,3992.76,11183.75,3,Yes
8784,1156,2025-10-03,9,Boutique,3,1,2487.59,2392.29,4,Yes
8785,204,2025-08-09,5,Boutique,22,1,1263.19,1205.1,3,Yes
8786,1823,2023-10-04,2,Boutique,16,2,4000.34,8086.54,4,Yes
8787,1360,2023-10-25,1,Online,10,2,8420.05,17766.72,5,Yes
8788,962,2024-03-08,8,Online,20,2,1505.97,2834.99,3,Yes
8789,442,2025-10-06,10,Boutique,2,1,2881.29,3005.02,2,Yes
8790,1316,2025-12-31,6,Boutique,15,2,3992.76,7529.47,3,Yes
8791,1149,2023-11-13,7,Online,8,2,9400.29,17867.08,3,Yes
8792,1687,2025-11-10,1,Online,13,1,7115.72,7590.41,5,Yes
8793,871,2023-05-01,1,Online,1,1,1844.17,1699.51,4,Yes
8794,1199,2024-10-14,3,Boutique,26,3,602.77,1720.68,2,Yes
8795,1908,2023-10-31,8,Online,24,1,426.87,407.44,3,Yes
8796,1516,2025-07-24,2,Online,2,1,2881.29,2780.74,3,Yes
8797,80,2024-12-21,7,Boutique,9,3,7756.91,22762.17,4,Yes
8798,1329,2024-05-10,9,Boutique,20,2,1505.97,2820.71,2,Yes
8799,1368,2023-07-04,8,Boutique,20,1,1505.97,1498.37,4,No
8800,570,2025-06-06,1,Boutique,23,1,395.7,389.33,3,Yes
8801,1115,2025-03-18,6,Private Client,19,1,1731.11,1765.71,3,Yes
8802,399,2023-11-28,4,Private Client,12,1,7775.57,8232.8,4,Yes
8803,821,2024-12-13,5,Boutique,12,1,7775.57,7523.92,3,Yes
8804,845,2024-07-29,6,Boutique,10,1,8420.05,8482.68,4,Yes
8805,1277,2023-12-16,6,Online,19,1,1731.11,1695.48,3,Yes
8806,358,2025-04-17,8,Boutique,20,1,1505.97,1395.19,4,Yes
8807,1423,2023-11-16,5,Boutique,10,2,8420.05,17705.21,3,Yes
8808,521,2024-06-20,5,Boutique,19,2,1731.11,3536.57,4,Yes
8809,393,2024-02-16,8,Boutique,26,2,602.77,1109.52,3,Yes
8810,1667,2025-06-24,3,Boutique,24,2,426.87,819.53,4,Yes
8811,1396,2024-06-16,1,Boutique,9,1,7756.91,7519.85,2,Yes
8812,893,2024-05-16,8,Boutique,5,1,1450.83,1523.15,3,Yes
8813,984,2025-07-02,10,Private Client,28,1,488.98,509.38,5,Yes
8814,583,2025-12-27,1,Private Client,3,3,2487.59,7338.76,3,Yes
8815,1956,2025-11-30,5,Online,23,3,395.7,1122.02,3,Yes
8816,20,2024-06-10,5,Boutique,19,1,1731.11,1699.54,3,Yes
8817,1974,2024-12-11,1,Boutique,22,1,1263.19,1325.87,4,Yes
8818,19,2025-01-19,2,Online,27,2,356.86,708.28,4,Yes
8819,1643,2025-08-13,3,Private Client,4,1,2247.59,2109.45,4,Yes
8820,889,2023-04-22,2,Boutique,23,1,395.7,366.48,4,Yes
8821,1884,2024-04-07,8,Boutique,14,1,4139.23,4028.85,4,No
8822,726,2023-02-21,3,Boutique,6,2,1450.79,2738.33,4,Yes
8823,147,2023-09-12,6,Boutique,13,1,7115.72,7394.7,3,Yes
8824,1717,2023-10-27,4,Boutique,28,3,488.98,1415.01,5,Yes
8825,1528,2025-08-15,1,Private Client,7,3,4390.12,13965.75,4,Yes
8826,848,2024-03-02,1,Boutique,12,1,7775.57,7921.56,3,Yes
8827,1464,2025-09-16,3,Boutique,28,2,488.98,961.32,2,Yes
8828,1311,2023-11-03,1,Private Client,20,1,1505.97,1532.49,2,Yes
8829,565,2023-04-09,1,Boutique,28,2,488.98,945.91,4,Yes
8830,369,2023-05-01,8,Online,28,1,488.98,460.92,3,Yes
8831,1264,2025-11-19,1,Boutique,14,3,4139.23,13339.93,3,Yes
8832,1311,2023-08-18,1,Private Client,13,2,7115.72,14375.26,4,Yes
8833,1819,2024-10-12,1,Boutique,11,1,3218.81,2965.08,3,Yes
8834,1888,2025-11-20,6,Private Client,6,1,1450.79,1406.76,5,Yes
8835,60,2024-09-20,6,Boutique,26,2,602.77,1139.87,4,Yes
8836,545,2025-08-05,3,Boutique,7,1,4390.12,4220.26,4,Yes
8837,1268,2024-05-31,1,Boutique,10,1,8420.05,7821.51,4,Yes
8838,1708,2025-04-24,9,Boutique,24,1,426.87,409.46,2,Yes
8839,1231,2025-04-12,1,Boutique,26,1,602.77,620.42,4,Yes
8840,1046,2025-03-30,1,Private Client,15,1,3992.76,4197.58,3,Yes
8841,559,2025-03-21,1,Boutique,9,1,7756.91,7567.51,4,Yes
8842,1513,2025-01-31,6,Online,3,1,2487.59,2496.53,3,No
8843,1968,2023-11-15,6,Boutique,5,1,1450.83,1344.46,4,Yes
8844,670,2023-04-21,6,Online,28,2,488.98,913.93,4,Yes
8845,258,2025-03-17,1,Boutique,10,1,8420.05,8490.0,2,Yes
8846,1071,2025-11-06,7,Private Client,15,3,3992.76,12631.0,4,Yes
8847,1051,2024-05-01,1,Boutique,3,1,2487.59,2323.6,5,Yes
8848,1051,2025-03-21,1,Boutique,21,3,2018.96,5977.94,4,Yes
8849,2005,2024-05-31,4,Boutique,18,2,1879.61,4042.17,3,Yes
8850,145,2025-04-14,5,Online,3,2,2487.59,5165.27,3,Yes
8851,801,2024-09-15,7,Online,7,3,4390.12,12533.13,4,Yes
8852,1486,2025-11-13,1,Online,24,3,426.87,1236.59,3,Yes
8853,673,2024-07-09,5,Boutique,21,3,2018.96,6490.96,5,Yes
8854,327,2024-05-11,1,Online,14,1,4139.23,3954.45,4,Yes
8855,1415,2025-06-06,6,Private Client,16,1,4000.34,3962.52,4,Yes
8856,630,2024-01-17,3,Boutique,19,1,1731.11,1691.12,4,Yes
8857,2020,2023-08-04,6,Boutique,4,3,2247.59,6732.02,5,Yes
8858,2132,2025-01-25,7,Online,3,1,2487.59,2382.75,3,Yes
8859,2194,2024-06-26,5,Boutique,3,2,2487.59,5109.19,4,Yes
8860,2029,2025-07-04,4,Online,9,1,7756.91,7427.51,4,Yes
8861,1195,2025-10-31,4,Boutique,4,1,2247.59,2284.31,4,Yes
8862,2025,2023-03-23,1,Private Client,22,1,1263.19,1234.44,3,Yes
8863,1358,2025-09-20,2,Private Client,19,2,1731.11,3324.55,3,Yes
8864,1550,2023-06-15,6,Online,24,2,426.87,880.38,4,Yes
8865,569,2023-07-27,6,Boutique,28,3,488.98,1576.14,4,Yes
8866,1946,2023-01-24,5,Boutique,11,1,3218.81,3409.04,4,Yes
8867,347,2025-03-17,1,Private Client,15,1,3992.76,3728.81,3,Yes
8868,408,2025-06-05,6,Online,4,2,2247.59,4462.39,4,Yes
8869,133,2024-11-21,3,Online,8,1,9400.29,9693.25,4,Yes
8870,614,2023-11-28,2,Boutique,2,2,2881.29,5820.31,3,Yes
8871,106,2025-09-28,3,Boutique,25,1,464.55,481.37,3,Yes
8872,262,2023-08-29,6,Boutique,18,3,1879.61,6067.49,3,Yes
8873,494,2025-04-15,3,Boutique,3,1,2487.59,2424.81,5,Yes
8874,1475,2023-06-30,1,Online,3,3,2487.59,7786.2,2,Yes
8875,290,2023-03-31,1,Online,21,3,2018.96,5663.49,5,Yes
8876,1869,2024-03-14,6,Boutique,19,1,1731.11,1833.52,4,Yes
8877,1338,2024-06-26,1,Online,12,1,7775.57,8121.97,3,Yes
8878,2133,2023-07-12,6,Online,24,2,426.87,856.6,1,Yes
8879,1439,2024-05-02,10,Online,14,1,4139.23,4351.84,2,Yes
8880,1353,2024-09-03,1,Boutique,26,1,602.77,618.84,3,Yes
8881,45,2025-08-12,1,Boutique,23,2,395.7,798.01,3,Yes
8882,815,2025-12-06,1,Private Client,27,2,356.86,764.65,4,Yes
8883,465,2023-05-26,2,Boutique,13,3,7115.72,20084.31,4,Yes
8884,200,2025-10-23,3,Online,16,1,4000.34,4315.87,4,No
8885,329,2023-11-23,1,Online,17,1,1526.79,1442.37,5,Yes
8886,1908,2025-09-14,8,Online,22,2,1263.19,2518.37,3,Yes
8887,798,2023-06-02,9,Private Client,18,1,1879.61,1798.84,4,Yes
8888,702,2024-02-06,1,Online,13,2,7115.72,13712.08,4,Yes
8889,2022,2025-03-30,1,Boutique,24,1,426.87,435.87,3,Yes
8890,1925,2024-05-02,6,Boutique,26,1,602.77,557.9,3,Yes
8891,1402,2023-03-08,8,Boutique,13,2,7115.72,15235.03,4,Yes
8892,2120,2023-03-30,3,Boutique,8,2,9400.29,18137.66,5,No
8893,1438,2023-07-21,1,Boutique,7,1,4390.12,4230.34,4,Yes
8894,127,2024-03-03,10,Boutique,8,3,9400.29,29841.32,4,Yes
8895,1511,2025-07-28,1,Boutique,17,1,1526.79,1591.49,4,Yes
8896,1621,2023-12-05,8,Boutique,24,1,426.87,438.6,3,Yes
8897,482,2023-03-20,6,Private Client,1,1,1844.17,1739.82,4,Yes
8898,1336,2024-01-13,6,Online,3,2,2487.59,5189.8,4,Yes
8899,283,2023-06-14,4,Private Client,4,1,2247.59,2197.52,4,Yes
8900,2122,2025-01-18,8,Boutique,19,2,1731.11,3735.81,4,Yes
8901,2045,2025-07-25,1,Boutique,28,1,488.98,502.38,3,Yes
8902,239,2023-06-04,6,Boutique,2,3,2881.29,9108.42,3,Yes
8903,1421,2025-11-29,10,Boutique,11,2,3218.81,6678.42,5,Yes
8904,341,2023-06-18,1,Boutique,11,3,3218.81,9802.03,4,Yes
8905,892,2025-12-29,1,Boutique,19,1,1731.11,1791.03,4,Yes
8906,1487,2025-03-02,1,Boutique,25,1,464.55,471.8,4,Yes
8907,462,2025-09-29,9,Online,28,3,488.98,1361.6,2,Yes
8908,1317,2023-12-20,7,Online,2,3,2881.29,8430.23,2,Yes
8909,798,2023-11-24,9,Boutique,5,1,1450.83,1408.21,4,Yes
8910,733,2024-05-12,1,Boutique,19,1,1731.11,1790.38,2,Yes
8911,162,2023-12-11,1,Boutique,9,2,7756.91,15702.9,3,Yes
8912,1479,2024-10-04,6,Boutique,7,3,4390.12,13403.19,4,Yes
8913,1010,2025-02-27,6,Private Client,26,1,602.77,636.23,3,Yes
8914,132,2024-01-12,6,Online,12,2,7775.57,15614.11,2,Yes
8915,1858,2024-03-09,4,Boutique,28,1,488.98,466.94,3,Yes
8916,2168,2024-05-15,4,Boutique,19,1,1731.11,1596.07,3,Yes
8917,1916,2024-06-04,6,Online,18,2,1879.61,3554.42,3,Yes
8918,1243,2024-07-15,6,Boutique,28,1,488.98,452.25,4,Yes
8919,672,2024-05-27,5,Private Client,18,1,1879.61,1800.54,3,Yes
8920,505,2024-05-30,10,Online,21,1,2018.96,2062.57,2,Yes
8921,2157,2024-05-11,6,Boutique,9,1,7756.91,7324.28,3,Yes
8922,1262,2024-08-24,1,Boutique,2,1,2881.29,2688.55,4,Yes
8923,293,2025-10-11,5,Online,2,1,2881.29,3098.36,3,Yes
8924,2011,2024-10-28,1,Boutique,15,1,3992.76,4310.2,3,Yes
8925,828,2023-12-31,1,Online,24,2,426.87,872.46,3,Yes
8926,187,2025-08-24,6,Boutique,16,3,4000.34,11249.4,2,Yes
8927,1060,2023-12-30,1,Boutique,28,2,488.98,1028.27,3,Yes
8928,1459,2023-04-18,3,Online,14,1,4139.23,4165.2,3,Yes
8929,1643,2025-11-03,3,Boutique,19,1,1731.11,1643.05,5,Yes
8930,1032,2025-11-12,6,Boutique,15,1,3992.76,4041.12,4,Yes
8931,1202,2024-09-14,4,Boutique,3,1,2487.59,2304.26,4,Yes
8932,2089,2023-11-17,4,Online,6,1,1450.79,1560.46,4,Yes
8933,2161,2024-05-24,8,Online,6,1,1450.79,1526.46,4,Yes
8934,854,2024-11-02,6,Boutique,22,3,1263.19,3644.52,4,Yes
8935,2126,2025-11-30,8,Online,21,1,2018.96,1992.77,3,Yes
8936,719,2023-10-31,3,Boutique,20,2,1505.97,2961.48,3,Yes
8937,1847,2025-08-26,7,Boutique,28,2,488.98,1034.52,2,Yes
8938,878,2023-12-31,9,Online,9,1,7756.91,7576.5,3,Yes
8939,402,2025-01-07,1,Online,11,2,3218.81,5972.03,3,Yes
8940,64,2025-09-15,6,Boutique,4,2,2247.59,4289.98,3,Yes
8941,1449,2025-10-17,8,Boutique,14,3,4139.23,11852.58,3,Yes
8942,373,2023-06-01,1,Boutique,13,1,7115.72,7627.19,5,Yes
8943,306,2023-09-16,1,Online,15,1,3992.76,4263.66,3,Yes
8944,932,2024-12-07,7,Boutique,17,1,1526.79,1478.08,3,Yes
8945,1991,2023-08-11,1,Boutique,8,2,9400.29,17304.86,5,Yes
8946,1416,2023-08-18,4,Boutique,11,1,3218.81,3227.56,4,Yes
8947,362,2024-03-14,8,Boutique,24,1,426.87,447.17,4,Yes
8948,1288,2023-05-30,6,Online,11,2,3218.81,6199.28,4,Yes
8949,716,2025-06-28,5,Boutique,16,2,4000.34,7922.65,3,Yes
8950,1646,2025-09-04,8,Boutique,3,2,2487.59,4714.71,3,Yes
8951,543,2024-09-26,5,Boutique,25,1,464.55,451.72,4,Yes
8952,1548,2024-02-03,1,Boutique,23,3,395.7,1236.27,4,Yes
8953,1663,2024-09-13,1,Boutique,15,1,3992.76,3946.94,3,Yes
8954,652,2023-05-23,8,Boutique,13,1,7115.72,7055.69,3,Yes
8955,1051,2025-08-05,1,Boutique,7,1,4390.12,4593.51,4,Yes
8956,1070,2025-12-29,1,Online,5,1,1450.83,1511.87,4,Yes
8957,647,2023-02-23,4,Online,28,1,488.98,464.5,3,Yes
8958,1853,2025-04-23,6,Boutique,12,1,7775.57,7670.16,3,Yes
8959,1082,2025-07-26,1,Boutique,3,2,2487.59,5252.88,2,Yes
8960,949,2024-07-05,6,Boutique,26,1,602.77,598.6,2,Yes
8961,961,2025-11-16,1,Boutique,12,1,7775.57,7976.82,3,Yes
8962,2097,2023-10-26,10,Online,5,1,1450.83,1405.79,4,Yes
8963,803,2024-11-22,1,Private Client,19,1,1731.11,1609.12,4,Yes
8964,1681,2024-07-11,6,Online,19,2,1731.11,3276.59,5,Yes
8965,1608,2024-03-20,1,Boutique,1,1,1844.17,1815.17,3,Yes
8966,1403,2023-04-08,4,Online,20,2,1505.97,2941.32,3,Yes
8967,2058,2023-02-27,5,Boutique,25,2,464.55,987.91,4,Yes
8968,726,2023-06-26,3,Online,12,1,7775.57,7832.33,3,Yes
8969,1405,2024-12-19,5,Boutique,22,1,1263.19,1288.89,4,Yes
8970,203,2024-10-27,8,Boutique,22,2,1263.19,2602.65,3,Yes
8971,942,2025-11-16,5,Boutique,6,3,1450.79,4374.39,3,Yes
8972,589,2023-11-19,1,Boutique,21,1,2018.96,2106.06,4,Yes
8973,571,2024-11-05,1,Online,18,1,1879.61,1964.75,4,Yes
8974,196,2025-04-25,3,Online,21,1,2018.96,1970.95,2,Yes
8975,1346,2023-03-31,5,Online,16,1,4000.34,3734.58,4,Yes
8976,418,2023-05-11,10,Private Client,11,1,3218.81,3469.29,4,No
8977,1643,2025-11-18,3,Boutique,10,2,8420.05,17224.38,1,Yes
8978,1366,2024-10-23,5,Boutique,3,1,2487.59,2570.74,4,Yes
8979,9,2023-02-27,2,Boutique,26,3,602.77,1882.58,4,Yes
8980,532,2025-12-16,6,Online,27,3,356.86,1089.93,3,Yes
8981,149,2025-09-20,6,Boutique,18,1,1879.61,1870.86,2,Yes
8982,1553,2025-11-14,1,Boutique,12,1,7775.57,8378.54,5,Yes
8983,1036,2023-07-09,4,Boutique,14,2,4139.23,8580.0,3,Yes
8984,476,2025-08-16,8,Private Client,4,1,2247.59,2371.96,5,Yes
8985,1618,2023-03-17,7,Private Client,10,3,8420.05,25016.34,3,Yes
8986,1980,2024-01-06,7,Boutique,25,1,464.55,494.64,4,Yes
8987,1077,2025-06-17,10,Online,7,3,4390.12,13659.56,4,Yes
8988,206,2025-04-30,5,Boutique,16,1,4000.34,4157.88,4,Yes
8989,745,2024-05-20,1,Boutique,26,2,602.77,1125.86,2,Yes
8990,913,2023-07-02,2,Online,9,1,7756.91,7902.69,3,No
8991,54,2023-06-03,6,Boutique,3,1,2487.59,2422.0,4,Yes
8992,1604,2025-06-21,3,Boutique,2,1,2881.29,2959.2,2,Yes
8993,1827,2025-11-12,9,Online,25,1,464.55,469.62,3,Yes
8994,344,2024-06-09,1,Online,6,1,1450.79,1360.54,4,Yes
8995,1193,2024-08-28,10,Private Client,10,1,8420.05,8460.45,3,Yes
8996,1933,2025-05-28,1,Boutique,4,1,2247.59,2230.06,4,Yes
8997,1185,2025-12-11,1,Boutique,4,2,2247.59,4694.01,5,Yes
8998,703,2023-12-05,1,Boutique,10,1,8420.05,8423.6,3,Yes
8999,1311,2025-11-30,1,Private Client,10,1,8420.05,8394.67,4,Yes
9000,1899,2024-06-01,6,Boutique,13,3,7115.72,22096.84,3,Yes
